distance,physical_error_probability,algorithm,seed,windows,logical_failure,wall_seconds
3,0.0005,belief_matching,0,9,False,1.48067
3,0.0005,belief_matching,1,9,False,0.013026
3,0.0005,belief_matching,2,9,False,0.012745
3,0.0005,belief_matching,3,9,False,0.013287
3,0.0005,belief_matching,4,9,False,0.013548
3,0.0005,belief_matching,5,9,False,0.012696
3,0.0005,belief_matching,6,9,False,0.021771
3,0.0005,belief_matching,7,9,False,0.013005
3,0.0005,belief_matching,8,9,False,0.012637
3,0.0005,belief_matching,9,9,False,0.01357
3,0.0005,belief_matching,10,9,False,0.012694
3,0.0005,belief_matching,11,9,False,0.013277
3,0.0005,belief_matching,12,9,False,0.016252
3,0.0005,belief_matching,13,9,False,0.012689
3,0.0005,belief_matching,14,9,False,0.013242
3,0.0005,belief_matching,15,9,False,0.013243
3,0.0005,belief_matching,16,9,False,0.012797
3,0.0005,belief_matching,17,9,False,0.015324
3,0.0005,belief_matching,18,9,False,0.013513
3,0.0005,belief_matching,19,9,False,0.012637
3,0.0005,belief_matching,20,9,False,0.016175
3,0.0005,belief_matching,21,9,False,0.012609
3,0.0005,belief_matching,22,9,False,0.013596
3,0.0005,belief_matching,23,9,False,0.013407
3,0.0005,belief_matching,24,9,False,0.012835
3,0.0005,belief_matching,25,9,False,0.012542
3,0.0005,belief_matching,26,9,False,0.012559
3,0.0005,belief_matching,27,9,False,0.013187
3,0.0005,belief_matching,28,9,False,0.012637
3,0.0005,belief_matching,29,9,False,0.013713
3,0.0005,belief_matching,30,9,False,0.01257
3,0.0005,belief_matching,31,9,False,0.013165
3,0.0005,belief_matching,32,9,False,0.013209
3,0.0005,belief_matching,33,9,False,0.012611
3,0.0005,belief_matching,34,9,False,0.013221
3,0.0005,belief_matching,35,9,False,0.01381
3,0.0005,belief_matching,36,9,False,0.012584
3,0.0005,belief_matching,37,9,False,0.012834
3,0.0005,belief_matching,38,9,False,0.013238
3,0.0005,belief_matching,39,9,False,0.012662
3,0.0005,belief_matching,40,9,False,0.015802
3,0.0005,belief_matching,41,9,False,0.013163
3,0.0005,belief_matching,42,9,False,0.01303
3,0.0005,belief_matching,43,9,False,0.015981
3,0.0005,belief_matching,44,9,False,0.016197
3,0.0005,belief_matching,45,9,False,0.01339
3,0.0005,belief_matching,46,9,False,0.012551
3,0.0005,belief_matching,47,9,False,0.013243
3,0.0005,belief_matching,48,9,False,0.013095
3,0.0005,belief_matching,49,9,False,0.012536
3,0.0005,belief_matching,50,9,False,0.013106
3,0.0005,belief_matching,51,9,False,0.01267
3,0.0005,belief_matching,52,9,False,0.012582
3,0.0005,belief_matching,53,9,False,0.01258
3,0.0005,belief_matching,54,9,False,0.019069
3,0.0005,belief_matching,55,9,False,0.012638
3,0.0005,belief_matching,56,9,False,0.013222
3,0.0005,belief_matching,57,9,False,0.013756
3,0.0005,belief_matching,58,9,False,0.012652
3,0.0005,belief_matching,59,9,False,0.013341
3,0.0005,belief_matching,60,9,False,0.013099
3,0.0005,belief_matching,61,9,False,0.013975
3,0.0005,belief_matching,62,9,False,0.012618
3,0.0005,belief_matching,63,9,False,0.012655
3,0.0005,belief_matching,64,9,False,0.012651
3,0.0005,belief_matching,65,9,False,0.012561
3,0.0005,belief_matching,66,9,False,0.013205
3,0.0005,belief_matching,67,9,False,0.01271
3,0.0005,belief_matching,68,9,False,0.012661
3,0.0005,belief_matching,69,9,False,0.013969
3,0.0005,belief_matching,70,9,False,0.01258
3,0.0005,belief_matching,71,9,False,0.012726
3,0.0005,belief_matching,72,9,False,0.013198
3,0.0005,belief_matching,73,9,False,0.012622
3,0.0005,belief_matching,74,9,False,0.012572
3,0.0005,belief_matching,75,9,False,0.018818
3,0.0005,belief_matching,76,9,False,0.013837
3,0.0005,belief_matching,77,9,False,0.013714
3,0.0005,belief_matching,78,9,False,0.01387
3,0.0005,belief_matching,79,9,False,0.013293
3,0.0005,belief_matching,80,9,False,0.013444
3,0.0005,belief_matching,81,9,False,0.013222
3,0.0005,belief_matching,82,9,False,0.012582
3,0.0005,belief_matching,83,9,False,0.013193
3,0.0005,belief_matching,84,9,False,0.012646
3,0.0005,belief_matching,85,9,False,0.013161
3,0.0005,belief_matching,86,9,False,0.013717
3,0.0005,belief_matching,87,9,False,0.012691
3,0.0005,belief_matching,88,9,False,0.012542
3,0.0005,belief_matching,89,9,False,0.013207
3,0.0005,belief_matching,90,9,False,0.013012
3,0.0005,belief_matching,91,9,False,0.012762
3,0.0005,belief_matching,92,9,False,0.012766
3,0.0005,belief_matching,93,9,False,0.013222
3,0.0005,belief_matching,94,9,False,0.013142
3,0.0005,belief_matching,95,9,False,0.01262
3,0.0005,belief_matching,96,9,False,0.018442
3,0.0005,belief_matching,97,9,False,0.013758
3,0.0005,belief_matching,98,9,False,0.012632
3,0.0005,belief_matching,99,9,False,0.012672
3,0.001,belief_matching,0,9,False,1.046625
3,0.001,belief_matching,1,9,False,0.012033
3,0.001,belief_matching,2,9,False,0.012178
3,0.001,belief_matching,3,9,False,0.012052
3,0.001,belief_matching,4,9,False,0.012484
3,0.001,belief_matching,5,9,False,0.012534
3,0.001,belief_matching,6,9,False,0.012686
3,0.001,belief_matching,7,9,False,0.011649
3,0.001,belief_matching,8,9,False,0.01185
3,0.001,belief_matching,9,9,False,0.013151
3,0.001,belief_matching,10,9,False,0.013369
3,0.001,belief_matching,11,9,False,0.013678
3,0.001,belief_matching,12,9,False,0.018953
3,0.001,belief_matching,13,9,False,0.016302
3,0.001,belief_matching,14,9,False,0.019921
3,0.001,belief_matching,15,9,False,0.016384
3,0.001,belief_matching,16,9,False,0.014296
3,0.001,belief_matching,17,9,False,0.013406
3,0.001,belief_matching,18,9,False,0.013212
3,0.001,belief_matching,19,9,False,0.012865
3,0.001,belief_matching,20,9,False,0.014083
3,0.001,belief_matching,21,9,False,0.013084
3,0.001,belief_matching,22,9,False,0.017395
3,0.001,belief_matching,23,9,False,0.014781
3,0.001,belief_matching,24,9,False,0.013181
3,0.001,belief_matching,25,9,False,0.013055
3,0.001,belief_matching,26,9,False,0.012683
3,0.001,belief_matching,27,9,False,0.013223
3,0.001,belief_matching,28,9,False,0.013479
3,0.001,belief_matching,29,9,False,0.016399
3,0.001,belief_matching,30,9,False,0.013326
3,0.001,belief_matching,31,9,False,0.014564
3,0.001,belief_matching,32,9,False,0.013079
3,0.001,belief_matching,33,9,False,0.013023
3,0.001,belief_matching,34,9,False,0.012835
3,0.001,belief_matching,35,9,False,0.012475
3,0.001,belief_matching,36,9,False,0.011336
3,0.001,belief_matching,37,9,False,0.0119
3,0.001,belief_matching,38,9,False,0.011755
3,0.001,belief_matching,39,9,False,0.016735
3,0.001,belief_matching,40,9,False,0.01186
3,0.001,belief_matching,41,9,False,0.011717
3,0.001,belief_matching,42,9,False,0.011856
3,0.001,belief_matching,43,9,False,0.014713
3,0.001,belief_matching,44,9,False,0.01428
3,0.001,belief_matching,45,9,False,0.017045
3,0.001,belief_matching,46,9,False,0.011517
3,0.001,belief_matching,47,9,False,0.011722
3,0.001,belief_matching,48,9,False,0.011957
3,0.001,belief_matching,49,9,False,0.011378
3,0.001,belief_matching,50,9,False,0.012724
3,0.001,belief_matching,51,9,False,0.011386
3,0.001,belief_matching,52,9,False,0.011423
3,0.001,belief_matching,53,9,False,0.011355
3,0.001,belief_matching,54,9,False,0.01708
3,0.001,belief_matching,55,9,False,0.011455
3,0.001,belief_matching,56,9,False,0.011762
3,0.001,belief_matching,57,9,False,0.012786
3,0.001,belief_matching,58,9,False,0.011859
3,0.001,belief_matching,59,9,False,0.011782
3,0.001,belief_matching,60,9,False,0.016555
3,0.001,belief_matching,61,9,False,0.012597
3,0.001,belief_matching,62,9,False,0.011865
3,0.001,belief_matching,63,9,False,0.012636
3,0.001,belief_matching,64,9,False,0.011327
3,0.001,belief_matching,65,9,False,0.011786
3,0.001,belief_matching,66,9,False,0.012159
3,0.001,belief_matching,67,9,False,0.01179
3,0.001,belief_matching,68,9,False,0.011306
3,0.001,belief_matching,69,9,False,0.01226
3,0.001,belief_matching,70,9,False,0.01209
3,0.001,belief_matching,71,9,False,0.011391
3,0.001,belief_matching,72,9,False,0.017096
3,0.001,belief_matching,73,9,False,0.011803
3,0.001,belief_matching,74,9,False,0.011936
3,0.001,belief_matching,75,9,False,0.017367
3,0.001,belief_matching,76,9,False,0.01449
3,0.001,belief_matching,77,9,False,0.012082
3,0.001,belief_matching,78,9,False,0.012339
3,0.001,belief_matching,79,9,False,0.014242
3,0.001,belief_matching,80,9,False,0.017108
3,0.001,belief_matching,81,9,False,0.012377
3,0.001,belief_matching,82,9,False,0.019577
3,0.001,belief_matching,83,9,False,0.014323
3,0.001,belief_matching,84,9,False,0.011366
3,0.001,belief_matching,85,9,False,0.011905
3,0.001,belief_matching,86,9,False,0.012294
3,0.001,belief_matching,87,9,False,0.014275
3,0.001,belief_matching,88,9,False,0.011952
3,0.001,belief_matching,89,9,False,0.012239
3,0.001,belief_matching,90,9,False,0.011538
3,0.001,belief_matching,91,9,False,0.011755
3,0.001,belief_matching,92,9,False,0.011506
3,0.001,belief_matching,93,9,False,0.01181
3,0.001,belief_matching,94,9,False,0.01521
3,0.001,belief_matching,95,9,False,0.011951
3,0.001,belief_matching,96,9,False,0.01185
3,0.001,belief_matching,97,9,True,0.017015
3,0.001,belief_matching,98,9,False,0.011962
3,0.001,belief_matching,99,9,False,0.011579
3,0.002,belief_matching,0,9,False,1.001303
3,0.002,belief_matching,1,9,False,0.0121
3,0.002,belief_matching,2,9,False,0.012018
3,0.002,belief_matching,3,9,False,0.012419
3,0.002,belief_matching,4,9,True,0.019923
3,0.002,belief_matching,5,9,False,0.012343
3,0.002,belief_matching,6,9,False,0.020469
3,0.002,belief_matching,7,9,False,0.0115
3,0.002,belief_matching,8,9,False,0.01712
3,0.002,belief_matching,9,9,False,0.012036
3,0.002,belief_matching,10,9,False,0.015206
3,0.002,belief_matching,11,9,False,0.013032
3,0.002,belief_matching,12,9,False,0.015483
3,0.002,belief_matching,13,9,False,0.012032
3,0.002,belief_matching,14,9,False,0.013087
3,0.002,belief_matching,15,9,False,0.01383
3,0.002,belief_matching,16,9,False,0.021448
3,0.002,belief_matching,17,9,False,0.019201
3,0.002,belief_matching,18,9,False,0.013234
3,0.002,belief_matching,19,9,False,0.013011
3,0.002,belief_matching,20,9,False,0.013775
3,0.002,belief_matching,21,9,False,0.018789
3,0.002,belief_matching,22,9,False,0.014791
3,0.002,belief_matching,23,9,False,0.013816
3,0.002,belief_matching,24,9,False,0.016412
3,0.002,belief_matching,25,9,False,0.013326
3,0.002,belief_matching,26,9,False,0.015445
3,0.002,belief_matching,27,9,False,0.018891
3,0.002,belief_matching,28,9,False,0.013
3,0.002,belief_matching,29,9,False,0.013477
3,0.002,belief_matching,30,9,False,0.012932
3,0.002,belief_matching,31,9,False,0.025234
3,0.002,belief_matching,32,9,False,0.024658
3,0.002,belief_matching,33,9,True,0.019212
3,0.002,belief_matching,34,9,False,0.013861
3,0.002,belief_matching,35,9,False,0.019563
3,0.002,belief_matching,36,9,False,0.012211
3,0.002,belief_matching,37,9,False,0.013307
3,0.002,belief_matching,38,9,False,0.011774
3,0.002,belief_matching,39,9,False,0.019318
3,0.002,belief_matching,40,9,False,0.017153
3,0.002,belief_matching,41,9,False,0.011475
3,0.002,belief_matching,42,9,False,0.011627
3,0.002,belief_matching,43,9,False,0.014981
3,0.002,belief_matching,44,9,False,0.019656
3,0.002,belief_matching,45,9,False,0.01732
3,0.002,belief_matching,46,9,False,0.01412
3,0.002,belief_matching,47,9,False,0.01147
3,0.002,belief_matching,48,9,False,0.017267
3,0.002,belief_matching,49,9,False,0.016568
3,0.002,belief_matching,50,9,False,0.017372
3,0.002,belief_matching,51,9,False,0.011213
3,0.002,belief_matching,52,9,False,0.014344
3,0.002,belief_matching,53,9,False,0.011527
3,0.002,belief_matching,54,9,False,0.01187
3,0.002,belief_matching,55,9,False,0.01773
3,0.002,belief_matching,56,9,False,0.011475
3,0.002,belief_matching,57,9,False,0.012332
3,0.002,belief_matching,58,9,False,0.012981
3,0.002,belief_matching,59,9,False,0.011777
3,0.002,belief_matching,60,9,False,0.014006
3,0.002,belief_matching,61,9,False,0.015235
3,0.002,belief_matching,62,9,False,0.012087
3,0.002,belief_matching,63,9,False,0.01209
3,0.002,belief_matching,64,9,False,0.011827
3,0.002,belief_matching,65,9,False,0.013854
3,0.002,belief_matching,66,9,False,0.012305
3,0.002,belief_matching,67,9,False,0.011563
3,0.002,belief_matching,68,9,False,0.014523
3,0.002,belief_matching,69,9,False,0.011655
3,0.002,belief_matching,70,9,False,0.014853
3,0.002,belief_matching,71,9,False,0.011824
3,0.002,belief_matching,72,9,False,0.01777
3,0.002,belief_matching,73,9,False,0.016545
3,0.002,belief_matching,74,9,False,0.013902
3,0.002,belief_matching,75,9,False,0.012088
3,0.002,belief_matching,76,9,False,0.014461
3,0.002,belief_matching,77,9,False,0.011705
3,0.002,belief_matching,78,9,False,0.012339
3,0.002,belief_matching,79,9,False,0.014736
3,0.002,belief_matching,80,9,False,0.016563
3,0.002,belief_matching,81,9,False,0.01242
3,0.002,belief_matching,82,9,False,0.011805
3,0.002,belief_matching,83,9,False,0.013921
3,0.002,belief_matching,84,9,False,0.013997
3,0.002,belief_matching,85,9,False,0.012114
3,0.002,belief_matching,86,9,False,0.012035
3,0.002,belief_matching,87,9,False,0.011836
3,0.002,belief_matching,88,9,False,0.01266
3,0.002,belief_matching,89,9,False,0.013085
3,0.002,belief_matching,90,9,False,0.012383
3,0.002,belief_matching,91,9,False,0.016988
3,0.002,belief_matching,92,9,False,0.01143
3,0.002,belief_matching,93,9,False,0.012028
3,0.002,belief_matching,94,9,False,0.014705
3,0.002,belief_matching,95,9,False,0.013658
3,0.002,belief_matching,96,9,False,0.011995
3,0.002,belief_matching,97,9,False,0.019288
3,0.002,belief_matching,98,9,False,0.011674
3,0.002,belief_matching,99,9,False,0.011493
3,0.003,belief_matching,0,9,False,1.427907
3,0.003,belief_matching,1,9,False,0.012183
3,0.003,belief_matching,2,9,False,0.012187
3,0.003,belief_matching,3,9,False,0.015614
3,0.003,belief_matching,4,9,False,0.022793
3,0.003,belief_matching,5,9,False,0.012621
3,0.003,belief_matching,6,9,True,0.014206
3,0.003,belief_matching,7,9,False,0.012733
3,0.003,belief_matching,8,9,False,0.018785
3,0.003,belief_matching,9,9,False,0.015224
3,0.003,belief_matching,10,9,False,0.014985
3,0.003,belief_matching,11,9,False,0.013753
3,0.003,belief_matching,12,9,False,0.022724
3,0.003,belief_matching,13,9,False,0.012227
3,0.003,belief_matching,14,9,False,0.013741
3,0.003,belief_matching,15,9,False,0.020221
3,0.003,belief_matching,16,9,False,0.020769
3,0.003,belief_matching,17,9,False,0.015623
3,0.003,belief_matching,18,9,False,0.019308
3,0.003,belief_matching,19,9,False,0.011497
3,0.003,belief_matching,20,9,False,0.012392
3,0.003,belief_matching,21,9,False,0.014705
3,0.003,belief_matching,22,9,False,0.017901
3,0.003,belief_matching,23,9,False,0.014612
3,0.003,belief_matching,24,9,False,0.015159
3,0.003,belief_matching,25,9,False,0.018031
3,0.003,belief_matching,26,9,False,0.012056
3,0.003,belief_matching,27,9,False,0.015396
3,0.003,belief_matching,28,9,False,0.016465
3,0.003,belief_matching,29,9,False,0.018011
3,0.003,belief_matching,30,9,False,0.011936
3,0.003,belief_matching,31,9,False,0.017879
3,0.003,belief_matching,32,9,False,0.016524
3,0.003,belief_matching,33,9,False,0.024591
3,0.003,belief_matching,34,9,False,0.015109
3,0.003,belief_matching,35,9,False,0.015778
3,0.003,belief_matching,36,9,False,0.012108
3,0.003,belief_matching,37,9,False,0.012833
3,0.003,belief_matching,38,9,False,0.012103
3,0.003,belief_matching,39,9,False,0.025637
3,0.003,belief_matching,40,9,False,0.013807
3,0.003,belief_matching,41,9,False,0.012102
3,0.003,belief_matching,42,9,False,0.014021
3,0.003,belief_matching,43,9,False,0.015225
3,0.003,belief_matching,44,9,False,0.017481
3,0.003,belief_matching,45,9,False,0.017601
3,0.003,belief_matching,46,9,False,0.012543
3,0.003,belief_matching,47,9,False,0.017316
3,0.003,belief_matching,48,9,True,0.017348
3,0.003,belief_matching,49,9,False,0.022332
3,0.003,belief_matching,50,9,False,0.017661
3,0.003,belief_matching,51,9,False,0.014616
3,0.003,belief_matching,52,9,False,0.012882
3,0.003,belief_matching,53,9,False,0.017541
3,0.003,belief_matching,54,9,False,0.014728
3,0.003,belief_matching,55,9,False,0.018088
3,0.003,belief_matching,56,9,False,0.012879
3,0.003,belief_matching,57,9,False,0.013628
3,0.003,belief_matching,58,9,False,0.017948
3,0.003,belief_matching,59,9,False,0.01491
3,0.003,belief_matching,60,9,False,0.012057
3,0.003,belief_matching,61,9,True,0.017859
3,0.003,belief_matching,62,9,False,0.012462
3,0.003,belief_matching,63,9,False,0.015927
3,0.003,belief_matching,64,9,False,0.012524
3,0.003,belief_matching,65,9,False,0.012524
3,0.003,belief_matching,66,9,False,0.012871
3,0.003,belief_matching,67,9,False,0.017469
3,0.003,belief_matching,68,9,False,0.012987
3,0.003,belief_matching,69,9,False,0.016578
3,0.003,belief_matching,70,9,False,0.02024
3,0.003,belief_matching,71,9,False,0.014934
3,0.003,belief_matching,72,9,False,0.019859
3,0.003,belief_matching,73,9,False,0.017266
3,0.003,belief_matching,74,9,False,0.016907
3,0.003,belief_matching,75,9,False,0.012835
3,0.003,belief_matching,76,9,False,0.017026
3,0.003,belief_matching,77,9,False,0.011768
3,0.003,belief_matching,78,9,False,0.020304
3,0.003,belief_matching,79,9,False,0.01559
3,0.003,belief_matching,80,9,False,0.016716
3,0.003,belief_matching,81,9,True,0.017146
3,0.003,belief_matching,82,9,False,0.01464
3,0.003,belief_matching,83,9,False,0.012702
3,0.003,belief_matching,84,9,False,0.012564
3,0.003,belief_matching,85,9,False,0.01249
3,0.003,belief_matching,86,9,False,0.013307
3,0.003,belief_matching,87,9,False,0.022078
3,0.003,belief_matching,88,9,False,0.016554
3,0.003,belief_matching,89,9,False,0.015463
3,0.003,belief_matching,90,9,True,0.020308
3,0.003,belief_matching,91,9,False,0.017401
3,0.003,belief_matching,92,9,False,0.012327
3,0.003,belief_matching,93,9,False,0.012149
3,0.003,belief_matching,94,9,False,0.013172
3,0.003,belief_matching,95,9,False,0.014237
3,0.003,belief_matching,96,9,True,0.027353
3,0.003,belief_matching,97,9,False,0.013422
3,0.003,belief_matching,98,9,False,0.012236
3,0.003,belief_matching,99,9,False,0.011767
3,0.005,belief_matching,0,9,False,1.07573
3,0.005,belief_matching,1,9,True,0.019228
3,0.005,belief_matching,2,9,False,0.013182
3,0.005,belief_matching,3,9,False,0.013042
3,0.005,belief_matching,4,9,True,0.031573
3,0.005,belief_matching,5,9,False,0.015407
3,0.005,belief_matching,6,9,False,0.017973
3,0.005,belief_matching,7,9,False,0.020501
3,0.005,belief_matching,8,9,False,0.020745
3,0.005,belief_matching,9,9,False,0.023709
3,0.005,belief_matching,10,9,False,0.012813
3,0.005,belief_matching,11,9,True,0.01902
3,0.005,belief_matching,12,9,False,0.021603
3,0.005,belief_matching,13,9,False,0.015637
3,0.005,belief_matching,14,9,False,0.025924
3,0.005,belief_matching,15,9,True,0.021027
3,0.005,belief_matching,16,9,False,0.013596
3,0.005,belief_matching,17,9,False,0.025362
3,0.005,belief_matching,18,9,False,0.017949
3,0.005,belief_matching,19,9,False,0.012998
3,0.005,belief_matching,20,9,False,0.021465
3,0.005,belief_matching,21,9,False,0.015184
3,0.005,belief_matching,22,9,False,0.01558
3,0.005,belief_matching,23,9,False,0.014404
3,0.005,belief_matching,24,9,False,0.013413
3,0.005,belief_matching,25,9,False,0.020014
3,0.005,belief_matching,26,9,False,0.015861
3,0.005,belief_matching,27,9,False,0.014686
3,0.005,belief_matching,28,9,False,0.019386
3,0.005,belief_matching,29,9,False,0.022617
3,0.005,belief_matching,30,9,True,0.026449
3,0.005,belief_matching,31,9,False,0.014432
3,0.005,belief_matching,32,9,False,0.017309
3,0.005,belief_matching,33,9,True,0.030532
3,0.005,belief_matching,34,9,False,0.016135
3,0.005,belief_matching,35,9,False,0.022185
3,0.005,belief_matching,36,9,False,0.028463
3,0.005,belief_matching,37,9,True,0.028341
3,0.005,belief_matching,38,9,False,0.014912
3,0.005,belief_matching,39,9,False,0.019033
3,0.005,belief_matching,40,9,True,0.026856
3,0.005,belief_matching,41,9,False,0.014254
3,0.005,belief_matching,42,9,True,0.016235
3,0.005,belief_matching,43,9,False,0.01993
3,0.005,belief_matching,44,9,False,0.024485
3,0.005,belief_matching,45,9,False,0.021481
3,0.005,belief_matching,46,9,False,0.019674
3,0.005,belief_matching,47,9,False,0.02191
3,0.005,belief_matching,48,9,False,0.022313
3,0.005,belief_matching,49,9,False,0.01743
3,0.005,belief_matching,50,9,True,0.014206
3,0.005,belief_matching,51,9,False,0.019656
3,0.005,belief_matching,52,9,False,0.020108
3,0.005,belief_matching,53,9,False,0.02287
3,0.005,belief_matching,54,9,False,0.02196
3,0.005,belief_matching,55,9,False,0.017254
3,0.005,belief_matching,56,9,False,0.014623
3,0.005,belief_matching,57,9,False,0.014545
3,0.005,belief_matching,58,9,False,0.019186
3,0.005,belief_matching,59,9,False,0.018737
3,0.005,belief_matching,60,9,False,0.018913
3,0.005,belief_matching,61,9,False,0.023262
3,0.005,belief_matching,62,9,False,0.015172
3,0.005,belief_matching,63,9,False,0.014403
3,0.005,belief_matching,64,9,False,0.018407
3,0.005,belief_matching,65,9,False,0.020533
3,0.005,belief_matching,66,9,False,0.018396
3,0.005,belief_matching,67,9,False,0.016491
3,0.005,belief_matching,68,9,False,0.020188
3,0.005,belief_matching,69,9,False,0.023142
3,0.005,belief_matching,70,9,True,0.018209
3,0.005,belief_matching,71,9,False,0.016437
3,0.005,belief_matching,72,9,True,0.024456
3,0.005,belief_matching,73,9,False,0.018849
3,0.005,belief_matching,74,9,False,0.017473
3,0.005,belief_matching,75,9,False,0.015426
3,0.005,belief_matching,76,9,False,0.024237
3,0.005,belief_matching,77,9,False,0.014408
3,0.005,belief_matching,78,9,False,0.018087
3,0.005,belief_matching,79,9,True,0.024035
3,0.005,belief_matching,80,9,False,0.014451
3,0.005,belief_matching,81,9,True,0.023009
3,0.005,belief_matching,82,9,False,0.02309
3,0.005,belief_matching,83,9,False,0.016888
3,0.005,belief_matching,84,9,False,0.023228
3,0.005,belief_matching,85,9,False,0.019129
3,0.005,belief_matching,86,9,False,0.019145
3,0.005,belief_matching,87,9,False,0.021937
3,0.005,belief_matching,88,9,True,0.016879
3,0.005,belief_matching,89,9,False,0.022554
3,0.005,belief_matching,90,9,False,0.017102
3,0.005,belief_matching,91,9,False,0.018136
3,0.005,belief_matching,92,9,True,0.020042
3,0.005,belief_matching,93,9,False,0.022083
3,0.005,belief_matching,94,9,False,0.018797
3,0.005,belief_matching,95,9,False,0.018133
3,0.005,belief_matching,96,9,True,0.027958
3,0.005,belief_matching,97,9,False,0.024285
3,0.005,belief_matching,98,9,False,0.018604
3,0.005,belief_matching,99,9,False,0.013659
3,0.007,belief_matching,0,9,False,1.097418
3,0.007,belief_matching,1,9,False,0.0251
3,0.007,belief_matching,2,9,False,0.022294
3,0.007,belief_matching,3,9,False,0.027707
3,0.007,belief_matching,4,9,False,0.020614
3,0.007,belief_matching,5,9,False,0.018136
3,0.007,belief_matching,6,9,True,0.022638
3,0.007,belief_matching,7,9,False,0.019405
3,0.007,belief_matching,8,9,False,0.018007
3,0.007,belief_matching,9,9,False,0.025552
3,0.007,belief_matching,10,9,False,0.013151
3,0.007,belief_matching,11,9,True,0.017816
3,0.007,belief_matching,12,9,False,0.027291
3,0.007,belief_matching,13,9,False,0.027134
3,0.007,belief_matching,14,9,True,0.0204
3,0.007,belief_matching,15,9,True,0.017699
3,0.007,belief_matching,16,9,False,0.022441
3,0.007,belief_matching,17,9,False,0.01815
3,0.007,belief_matching,18,9,False,0.018234
3,0.007,belief_matching,19,9,False,0.022663
3,0.007,belief_matching,20,9,True,0.020534
3,0.007,belief_matching,21,9,False,0.020114
3,0.007,belief_matching,22,9,False,0.027884
3,0.007,belief_matching,23,9,False,0.020032
3,0.007,belief_matching,24,9,False,0.020791
3,0.007,belief_matching,25,9,False,0.020185
3,0.007,belief_matching,26,9,False,0.012734
3,0.007,belief_matching,27,9,False,0.025608
3,0.007,belief_matching,28,9,False,0.021355
3,0.007,belief_matching,29,9,False,0.028309
3,0.007,belief_matching,30,9,False,0.023226
3,0.007,belief_matching,31,9,False,0.017938
3,0.007,belief_matching,32,9,False,0.0188
3,0.007,belief_matching,33,9,False,0.023459
3,0.007,belief_matching,34,9,False,0.029549
3,0.007,belief_matching,35,9,False,0.019471
3,0.007,belief_matching,36,9,False,0.023012
3,0.007,belief_matching,37,9,False,0.023969
3,0.007,belief_matching,38,9,False,0.016474
3,0.007,belief_matching,39,9,False,0.020429
3,0.007,belief_matching,40,9,False,0.026632
3,0.007,belief_matching,41,9,False,0.020729
3,0.007,belief_matching,42,9,False,0.017806
3,0.007,belief_matching,43,9,True,0.023202
3,0.007,belief_matching,44,9,False,0.023597
3,0.007,belief_matching,45,9,True,0.012643
3,0.007,belief_matching,46,9,False,0.02041
3,0.007,belief_matching,47,9,False,0.025333
3,0.007,belief_matching,48,9,False,0.023463
3,0.007,belief_matching,49,9,False,0.020312
3,0.007,belief_matching,50,9,False,0.022599
3,0.007,belief_matching,51,9,False,0.021693
3,0.007,belief_matching,52,9,False,0.028528
3,0.007,belief_matching,53,9,False,0.021244
3,0.007,belief_matching,54,9,True,0.023082
3,0.007,belief_matching,55,9,False,0.02074
3,0.007,belief_matching,56,9,False,0.012789
3,0.007,belief_matching,57,9,False,0.015418
3,0.007,belief_matching,58,9,True,0.027452
3,0.007,belief_matching,59,9,True,0.01974
3,0.007,belief_matching,60,9,False,0.01253
3,0.007,belief_matching,61,9,False,0.015769
3,0.007,belief_matching,62,9,False,0.015927
3,0.007,belief_matching,63,9,False,0.020553
3,0.007,belief_matching,64,9,False,0.022842
3,0.007,belief_matching,65,9,False,0.027649
3,0.007,belief_matching,66,9,False,0.02514
3,0.007,belief_matching,67,9,False,0.01844
3,0.007,belief_matching,68,9,True,0.029533
3,0.007,belief_matching,69,9,False,0.024547
3,0.007,belief_matching,70,9,False,0.017746
3,0.007,belief_matching,71,9,False,0.015355
3,0.007,belief_matching,72,9,True,0.024774
3,0.007,belief_matching,73,9,False,0.020254
3,0.007,belief_matching,74,9,True,0.025
3,0.007,belief_matching,75,9,False,0.020237
3,0.007,belief_matching,76,9,False,0.022308
3,0.007,belief_matching,77,9,False,0.020571
3,0.007,belief_matching,78,9,False,0.027508
3,0.007,belief_matching,79,9,False,0.025078
3,0.007,belief_matching,80,9,False,0.012929
3,0.007,belief_matching,81,9,False,0.017009
3,0.007,belief_matching,82,9,False,0.019855
3,0.007,belief_matching,83,9,False,0.015067
3,0.007,belief_matching,84,9,True,0.022642
3,0.007,belief_matching,85,9,False,0.019782
3,0.007,belief_matching,86,9,False,0.025164
3,0.007,belief_matching,87,9,False,0.015625
3,0.007,belief_matching,88,9,False,0.017988
3,0.007,belief_matching,89,9,False,0.025443
3,0.007,belief_matching,90,9,True,0.020134
3,0.007,belief_matching,91,9,False,0.025116
3,0.007,belief_matching,92,9,False,0.024772
3,0.007,belief_matching,93,9,False,0.025482
3,0.007,belief_matching,94,9,False,0.022905
3,0.007,belief_matching,95,9,False,0.018003
3,0.007,belief_matching,96,9,False,0.025129
3,0.007,belief_matching,97,9,False,0.021012
3,0.007,belief_matching,98,9,False,0.015508
3,0.007,belief_matching,99,9,False,0.023176
3,0.01,belief_matching,0,9,False,1.365525
3,0.01,belief_matching,1,9,False,0.027008
3,0.01,belief_matching,2,9,True,0.023467
3,0.01,belief_matching,3,9,False,0.031544
3,0.01,belief_matching,4,9,True,0.028051
3,0.01,belief_matching,5,9,False,0.025227
3,0.01,belief_matching,6,9,False,0.027038
3,0.01,belief_matching,7,9,True,0.032385
3,0.01,belief_matching,8,9,False,0.034031
3,0.01,belief_matching,9,9,False,0.030573
3,0.01,belief_matching,10,9,False,0.036131
3,0.01,belief_matching,11,9,True,0.035832
3,0.01,belief_matching,12,9,True,0.027015
3,0.01,belief_matching,13,9,True,0.035676
3,0.01,belief_matching,14,9,False,0.033121
3,0.01,belief_matching,15,9,True,0.029352
3,0.01,belief_matching,16,9,False,0.030296
3,0.01,belief_matching,17,9,False,0.0243
3,0.01,belief_matching,18,9,False,0.024809
3,0.01,belief_matching,19,9,True,0.037703
3,0.01,belief_matching,20,9,False,0.032219
3,0.01,belief_matching,21,9,False,0.031762
3,0.01,belief_matching,22,9,False,0.032279
3,0.01,belief_matching,23,9,True,0.032229
3,0.01,belief_matching,24,9,False,0.027104
3,0.01,belief_matching,25,9,True,0.023817
3,0.01,belief_matching,26,9,True,0.037593
3,0.01,belief_matching,27,9,True,0.041871
3,0.01,belief_matching,28,9,False,0.031057
3,0.01,belief_matching,29,9,False,0.028814
3,0.01,belief_matching,30,9,False,0.031692
3,0.01,belief_matching,31,9,True,0.037925
3,0.01,belief_matching,32,9,True,0.024804
3,0.01,belief_matching,33,9,False,0.028816
3,0.01,belief_matching,34,9,True,0.029657
3,0.01,belief_matching,35,9,False,0.021493
3,0.01,belief_matching,36,9,False,0.02386
3,0.01,belief_matching,37,9,True,0.03243
3,0.01,belief_matching,38,9,False,0.021766
3,0.01,belief_matching,39,9,False,0.027838
3,0.01,belief_matching,40,9,False,0.033547
3,0.01,belief_matching,41,9,False,0.019281
3,0.01,belief_matching,42,9,False,0.027124
3,0.01,belief_matching,43,9,False,0.026615
3,0.01,belief_matching,44,9,False,0.030551
3,0.01,belief_matching,45,9,False,0.034167
3,0.01,belief_matching,46,9,False,0.023348
3,0.01,belief_matching,47,9,True,0.026242
3,0.01,belief_matching,48,9,False,0.025881
3,0.01,belief_matching,49,9,False,0.031271
3,0.01,belief_matching,50,9,False,0.020989
3,0.01,belief_matching,51,9,False,0.032377
3,0.01,belief_matching,52,9,True,0.03191
3,0.01,belief_matching,53,9,True,0.023926
3,0.01,belief_matching,54,9,True,0.023991
3,0.01,belief_matching,55,9,False,0.031803
3,0.01,belief_matching,56,9,True,0.021025
3,0.01,belief_matching,57,9,True,0.032025
3,0.01,belief_matching,58,9,True,0.030212
3,0.01,belief_matching,59,9,False,0.026898
3,0.01,belief_matching,60,9,True,0.026296
3,0.01,belief_matching,61,9,False,0.032539
3,0.01,belief_matching,62,9,False,0.029825
3,0.01,belief_matching,63,9,True,0.027328
3,0.01,belief_matching,64,9,True,0.024131
3,0.01,belief_matching,65,9,False,0.026241
3,0.01,belief_matching,66,9,False,0.026102
3,0.01,belief_matching,67,9,False,0.02251
3,0.01,belief_matching,68,9,True,0.027227
3,0.01,belief_matching,69,9,False,0.02189
3,0.01,belief_matching,70,9,False,0.025853
3,0.01,belief_matching,71,9,False,0.029279
3,0.01,belief_matching,72,9,True,0.031124
3,0.01,belief_matching,73,9,True,0.027487
3,0.01,belief_matching,74,9,False,0.027595
3,0.01,belief_matching,75,9,False,0.022883
3,0.01,belief_matching,76,9,False,0.033676
3,0.01,belief_matching,77,9,True,0.032354
3,0.01,belief_matching,78,9,False,0.028187
3,0.01,belief_matching,79,9,True,0.035953
3,0.01,belief_matching,80,9,False,0.032187
3,0.01,belief_matching,81,9,False,0.016582
3,0.01,belief_matching,82,9,False,0.017064
3,0.01,belief_matching,83,9,False,0.029123
3,0.01,belief_matching,84,9,False,0.027753
3,0.01,belief_matching,85,9,False,0.033328
3,0.01,belief_matching,86,9,False,0.02499
3,0.01,belief_matching,87,9,False,0.027991
3,0.01,belief_matching,88,9,True,0.022491
3,0.01,belief_matching,89,9,False,0.031642
3,0.01,belief_matching,90,9,True,0.0239
3,0.01,belief_matching,91,9,True,0.030919
3,0.01,belief_matching,92,9,False,0.032439
3,0.01,belief_matching,93,9,False,0.034598
3,0.01,belief_matching,94,9,False,0.02116
3,0.01,belief_matching,95,9,False,0.018643
3,0.01,belief_matching,96,9,False,0.030731
3,0.01,belief_matching,97,9,False,0.032737
3,0.01,belief_matching,98,9,False,0.021187
3,0.01,belief_matching,99,9,True,0.030614
5,0.0005,belief_matching,0,9,False,6.513745
5,0.0005,belief_matching,1,9,False,0.041474
5,0.0005,belief_matching,2,9,False,0.040151
5,0.0005,belief_matching,3,9,False,0.070324
5,0.0005,belief_matching,4,9,False,0.043513
5,0.0005,belief_matching,5,9,False,0.038361
5,0.0005,belief_matching,6,9,False,0.04822
5,0.0005,belief_matching,7,9,False,0.047047
5,0.0005,belief_matching,8,9,False,0.055363
5,0.0005,belief_matching,9,9,False,0.094127
5,0.0005,belief_matching,10,9,False,0.05874
5,0.0005,belief_matching,11,9,False,0.040333
5,0.0005,belief_matching,12,9,False,0.041408
5,0.0005,belief_matching,13,9,False,0.057113
5,0.0005,belief_matching,14,9,False,0.042959
5,0.0005,belief_matching,15,9,False,0.054014
5,0.0005,belief_matching,16,9,False,0.04472
5,0.0005,belief_matching,17,9,False,0.043756
5,0.0005,belief_matching,18,9,False,0.042499
5,0.0005,belief_matching,19,9,False,0.03871
5,0.0005,belief_matching,20,9,False,0.041052
5,0.0005,belief_matching,21,9,False,0.042326
5,0.0005,belief_matching,22,9,False,0.042976
5,0.0005,belief_matching,23,9,False,0.048148
5,0.0005,belief_matching,24,9,False,0.04403
5,0.0005,belief_matching,25,9,False,0.067982
5,0.0005,belief_matching,26,9,False,0.065277
5,0.0005,belief_matching,27,9,False,0.058898
5,0.0005,belief_matching,28,9,False,0.049936
5,0.0005,belief_matching,29,9,False,0.07458
5,0.0005,belief_matching,30,9,False,0.039432
5,0.0005,belief_matching,31,9,False,0.075883
5,0.0005,belief_matching,32,9,False,0.068293
5,0.0005,belief_matching,33,9,False,0.074357
5,0.0005,belief_matching,34,9,False,0.040434
5,0.0005,belief_matching,35,9,False,0.043961
5,0.0005,belief_matching,36,9,False,0.039408
5,0.0005,belief_matching,37,9,False,0.096028
5,0.0005,belief_matching,38,9,False,0.058563
5,0.0005,belief_matching,39,9,False,0.036939
5,0.0005,belief_matching,40,9,False,0.040161
5,0.0005,belief_matching,41,9,False,0.042038
5,0.0005,belief_matching,42,9,False,0.041768
5,0.0005,belief_matching,43,9,False,0.042617
5,0.0005,belief_matching,44,9,False,0.038318
5,0.0005,belief_matching,45,9,False,0.079893
5,0.0005,belief_matching,46,9,False,0.060932
5,0.0005,belief_matching,47,9,False,0.044676
5,0.0005,belief_matching,48,9,False,0.053481
5,0.0005,belief_matching,49,9,False,0.072556
5,0.0005,belief_matching,50,9,False,0.040218
5,0.0005,belief_matching,51,9,False,0.058112
5,0.0005,belief_matching,52,9,False,0.104874
5,0.0005,belief_matching,53,9,False,0.047393
5,0.0005,belief_matching,54,9,False,0.036762
5,0.0005,belief_matching,55,9,False,0.062807
5,0.0005,belief_matching,56,9,False,0.041042
5,0.0005,belief_matching,57,9,False,0.042009
5,0.0005,belief_matching,58,9,False,0.041065
5,0.0005,belief_matching,59,9,False,0.048039
5,0.0005,belief_matching,60,9,False,0.038912
5,0.0005,belief_matching,61,9,False,0.048371
5,0.0005,belief_matching,62,9,False,0.038905
5,0.0005,belief_matching,63,9,False,0.047747
5,0.0005,belief_matching,64,9,False,0.044172
5,0.0005,belief_matching,65,9,False,0.046993
5,0.0005,belief_matching,66,9,False,0.068407
5,0.0005,belief_matching,67,9,False,0.03936
5,0.0005,belief_matching,68,9,False,0.048466
5,0.0005,belief_matching,69,9,False,0.044368
5,0.0005,belief_matching,70,9,False,0.038039
5,0.0005,belief_matching,71,9,False,0.039426
5,0.0005,belief_matching,72,9,False,0.057531
5,0.0005,belief_matching,73,9,False,0.04557
5,0.0005,belief_matching,74,9,False,0.046775
5,0.0005,belief_matching,75,9,False,0.06532
5,0.0005,belief_matching,76,9,False,0.047935
5,0.0005,belief_matching,77,9,False,0.05341
5,0.0005,belief_matching,78,9,False,0.060631
5,0.0005,belief_matching,79,9,False,0.055416
5,0.0005,belief_matching,80,9,False,0.042094
5,0.0005,belief_matching,81,9,False,0.057207
5,0.0005,belief_matching,82,9,False,0.045358
5,0.0005,belief_matching,83,9,False,0.042366
5,0.0005,belief_matching,84,9,False,0.048435
5,0.0005,belief_matching,85,9,False,0.075073
5,0.0005,belief_matching,86,9,False,0.07757
5,0.0005,belief_matching,87,9,False,0.056122
5,0.0005,belief_matching,88,9,False,0.055719
5,0.0005,belief_matching,89,9,False,0.056662
5,0.0005,belief_matching,90,9,False,0.045175
5,0.0005,belief_matching,91,9,False,0.044669
5,0.0005,belief_matching,92,9,False,0.063766
5,0.0005,belief_matching,93,9,False,0.04474
5,0.0005,belief_matching,94,9,False,0.059288
5,0.0005,belief_matching,95,9,False,0.06213
5,0.0005,belief_matching,96,9,False,0.088333
5,0.0005,belief_matching,97,9,False,0.073368
5,0.0005,belief_matching,98,9,False,0.04371
5,0.0005,belief_matching,99,9,False,0.058065
5,0.001,belief_matching,0,9,False,6.69846
5,0.001,belief_matching,1,9,False,0.06113
5,0.001,belief_matching,2,9,False,0.056327
5,0.001,belief_matching,3,9,False,0.095098
5,0.001,belief_matching,4,9,False,0.080229
5,0.001,belief_matching,5,9,False,0.053858
5,0.001,belief_matching,6,9,False,0.092074
5,0.001,belief_matching,7,9,False,0.057664
5,0.001,belief_matching,8,9,False,0.057883
5,0.001,belief_matching,9,9,False,0.058266
5,0.001,belief_matching,10,9,False,0.056295
5,0.001,belief_matching,11,9,False,0.061602
5,0.001,belief_matching,12,9,False,0.100402
5,0.001,belief_matching,13,9,False,0.06084
5,0.001,belief_matching,14,9,False,0.095989
5,0.001,belief_matching,15,9,False,0.057933
5,0.001,belief_matching,16,9,False,0.096839
5,0.001,belief_matching,17,9,False,0.117778
5,0.001,belief_matching,18,9,False,0.094993
5,0.001,belief_matching,19,9,False,0.094033
5,0.001,belief_matching,20,9,False,0.057408
5,0.001,belief_matching,21,9,False,0.129519
5,0.001,belief_matching,22,9,False,0.140771
5,0.001,belief_matching,23,9,False,0.062858
5,0.001,belief_matching,24,9,False,0.093353
5,0.001,belief_matching,25,9,False,0.076971
5,0.001,belief_matching,26,9,False,0.118232
5,0.001,belief_matching,27,9,False,0.098849
5,0.001,belief_matching,28,9,False,0.093764
5,0.001,belief_matching,29,9,False,0.115401
5,0.001,belief_matching,30,9,False,0.049749
5,0.001,belief_matching,31,9,False,0.060552
5,0.001,belief_matching,32,9,False,0.093131
5,0.001,belief_matching,33,9,False,0.094199
5,0.001,belief_matching,34,9,False,0.072155
5,0.001,belief_matching,35,9,False,0.05283
5,0.001,belief_matching,36,9,False,0.142095
5,0.001,belief_matching,37,9,False,0.113061
5,0.001,belief_matching,38,9,False,0.091745
5,0.001,belief_matching,39,9,False,0.096434
5,0.001,belief_matching,40,9,False,0.071899
5,0.001,belief_matching,41,9,False,0.056951
5,0.001,belief_matching,42,9,False,0.05393
5,0.001,belief_matching,43,9,False,0.097538
5,0.001,belief_matching,44,9,False,0.046768
5,0.001,belief_matching,45,9,False,0.117708
5,0.001,belief_matching,46,9,False,0.080669
5,0.001,belief_matching,47,9,False,0.072427
5,0.001,belief_matching,48,9,False,0.083678
5,0.001,belief_matching,49,9,False,0.054179
5,0.001,belief_matching,50,9,False,0.050247
5,0.001,belief_matching,51,9,False,0.056097
5,0.001,belief_matching,52,9,False,0.094533
5,0.001,belief_matching,53,9,False,0.060946
5,0.001,belief_matching,54,9,False,0.062303
5,0.001,belief_matching,55,9,False,0.053331
5,0.001,belief_matching,56,9,False,0.056021
5,0.001,belief_matching,57,9,False,0.050384
5,0.001,belief_matching,58,9,False,0.106536
5,0.001,belief_matching,59,9,False,0.058009
5,0.001,belief_matching,60,9,False,0.056974
5,0.001,belief_matching,61,9,False,0.059544
5,0.001,belief_matching,62,9,False,0.051872
5,0.001,belief_matching,63,9,False,0.10933
5,0.001,belief_matching,64,9,False,0.093608
5,0.001,belief_matching,65,9,False,0.142394
5,0.001,belief_matching,66,9,False,0.077469
5,0.001,belief_matching,67,9,False,0.092897
5,0.001,belief_matching,68,9,False,0.095203
5,0.001,belief_matching,69,9,False,0.074983
5,0.001,belief_matching,70,9,False,0.054276
5,0.001,belief_matching,71,9,False,0.057681
5,0.001,belief_matching,72,9,False,0.114919
5,0.001,belief_matching,73,9,False,0.080332
5,0.001,belief_matching,74,9,False,0.092249
5,0.001,belief_matching,75,9,False,0.080551
5,0.001,belief_matching,76,9,False,0.084534
5,0.001,belief_matching,77,9,False,0.060709
5,0.001,belief_matching,78,9,False,0.095535
5,0.001,belief_matching,79,9,False,0.05499
5,0.001,belief_matching,80,9,False,0.112014
5,0.001,belief_matching,81,9,False,0.088932
5,0.001,belief_matching,82,9,False,0.077237
5,0.001,belief_matching,83,9,False,0.053017
5,0.001,belief_matching,84,9,False,0.090987
5,0.001,belief_matching,85,9,False,0.092707
5,0.001,belief_matching,86,9,False,0.094273
5,0.001,belief_matching,87,9,False,0.056114
5,0.001,belief_matching,88,9,False,0.09995
5,0.001,belief_matching,89,9,False,0.076019
5,0.001,belief_matching,90,9,False,0.100991
5,0.001,belief_matching,91,9,False,0.115051
5,0.001,belief_matching,92,9,False,0.079637
5,0.001,belief_matching,93,9,False,0.057906
5,0.001,belief_matching,94,9,False,0.069528
5,0.001,belief_matching,95,9,False,0.077124
5,0.001,belief_matching,96,9,False,0.05848
5,0.001,belief_matching,97,9,False,0.091527
5,0.001,belief_matching,98,9,False,0.089157
5,0.001,belief_matching,99,9,False,0.054867
5,0.002,belief_matching,0,9,False,5.567076
5,0.002,belief_matching,1,9,False,0.078722
5,0.002,belief_matching,2,9,False,0.053174
5,0.002,belief_matching,3,9,False,0.102988
5,0.002,belief_matching,4,9,False,0.117199
5,0.002,belief_matching,5,9,False,0.081153
5,0.002,belief_matching,6,9,False,0.151852
5,0.002,belief_matching,7,9,False,0.100684
5,0.002,belief_matching,8,9,False,0.05321
5,0.002,belief_matching,9,9,False,0.117834
5,0.002,belief_matching,10,9,False,0.065998
5,0.002,belief_matching,11,9,False,0.073171
5,0.002,belief_matching,12,9,False,0.129805
5,0.002,belief_matching,13,9,False,0.102156
5,0.002,belief_matching,14,9,False,0.052297
5,0.002,belief_matching,15,9,False,0.071637
5,0.002,belief_matching,16,9,False,0.071281
5,0.002,belief_matching,17,9,False,0.12991
5,0.002,belief_matching,18,9,False,0.110972
5,0.002,belief_matching,19,9,False,0.051329
5,0.002,belief_matching,20,9,False,0.079402
5,0.002,belief_matching,21,9,False,0.101571
5,0.002,belief_matching,22,9,False,0.054134
5,0.002,belief_matching,23,9,False,0.097895
5,0.002,belief_matching,24,9,False,0.091813
5,0.002,belief_matching,25,9,False,0.097778
5,0.002,belief_matching,26,9,False,0.08385
5,0.002,belief_matching,27,9,False,0.077151
5,0.002,belief_matching,28,9,False,0.082637
5,0.002,belief_matching,29,9,False,0.136769
5,0.002,belief_matching,30,9,False,0.131354
5,0.002,belief_matching,31,9,False,0.117486
5,0.002,belief_matching,32,9,False,0.118198
5,0.002,belief_matching,33,9,False,0.092245
5,0.002,belief_matching,34,9,False,0.082595
5,0.002,belief_matching,35,9,False,0.078335
5,0.002,belief_matching,36,9,False,0.09927
5,0.002,belief_matching,37,9,False,0.087229
5,0.002,belief_matching,38,9,False,0.07216
5,0.002,belief_matching,39,9,False,0.084924
5,0.002,belief_matching,40,9,False,0.072375
5,0.002,belief_matching,41,9,False,0.053826
5,0.002,belief_matching,42,9,False,0.080542
5,0.002,belief_matching,43,9,False,0.127482
5,0.002,belief_matching,44,9,False,0.098757
5,0.002,belief_matching,45,9,False,0.091217
5,0.002,belief_matching,46,9,False,0.062902
5,0.002,belief_matching,47,9,False,0.084412
5,0.002,belief_matching,48,9,False,0.066782
5,0.002,belief_matching,49,9,False,0.050077
5,0.002,belief_matching,50,9,False,0.114605
5,0.002,belief_matching,51,9,False,0.119669
5,0.002,belief_matching,52,9,False,0.144739
5,0.002,belief_matching,53,9,False,0.058697
5,0.002,belief_matching,54,9,False,0.116722
5,0.002,belief_matching,55,9,False,0.073682
5,0.002,belief_matching,56,9,False,0.115421
5,0.002,belief_matching,57,9,False,0.086494
5,0.002,belief_matching,58,9,False,0.052953
5,0.002,belief_matching,59,9,False,0.101829
5,0.002,belief_matching,60,9,False,0.086988
5,0.002,belief_matching,61,9,False,0.06885
5,0.002,belief_matching,62,9,False,0.081453
5,0.002,belief_matching,63,9,False,0.09072
5,0.002,belief_matching,64,9,False,0.11251
5,0.002,belief_matching,65,9,False,0.088631
5,0.002,belief_matching,66,9,False,0.064703
5,0.002,belief_matching,67,9,False,0.07548
5,0.002,belief_matching,68,9,False,0.104791
5,0.002,belief_matching,69,9,False,0.127771
5,0.002,belief_matching,70,9,False,0.085023
5,0.002,belief_matching,71,9,False,0.067389
5,0.002,belief_matching,72,9,False,0.117516
5,0.002,belief_matching,73,9,False,0.047642
5,0.002,belief_matching,74,9,False,0.097589
5,0.002,belief_matching,75,9,False,0.069667
5,0.002,belief_matching,76,9,False,0.053722
5,0.002,belief_matching,77,9,False,0.065105
5,0.002,belief_matching,78,9,False,0.114709
5,0.002,belief_matching,79,9,False,0.099
5,0.002,belief_matching,80,9,False,0.11095
5,0.002,belief_matching,81,9,False,0.14878
5,0.002,belief_matching,82,9,False,0.091301
5,0.002,belief_matching,83,9,False,0.074014
5,0.002,belief_matching,84,9,False,0.162233
5,0.002,belief_matching,85,9,False,0.11237
5,0.002,belief_matching,86,9,False,0.085539
5,0.002,belief_matching,87,9,False,0.061637
5,0.002,belief_matching,88,9,False,0.131213
5,0.002,belief_matching,89,9,False,0.10071
5,0.002,belief_matching,90,9,False,0.072624
5,0.002,belief_matching,91,9,False,0.081183
5,0.002,belief_matching,92,9,True,0.112988
5,0.002,belief_matching,93,9,False,0.061676
5,0.002,belief_matching,94,9,False,0.144137
5,0.002,belief_matching,95,9,False,0.186649
5,0.002,belief_matching,96,9,False,0.086458
5,0.002,belief_matching,97,9,False,0.068344
5,0.002,belief_matching,98,9,False,0.065526
5,0.002,belief_matching,99,9,False,0.046878
5,0.003,belief_matching,0,9,False,6.025441
5,0.003,belief_matching,1,9,False,0.132154
5,0.003,belief_matching,2,9,False,0.105646
5,0.003,belief_matching,3,9,False,0.084619
5,0.003,belief_matching,4,9,False,0.133532
5,0.003,belief_matching,5,9,False,0.116526
5,0.003,belief_matching,6,9,False,0.118975
5,0.003,belief_matching,7,9,False,0.146975
5,0.003,belief_matching,8,9,False,0.086201
5,0.003,belief_matching,9,9,False,0.118498
5,0.003,belief_matching,10,9,False,0.12033
5,0.003,belief_matching,11,9,False,0.120097
5,0.003,belief_matching,12,9,False,0.10334
5,0.003,belief_matching,13,9,False,0.116435
5,0.003,belief_matching,14,9,False,0.073779
5,0.003,belief_matching,15,9,False,0.128071
5,0.003,belief_matching,16,9,False,0.130224
5,0.003,belief_matching,17,9,False,0.102293
5,0.003,belief_matching,18,9,False,0.115411
5,0.003,belief_matching,19,9,False,0.071717
5,0.003,belief_matching,20,9,True,0.13759
5,0.003,belief_matching,21,9,False,0.149187
5,0.003,belief_matching,22,9,False,0.131906
5,0.003,belief_matching,23,9,False,0.113468
5,0.003,belief_matching,24,9,False,0.154175
5,0.003,belief_matching,25,9,False,0.119458
5,0.003,belief_matching,26,9,False,0.103533
5,0.003,belief_matching,27,9,False,0.086779
5,0.003,belief_matching,28,9,False,0.089181
5,0.003,belief_matching,29,9,False,0.150083
5,0.003,belief_matching,30,9,False,0.05668
5,0.003,belief_matching,31,9,False,0.10374
5,0.003,belief_matching,32,9,False,0.137628
5,0.003,belief_matching,33,9,False,0.165134
5,0.003,belief_matching,34,9,False,0.07919
5,0.003,belief_matching,35,9,False,0.067376
5,0.003,belief_matching,36,9,False,0.140463
5,0.003,belief_matching,37,9,False,0.109905
5,0.003,belief_matching,38,9,False,0.098449
5,0.003,belief_matching,39,9,False,0.13022
5,0.003,belief_matching,40,9,False,0.118667
5,0.003,belief_matching,41,9,False,0.109452
5,0.003,belief_matching,42,9,False,0.052844
5,0.003,belief_matching,43,9,False,0.097318
5,0.003,belief_matching,44,9,False,0.134246
5,0.003,belief_matching,45,9,False,0.103583
5,0.003,belief_matching,46,9,False,0.13195
5,0.003,belief_matching,47,9,False,0.124421
5,0.003,belief_matching,48,9,False,0.145665
5,0.003,belief_matching,49,9,False,0.09609
5,0.003,belief_matching,50,9,False,0.085182
5,0.003,belief_matching,51,9,False,0.070999
5,0.003,belief_matching,52,9,False,0.150284
5,0.003,belief_matching,53,9,False,0.084391
5,0.003,belief_matching,54,9,False,0.138375
5,0.003,belief_matching,55,9,False,0.068941
5,0.003,belief_matching,56,9,False,0.068733
5,0.003,belief_matching,57,9,False,0.093279
5,0.003,belief_matching,58,9,False,0.148248
5,0.003,belief_matching,59,9,False,0.132665
5,0.003,belief_matching,60,9,False,0.093367
5,0.003,belief_matching,61,9,False,0.104382
5,0.003,belief_matching,62,9,False,0.104586
5,0.003,belief_matching,63,9,False,0.116317
5,0.003,belief_matching,64,9,False,0.055834
5,0.003,belief_matching,65,9,False,0.13718
5,0.003,belief_matching,66,9,False,0.090773
5,0.003,belief_matching,67,9,False,0.164576
5,0.003,belief_matching,68,9,False,0.132444
5,0.003,belief_matching,69,9,False,0.178815
5,0.003,belief_matching,70,9,False,0.136015
5,0.003,belief_matching,71,9,False,0.09894
5,0.003,belief_matching,72,9,False,0.113177
5,0.003,belief_matching,73,9,False,0.082068
5,0.003,belief_matching,74,9,False,0.115309
5,0.003,belief_matching,75,9,False,0.069851
5,0.003,belief_matching,76,9,False,0.085064
5,0.003,belief_matching,77,9,False,0.115955
5,0.003,belief_matching,78,9,False,0.12941
5,0.003,belief_matching,79,9,False,0.100203
5,0.003,belief_matching,80,9,False,0.098409
5,0.003,belief_matching,81,9,False,0.107459
5,0.003,belief_matching,82,9,False,0.086767
5,0.003,belief_matching,83,9,False,0.093066
5,0.003,belief_matching,84,9,False,0.159575
5,0.003,belief_matching,85,9,False,0.114886
5,0.003,belief_matching,86,9,False,0.141179
5,0.003,belief_matching,87,9,False,0.131392
5,0.003,belief_matching,88,9,False,0.162885
5,0.003,belief_matching,89,9,False,0.163357
5,0.003,belief_matching,90,9,False,0.145778
5,0.003,belief_matching,91,9,False,0.128354
5,0.003,belief_matching,92,9,False,0.073927
5,0.003,belief_matching,93,9,False,0.147232
5,0.003,belief_matching,94,9,False,0.131209
5,0.003,belief_matching,95,9,False,0.10957
5,0.003,belief_matching,96,9,False,0.099487
5,0.003,belief_matching,97,9,False,0.102322
5,0.003,belief_matching,98,9,False,0.130601
5,0.003,belief_matching,99,9,False,0.118185
5,0.005,belief_matching,0,9,False,5.45616
5,0.005,belief_matching,1,9,True,0.177694
5,0.005,belief_matching,2,9,False,0.162478
5,0.005,belief_matching,3,9,False,0.092644
5,0.005,belief_matching,4,9,False,0.150417
5,0.005,belief_matching,5,9,False,0.158227
5,0.005,belief_matching,6,9,False,0.150768
5,0.005,belief_matching,7,9,False,0.191172
5,0.005,belief_matching,8,9,False,0.123739
5,0.005,belief_matching,9,9,False,0.165568
5,0.005,belief_matching,10,9,False,0.161267
5,0.005,belief_matching,11,9,False,0.152123
5,0.005,belief_matching,12,9,False,0.163159
5,0.005,belief_matching,13,9,False,0.160444
5,0.005,belief_matching,14,9,True,0.160786
5,0.005,belief_matching,15,9,False,0.149418
5,0.005,belief_matching,16,9,False,0.179215
5,0.005,belief_matching,17,9,False,0.149606
5,0.005,belief_matching,18,9,False,0.160592
5,0.005,belief_matching,19,9,False,0.149785
5,0.005,belief_matching,20,9,True,0.135378
5,0.005,belief_matching,21,9,False,0.115394
5,0.005,belief_matching,22,9,False,0.148977
5,0.005,belief_matching,23,9,False,0.180378
5,0.005,belief_matching,24,9,False,0.162556
5,0.005,belief_matching,25,9,False,0.161114
5,0.005,belief_matching,26,9,True,0.150621
5,0.005,belief_matching,27,9,False,0.19132
5,0.005,belief_matching,28,9,False,0.136629
5,0.005,belief_matching,29,9,False,0.166951
5,0.005,belief_matching,30,9,False,0.195406
5,0.005,belief_matching,31,9,False,0.154447
5,0.005,belief_matching,32,9,False,0.132705
5,0.005,belief_matching,33,9,False,0.169099
5,0.005,belief_matching,34,9,False,0.15101
5,0.005,belief_matching,35,9,False,0.162718
5,0.005,belief_matching,36,9,False,0.166473
5,0.005,belief_matching,37,9,False,0.203911
5,0.005,belief_matching,38,9,False,0.16213
5,0.005,belief_matching,39,9,True,0.110288
5,0.005,belief_matching,40,9,False,0.176348
5,0.005,belief_matching,41,9,False,0.149316
5,0.005,belief_matching,42,9,False,0.162965
5,0.005,belief_matching,43,9,False,0.160667
5,0.005,belief_matching,44,9,False,0.191581
5,0.005,belief_matching,45,9,False,0.16692
5,0.005,belief_matching,46,9,False,0.160903
5,0.005,belief_matching,47,9,False,0.121306
5,0.005,belief_matching,48,9,False,0.151176
5,0.005,belief_matching,49,9,False,0.137554
5,0.005,belief_matching,50,9,False,0.177356
5,0.005,belief_matching,51,9,False,0.148145
5,0.005,belief_matching,52,9,False,0.178381
5,0.005,belief_matching,53,9,False,0.132295
5,0.005,belief_matching,54,9,False,0.147464
5,0.005,belief_matching,55,9,False,0.091916
5,0.005,belief_matching,56,9,False,0.136527
5,0.005,belief_matching,57,9,False,0.145489
5,0.005,belief_matching,58,9,False,0.162537
5,0.005,belief_matching,59,9,False,0.138034
5,0.005,belief_matching,60,9,False,0.154689
5,0.005,belief_matching,61,9,False,0.146475
5,0.005,belief_matching,62,9,False,0.163824
5,0.005,belief_matching,63,9,False,0.125895
5,0.005,belief_matching,64,9,False,0.16387
5,0.005,belief_matching,65,9,False,0.145817
5,0.005,belief_matching,66,9,False,0.164303
5,0.005,belief_matching,67,9,False,0.154303
5,0.005,belief_matching,68,9,True,0.181197
5,0.005,belief_matching,69,9,False,0.133488
5,0.005,belief_matching,70,9,False,0.144743
5,0.005,belief_matching,71,9,False,0.132782
5,0.005,belief_matching,72,9,False,0.191216
5,0.005,belief_matching,73,9,False,0.150633
5,0.005,belief_matching,74,9,False,0.179147
5,0.005,belief_matching,75,9,False,0.134963
5,0.005,belief_matching,76,9,False,0.144382
5,0.005,belief_matching,77,9,False,0.146642
5,0.005,belief_matching,78,9,False,0.148245
5,0.005,belief_matching,79,9,False,0.119523
5,0.005,belief_matching,80,9,False,0.123806
5,0.005,belief_matching,81,9,False,0.166061
5,0.005,belief_matching,82,9,False,0.154521
5,0.005,belief_matching,83,9,False,0.130624
5,0.005,belief_matching,84,9,False,0.192778
5,0.005,belief_matching,85,9,True,0.138485
5,0.005,belief_matching,86,9,False,0.162759
5,0.005,belief_matching,87,9,False,0.149471
5,0.005,belief_matching,88,9,False,0.161727
5,0.005,belief_matching,89,9,False,0.181669
5,0.005,belief_matching,90,9,False,0.132487
5,0.005,belief_matching,91,9,False,0.131483
5,0.005,belief_matching,92,9,False,0.146866
5,0.005,belief_matching,93,9,False,0.137179
5,0.005,belief_matching,94,9,False,0.117948
5,0.005,belief_matching,95,9,False,0.195843
5,0.005,belief_matching,96,9,True,0.161224
5,0.005,belief_matching,97,9,False,0.164796
5,0.005,belief_matching,98,9,False,0.146658
5,0.005,belief_matching,99,9,False,0.137065
5,0.007,belief_matching,0,9,False,5.473015
5,0.007,belief_matching,1,9,True,0.179067
5,0.007,belief_matching,2,9,False,0.182646
5,0.007,belief_matching,3,9,False,0.190409
5,0.007,belief_matching,4,9,True,0.190379
5,0.007,belief_matching,5,9,False,0.165526
5,0.007,belief_matching,6,9,False,0.176866
5,0.007,belief_matching,7,9,False,0.147034
5,0.007,belief_matching,8,9,True,0.190613
5,0.007,belief_matching,9,9,False,0.190366
5,0.007,belief_matching,10,9,False,0.190606
5,0.007,belief_matching,11,9,False,0.167351
5,0.007,belief_matching,12,9,False,0.162896
5,0.007,belief_matching,13,9,False,0.176932
5,0.007,belief_matching,14,9,False,0.190761
5,0.007,belief_matching,15,9,False,0.191239
5,0.007,belief_matching,16,9,False,0.178111
5,0.007,belief_matching,17,9,True,0.141032
5,0.007,belief_matching,18,9,True,0.190366
5,0.007,belief_matching,19,9,False,0.190137
5,0.007,belief_matching,20,9,False,0.176059
5,0.007,belief_matching,21,9,False,0.149006
5,0.007,belief_matching,22,9,False,0.176408
5,0.007,belief_matching,23,9,True,0.165638
5,0.007,belief_matching,24,9,False,0.176759
5,0.007,belief_matching,25,9,True,0.10151
5,0.007,belief_matching,26,9,False,0.177585
5,0.007,belief_matching,27,9,False,0.190756
5,0.007,belief_matching,28,9,False,0.167517
5,0.007,belief_matching,29,9,False,0.159679
5,0.007,belief_matching,30,9,False,0.191308
5,0.007,belief_matching,31,9,False,0.191215
5,0.007,belief_matching,32,9,False,0.178351
5,0.007,belief_matching,33,9,False,0.191603
5,0.007,belief_matching,34,9,False,0.164522
5,0.007,belief_matching,35,9,False,0.191249
5,0.007,belief_matching,36,9,False,0.161527
5,0.007,belief_matching,37,9,False,0.229228
5,0.007,belief_matching,38,9,False,0.160565
5,0.007,belief_matching,39,9,False,0.175722
5,0.007,belief_matching,40,9,True,0.176406
5,0.007,belief_matching,41,9,False,0.175237
5,0.007,belief_matching,42,9,False,0.178798
5,0.007,belief_matching,43,9,True,0.17479
5,0.007,belief_matching,44,9,False,0.152875
5,0.007,belief_matching,45,9,True,0.191033
5,0.007,belief_matching,46,9,False,0.160867
5,0.007,belief_matching,47,9,False,0.186305
5,0.007,belief_matching,48,9,True,0.160856
5,0.007,belief_matching,49,9,False,0.147748
5,0.007,belief_matching,50,9,False,0.148804
5,0.007,belief_matching,51,9,False,0.175858
5,0.007,belief_matching,52,9,False,0.191481
5,0.007,belief_matching,53,9,False,0.190827
5,0.007,belief_matching,54,9,False,0.176257
5,0.007,belief_matching,55,9,False,0.180672
5,0.007,belief_matching,56,9,True,0.190983
5,0.007,belief_matching,57,9,True,0.190882
5,0.007,belief_matching,58,9,True,0.176866
5,0.007,belief_matching,59,9,False,0.191149
5,0.007,belief_matching,60,9,False,0.161273
5,0.007,belief_matching,61,9,True,0.163017
5,0.007,belief_matching,62,9,False,0.178891
5,0.007,belief_matching,63,9,False,0.175643
5,0.007,belief_matching,64,9,False,0.190649
5,0.007,belief_matching,65,9,False,0.175681
5,0.007,belief_matching,66,9,False,0.173023
5,0.007,belief_matching,67,9,False,0.164119
5,0.007,belief_matching,68,9,False,0.190929
5,0.007,belief_matching,69,9,False,0.161407
5,0.007,belief_matching,70,9,False,0.175362
5,0.007,belief_matching,71,9,False,0.161796
5,0.007,belief_matching,72,9,False,0.176284
5,0.007,belief_matching,73,9,False,0.191063
5,0.007,belief_matching,74,9,False,0.14765
5,0.007,belief_matching,75,9,False,0.191365
5,0.007,belief_matching,76,9,False,0.191333
5,0.007,belief_matching,77,9,True,0.191093
5,0.007,belief_matching,78,9,False,0.12211
5,0.007,belief_matching,79,9,True,0.191397
5,0.007,belief_matching,80,9,False,0.176384
5,0.007,belief_matching,81,9,False,0.163396
5,0.007,belief_matching,82,9,False,0.151647
5,0.007,belief_matching,83,9,False,0.180484
5,0.007,belief_matching,84,9,False,0.149719
5,0.007,belief_matching,85,9,False,0.177623
5,0.007,belief_matching,86,9,False,0.162515
5,0.007,belief_matching,87,9,False,0.151187
5,0.007,belief_matching,88,9,False,0.181269
5,0.007,belief_matching,89,9,True,0.1763
5,0.007,belief_matching,90,9,False,0.132177
5,0.007,belief_matching,91,9,False,0.191041
5,0.007,belief_matching,92,9,False,0.15205
5,0.007,belief_matching,93,9,True,0.191373
5,0.007,belief_matching,94,9,False,0.169957
5,0.007,belief_matching,95,9,False,0.197584
5,0.007,belief_matching,96,9,False,0.175876
5,0.007,belief_matching,97,9,False,0.175849
5,0.007,belief_matching,98,9,False,0.190796
5,0.007,belief_matching,99,9,False,0.162492
5,0.01,belief_matching,0,9,True,6.403734
5,0.01,belief_matching,1,9,False,0.185448
5,0.01,belief_matching,2,9,False,0.185732
5,0.01,belief_matching,3,9,True,0.199358
5,0.01,belief_matching,4,9,True,0.199823
5,0.01,belief_matching,5,9,False,0.196745
5,0.01,belief_matching,6,9,True,0.200057
5,0.01,belief_matching,7,9,False,0.180619
5,0.01,belief_matching,8,9,True,0.194662
5,0.01,belief_matching,9,9,True,0.195691
5,0.01,belief_matching,10,9,False,0.198488
5,0.01,belief_matching,11,9,False,0.198229
5,0.01,belief_matching,12,9,True,0.195485
5,0.01,belief_matching,13,9,True,0.199329
5,0.01,belief_matching,14,9,False,0.201312
5,0.01,belief_matching,15,9,False,0.200086
5,0.01,belief_matching,16,9,False,0.203759
5,0.01,belief_matching,17,9,False,0.187096
5,0.01,belief_matching,18,9,True,0.200712
5,0.01,belief_matching,19,9,True,0.18619
5,0.01,belief_matching,20,9,False,0.198921
5,0.01,belief_matching,21,9,False,0.186404
5,0.01,belief_matching,22,9,False,0.199024
5,0.01,belief_matching,23,9,False,0.198213
5,0.01,belief_matching,24,9,True,0.200241
5,0.01,belief_matching,25,9,False,0.199743
5,0.01,belief_matching,26,9,True,0.200176
5,0.01,belief_matching,27,9,True,0.183913
5,0.01,belief_matching,28,9,False,0.199865
5,0.01,belief_matching,29,9,True,0.199334
5,0.01,belief_matching,30,9,False,0.197314
5,0.01,belief_matching,31,9,True,0.198692
5,0.01,belief_matching,32,9,True,0.198697
5,0.01,belief_matching,33,9,False,0.19875
5,0.01,belief_matching,34,9,True,0.198585
5,0.01,belief_matching,35,9,False,0.199405
5,0.01,belief_matching,36,9,False,0.184021
5,0.01,belief_matching,37,9,False,0.230387
5,0.01,belief_matching,38,9,True,0.184324
5,0.01,belief_matching,39,9,True,0.200945
5,0.01,belief_matching,40,9,False,0.200775
5,0.01,belief_matching,41,9,True,0.199343
5,0.01,belief_matching,42,9,False,0.199337
5,0.01,belief_matching,43,9,False,0.197921
5,0.01,belief_matching,44,9,True,0.197068
5,0.01,belief_matching,45,9,False,0.197025
5,0.01,belief_matching,46,9,False,0.198137
5,0.01,belief_matching,47,9,True,0.198557
5,0.01,belief_matching,48,9,False,0.19703
5,0.01,belief_matching,49,9,False,0.196171
5,0.01,belief_matching,50,9,False,0.197502
5,0.01,belief_matching,51,9,True,0.196899
5,0.01,belief_matching,52,9,True,0.197325
5,0.01,belief_matching,53,9,True,0.195972
5,0.01,belief_matching,54,9,False,0.187362
5,0.01,belief_matching,55,9,False,0.195266
5,0.01,belief_matching,56,9,True,0.196969
5,0.01,belief_matching,57,9,True,0.194397
5,0.01,belief_matching,58,9,False,0.179837
5,0.01,belief_matching,59,9,False,0.1967
5,0.01,belief_matching,60,9,False,0.196648
5,0.01,belief_matching,61,9,True,0.196475
5,0.01,belief_matching,62,9,False,0.193835
5,0.01,belief_matching,63,9,False,0.191501
5,0.01,belief_matching,64,9,True,0.19299
5,0.01,belief_matching,65,9,True,0.178342
5,0.01,belief_matching,66,9,True,0.193507
5,0.01,belief_matching,67,9,True,0.19477
5,0.01,belief_matching,68,9,False,0.192054
5,0.01,belief_matching,69,9,False,0.191674
5,0.01,belief_matching,70,9,False,0.192142
5,0.01,belief_matching,71,9,True,0.190424
5,0.01,belief_matching,72,9,False,0.192513
5,0.01,belief_matching,73,9,False,0.195018
5,0.01,belief_matching,74,9,False,0.195479
5,0.01,belief_matching,75,9,False,0.193638
5,0.01,belief_matching,76,9,False,0.194334
5,0.01,belief_matching,77,9,False,0.194504
5,0.01,belief_matching,78,9,False,0.179515
5,0.01,belief_matching,79,9,True,0.194301
5,0.01,belief_matching,80,9,False,0.170628
5,0.01,belief_matching,81,9,False,0.195824
5,0.01,belief_matching,82,9,True,0.195972
5,0.01,belief_matching,83,9,True,0.196107
5,0.01,belief_matching,84,9,True,0.195306
5,0.01,belief_matching,85,9,True,0.196118
5,0.01,belief_matching,86,9,False,0.197147
5,0.01,belief_matching,87,9,True,0.196341
5,0.01,belief_matching,88,9,False,0.193988
5,0.01,belief_matching,89,9,False,0.194854
5,0.01,belief_matching,90,9,True,0.193837
5,0.01,belief_matching,91,9,False,0.194344
5,0.01,belief_matching,92,9,False,0.183501
5,0.01,belief_matching,93,9,True,0.194109
5,0.01,belief_matching,94,9,True,0.194031
5,0.01,belief_matching,95,9,False,0.22741
5,0.01,belief_matching,96,9,True,0.194176
5,0.01,belief_matching,97,9,False,0.195097
5,0.01,belief_matching,98,9,True,0.19511
5,0.01,belief_matching,99,9,True,0.193115
7,0.0005,belief_matching,0,9,False,16.253807
7,0.0005,belief_matching,1,9,False,0.21025
7,0.0005,belief_matching,2,9,False,0.274316
7,0.0005,belief_matching,3,9,False,0.219019
7,0.0005,belief_matching,4,9,False,0.150384
7,0.0005,belief_matching,5,9,False,0.208761
7,0.0005,belief_matching,6,9,False,0.208379
7,0.0005,belief_matching,7,9,False,0.206636
7,0.0005,belief_matching,8,9,False,0.140772
7,0.0005,belief_matching,9,9,False,0.202771
7,0.0005,belief_matching,10,9,False,0.134092
7,0.0005,belief_matching,11,9,False,0.198009
7,0.0005,belief_matching,12,9,False,0.207526
7,0.0005,belief_matching,13,9,False,0.130515
7,0.0005,belief_matching,14,9,False,0.134351
7,0.0005,belief_matching,15,9,False,0.183493
7,0.0005,belief_matching,16,9,False,0.255386
7,0.0005,belief_matching,17,9,False,0.213195
7,0.0005,belief_matching,18,9,False,0.184064
7,0.0005,belief_matching,19,9,False,0.17271
7,0.0005,belief_matching,20,9,False,0.14377
7,0.0005,belief_matching,21,9,False,0.245336
7,0.0005,belief_matching,22,9,False,0.163014
7,0.0005,belief_matching,23,9,False,0.130122
7,0.0005,belief_matching,24,9,False,0.218712
7,0.0005,belief_matching,25,9,False,0.20077
7,0.0005,belief_matching,26,9,False,0.177579
7,0.0005,belief_matching,27,9,False,0.176737
7,0.0005,belief_matching,28,9,False,0.251411
7,0.0005,belief_matching,29,9,False,0.135514
7,0.0005,belief_matching,30,9,False,0.206502
7,0.0005,belief_matching,31,9,False,0.208928
7,0.0005,belief_matching,32,9,False,0.252572
7,0.0005,belief_matching,33,9,False,0.202875
7,0.0005,belief_matching,34,9,False,0.145956
7,0.0005,belief_matching,35,9,False,0.162307
7,0.0005,belief_matching,36,9,False,0.223545
7,0.0005,belief_matching,37,9,False,0.171132
7,0.0005,belief_matching,38,9,False,0.157017
7,0.0005,belief_matching,39,9,False,0.277032
7,0.0005,belief_matching,40,9,False,0.11681
7,0.0005,belief_matching,41,9,False,0.133634
7,0.0005,belief_matching,42,9,False,0.259912
7,0.0005,belief_matching,43,9,False,0.241433
7,0.0005,belief_matching,44,9,False,0.185774
7,0.0005,belief_matching,45,9,False,0.14573
7,0.0005,belief_matching,46,9,False,0.166085
7,0.0005,belief_matching,47,9,False,0.138928
7,0.0005,belief_matching,48,9,False,0.220509
7,0.0005,belief_matching,49,9,False,0.171537
7,0.0005,belief_matching,50,9,False,0.173403
7,0.0005,belief_matching,51,9,False,0.177448
7,0.0005,belief_matching,52,9,False,0.174843
7,0.0005,belief_matching,53,9,False,0.368415
7,0.0005,belief_matching,54,9,False,0.213088
7,0.0005,belief_matching,55,9,False,0.2334
7,0.0005,belief_matching,56,9,False,0.123881
7,0.0005,belief_matching,57,9,False,0.135401
7,0.0005,belief_matching,58,9,False,0.128569
7,0.0005,belief_matching,59,9,False,0.14418
7,0.0005,belief_matching,60,9,False,0.345807
7,0.0005,belief_matching,61,9,False,0.239976
7,0.0005,belief_matching,62,9,False,0.153724
7,0.0005,belief_matching,63,9,False,0.132383
7,0.0005,belief_matching,64,9,False,0.253162
7,0.0005,belief_matching,65,9,False,0.304022
7,0.0005,belief_matching,66,9,False,0.220777
7,0.0005,belief_matching,67,9,False,0.210227
7,0.0005,belief_matching,68,9,False,0.121066
7,0.0005,belief_matching,69,9,False,0.12975
7,0.0005,belief_matching,70,9,False,0.196954
7,0.0005,belief_matching,71,9,False,0.145409
7,0.0005,belief_matching,72,9,False,0.291529
7,0.0005,belief_matching,73,9,False,0.182814
7,0.0005,belief_matching,74,9,False,0.21779
7,0.0005,belief_matching,75,9,False,0.179391
7,0.0005,belief_matching,76,9,False,0.13415
7,0.0005,belief_matching,77,9,False,0.211863
7,0.0005,belief_matching,78,9,False,0.146821
7,0.0005,belief_matching,79,9,False,0.217549
7,0.0005,belief_matching,80,9,False,0.182123
7,0.0005,belief_matching,81,9,False,0.150243
7,0.0005,belief_matching,82,9,False,0.165807
7,0.0005,belief_matching,83,9,False,0.230774
7,0.0005,belief_matching,84,9,False,0.212471
7,0.0005,belief_matching,85,9,False,0.174624
7,0.0005,belief_matching,86,9,False,0.178534
7,0.0005,belief_matching,87,9,False,0.175413
7,0.0005,belief_matching,88,9,False,0.193719
7,0.0005,belief_matching,89,9,False,0.24827
7,0.0005,belief_matching,90,9,False,0.20901
7,0.0005,belief_matching,91,9,False,0.234539
7,0.0005,belief_matching,92,9,False,0.167459
7,0.0005,belief_matching,93,9,False,0.244748
7,0.0005,belief_matching,94,9,False,0.212785
7,0.0005,belief_matching,95,9,False,0.231068
7,0.0005,belief_matching,96,9,False,0.140156
7,0.0005,belief_matching,97,9,False,0.155767
7,0.0005,belief_matching,98,9,False,0.170488
7,0.0005,belief_matching,99,9,False,0.239911
7,0.001,belief_matching,0,9,False,17.387906
7,0.001,belief_matching,1,9,False,0.183408
7,0.001,belief_matching,2,9,False,0.175385
7,0.001,belief_matching,3,9,False,0.336716
7,0.001,belief_matching,4,9,False,0.388301
7,0.001,belief_matching,5,9,False,0.271691
7,0.001,belief_matching,6,9,False,0.257221
7,0.001,belief_matching,7,9,False,0.194365
7,0.001,belief_matching,8,9,False,0.315488
7,0.001,belief_matching,9,9,False,0.214908
7,0.001,belief_matching,10,9,False,0.298382
7,0.001,belief_matching,11,9,False,0.385899
7,0.001,belief_matching,12,9,False,0.359947
7,0.001,belief_matching,13,9,False,0.180202
7,0.001,belief_matching,14,9,False,0.306549
7,0.001,belief_matching,15,9,False,0.161144
7,0.001,belief_matching,16,9,False,0.243225
7,0.001,belief_matching,17,9,False,0.19618
7,0.001,belief_matching,18,9,False,0.311638
7,0.001,belief_matching,19,9,False,0.198996
7,0.001,belief_matching,20,9,False,0.177207
7,0.001,belief_matching,21,9,False,0.232301
7,0.001,belief_matching,22,9,False,0.348886
7,0.001,belief_matching,23,9,False,0.264268
7,0.001,belief_matching,24,9,False,0.162892
7,0.001,belief_matching,25,9,False,0.214549
7,0.001,belief_matching,26,9,False,0.22795
7,0.001,belief_matching,27,9,False,0.183668
7,0.001,belief_matching,28,9,False,0.310525
7,0.001,belief_matching,29,9,False,0.16047
7,0.001,belief_matching,30,9,False,0.273355
7,0.001,belief_matching,31,9,False,0.226446
7,0.001,belief_matching,32,9,False,0.233087
7,0.001,belief_matching,33,9,False,0.396095
7,0.001,belief_matching,34,9,False,0.159795
7,0.001,belief_matching,35,9,False,0.190512
7,0.001,belief_matching,36,9,False,0.328514
7,0.001,belief_matching,37,9,False,0.280268
7,0.001,belief_matching,38,9,False,0.242297
7,0.001,belief_matching,39,9,False,0.236732
7,0.001,belief_matching,40,9,False,0.274967
7,0.001,belief_matching,41,9,False,0.248563
7,0.001,belief_matching,42,9,False,0.220176
7,0.001,belief_matching,43,9,False,0.201656
7,0.001,belief_matching,44,9,False,0.25604
7,0.001,belief_matching,45,9,False,0.232538
7,0.001,belief_matching,46,9,False,0.280559
7,0.001,belief_matching,47,9,False,0.185169
7,0.001,belief_matching,48,9,False,0.213035
7,0.001,belief_matching,49,9,False,0.201113
7,0.001,belief_matching,50,9,False,0.207415
7,0.001,belief_matching,51,9,False,0.207969
7,0.001,belief_matching,52,9,False,0.146579
7,0.001,belief_matching,53,9,False,0.277578
7,0.001,belief_matching,54,9,False,0.271416
7,0.001,belief_matching,55,9,False,0.282097
7,0.001,belief_matching,56,9,False,0.156398
7,0.001,belief_matching,57,9,False,0.149393
7,0.001,belief_matching,58,9,False,0.313799
7,0.001,belief_matching,59,9,False,0.31639
7,0.001,belief_matching,60,9,False,0.355134
7,0.001,belief_matching,61,9,False,0.322244
7,0.001,belief_matching,62,9,False,0.264419
7,0.001,belief_matching,63,9,False,0.224029
7,0.001,belief_matching,64,9,False,0.196743
7,0.001,belief_matching,65,9,False,0.185381
7,0.001,belief_matching,66,9,False,0.362101
7,0.001,belief_matching,67,9,False,0.285545
7,0.001,belief_matching,68,9,False,0.293665
7,0.001,belief_matching,69,9,False,0.199812
7,0.001,belief_matching,70,9,False,0.25102
7,0.001,belief_matching,71,9,False,0.157492
7,0.001,belief_matching,72,9,False,0.326403
7,0.001,belief_matching,73,9,False,0.445487
7,0.001,belief_matching,74,9,False,0.28128
7,0.001,belief_matching,75,9,False,0.197717
7,0.001,belief_matching,76,9,False,0.267341
7,0.001,belief_matching,77,9,False,0.188742
7,0.001,belief_matching,78,9,False,0.226106
7,0.001,belief_matching,79,9,False,0.22828
7,0.001,belief_matching,80,9,False,0.194588
7,0.001,belief_matching,81,9,False,0.276817
7,0.001,belief_matching,82,9,False,0.203083
7,0.001,belief_matching,83,9,False,0.233502
7,0.001,belief_matching,84,9,False,0.308086
7,0.001,belief_matching,85,9,False,0.279891
7,0.001,belief_matching,86,9,False,0.168449
7,0.001,belief_matching,87,9,False,0.236589
7,0.001,belief_matching,88,9,False,0.397027
7,0.001,belief_matching,89,9,False,0.316694
7,0.001,belief_matching,90,9,False,0.267759
7,0.001,belief_matching,91,9,False,0.307721
7,0.001,belief_matching,92,9,False,0.144273
7,0.001,belief_matching,93,9,False,0.311048
7,0.001,belief_matching,94,9,False,0.288448
7,0.001,belief_matching,95,9,False,0.188661
7,0.001,belief_matching,96,9,False,0.16715
7,0.001,belief_matching,97,9,False,0.22972
7,0.001,belief_matching,98,9,False,0.187121
7,0.001,belief_matching,99,9,False,0.394141
7,0.002,belief_matching,0,9,False,16.688785
7,0.002,belief_matching,1,9,False,0.328464
7,0.002,belief_matching,2,9,False,0.41498
7,0.002,belief_matching,3,9,False,0.499765
7,0.002,belief_matching,4,9,False,0.363765
7,0.002,belief_matching,5,9,False,0.429682
7,0.002,belief_matching,6,9,False,0.296355
7,0.002,belief_matching,7,9,False,0.41444
7,0.002,belief_matching,8,9,False,0.462991
7,0.002,belief_matching,9,9,False,0.293183
7,0.002,belief_matching,10,9,False,0.362407
7,0.002,belief_matching,11,9,False,0.274801
7,0.002,belief_matching,12,9,False,0.461804
7,0.002,belief_matching,13,9,False,0.41622
7,0.002,belief_matching,14,9,False,0.243007
7,0.002,belief_matching,15,9,False,0.371469
7,0.002,belief_matching,16,9,False,0.338696
7,0.002,belief_matching,17,9,False,0.374969
7,0.002,belief_matching,18,9,False,0.233221
7,0.002,belief_matching,19,9,False,0.364781
7,0.002,belief_matching,20,9,False,0.344682
7,0.002,belief_matching,21,9,False,0.317218
7,0.002,belief_matching,22,9,False,0.42355
7,0.002,belief_matching,23,9,False,0.297342
7,0.002,belief_matching,24,9,False,0.197076
7,0.002,belief_matching,25,9,False,0.402648
7,0.002,belief_matching,26,9,False,0.419873
7,0.002,belief_matching,27,9,False,0.421237
7,0.002,belief_matching,28,9,False,0.253377
7,0.002,belief_matching,29,9,False,0.36664
7,0.002,belief_matching,30,9,False,0.505723
7,0.002,belief_matching,31,9,False,0.417979
7,0.002,belief_matching,32,9,False,0.278761
7,0.002,belief_matching,33,9,False,0.351098
7,0.002,belief_matching,34,9,False,0.335319
7,0.002,belief_matching,35,9,False,0.427622
7,0.002,belief_matching,36,9,False,0.244304
7,0.002,belief_matching,37,9,False,0.272361
7,0.002,belief_matching,38,9,False,0.379689
7,0.002,belief_matching,39,9,False,0.395051
7,0.002,belief_matching,40,9,False,0.49524
7,0.002,belief_matching,41,9,False,0.429174
7,0.002,belief_matching,42,9,False,0.292286
7,0.002,belief_matching,43,9,False,0.392175
7,0.002,belief_matching,44,9,False,0.344874
7,0.002,belief_matching,45,9,False,0.507918
7,0.002,belief_matching,46,9,False,0.213775
7,0.002,belief_matching,47,9,False,0.325848
7,0.002,belief_matching,48,9,False,0.32438
7,0.002,belief_matching,49,9,False,0.327014
7,0.002,belief_matching,50,9,False,0.21864
7,0.002,belief_matching,51,9,False,0.462777
7,0.002,belief_matching,52,9,False,0.341871
7,0.002,belief_matching,53,9,False,0.461194
7,0.002,belief_matching,54,9,False,0.396713
7,0.002,belief_matching,55,9,False,0.168529
7,0.002,belief_matching,56,9,False,0.452404
7,0.002,belief_matching,57,9,False,0.329195
7,0.002,belief_matching,58,9,False,0.482944
7,0.002,belief_matching,59,9,False,0.420582
7,0.002,belief_matching,60,9,False,0.269125
7,0.002,belief_matching,61,9,False,0.250694
7,0.002,belief_matching,62,9,False,0.449444
7,0.002,belief_matching,63,9,False,0.308469
7,0.002,belief_matching,64,9,False,0.325211
7,0.002,belief_matching,65,9,False,0.367102
7,0.002,belief_matching,66,9,False,0.35598
7,0.002,belief_matching,67,9,False,0.382898
7,0.002,belief_matching,68,9,False,0.327286
7,0.002,belief_matching,69,9,False,0.413513
7,0.002,belief_matching,70,9,False,0.182568
7,0.002,belief_matching,71,9,False,0.49416
7,0.002,belief_matching,72,9,False,0.292972
7,0.002,belief_matching,73,9,False,0.45856
7,0.002,belief_matching,74,9,False,0.183674
7,0.002,belief_matching,75,9,False,0.433556
7,0.002,belief_matching,76,9,False,0.406347
7,0.002,belief_matching,77,9,False,0.40072
7,0.002,belief_matching,78,9,False,0.249512
7,0.002,belief_matching,79,9,False,0.228939
7,0.002,belief_matching,80,9,False,0.333696
7,0.002,belief_matching,81,9,False,0.37299
7,0.002,belief_matching,82,9,False,0.361342
7,0.002,belief_matching,83,9,False,0.309405
7,0.002,belief_matching,84,9,False,0.325107
7,0.002,belief_matching,85,9,False,0.245282
7,0.002,belief_matching,86,9,False,0.406041
7,0.002,belief_matching,87,9,False,0.413397
7,0.002,belief_matching,88,9,False,0.356911
7,0.002,belief_matching,89,9,False,0.451008
7,0.002,belief_matching,90,9,False,0.371713
7,0.002,belief_matching,91,9,False,0.321812
7,0.002,belief_matching,92,9,False,0.427
7,0.002,belief_matching,93,9,False,0.397225
7,0.002,belief_matching,94,9,False,0.37683
7,0.002,belief_matching,95,9,False,0.283064
7,0.002,belief_matching,96,9,False,0.277711
7,0.002,belief_matching,97,9,False,0.35259
7,0.002,belief_matching,98,9,False,0.455652
7,0.002,belief_matching,99,9,False,0.270292
7,0.003,belief_matching,0,9,False,19.948358
7,0.003,belief_matching,1,9,False,0.516
7,0.003,belief_matching,2,9,False,0.606231
7,0.003,belief_matching,3,9,False,0.363439
7,0.003,belief_matching,4,9,False,0.338986
7,0.003,belief_matching,5,9,False,0.519885
7,0.003,belief_matching,6,9,False,0.546067
7,0.003,belief_matching,7,9,False,0.453849
7,0.003,belief_matching,8,9,False,0.554764
7,0.003,belief_matching,9,9,False,0.565853
7,0.003,belief_matching,10,9,False,0.511386
7,0.003,belief_matching,11,9,False,0.660408
7,0.003,belief_matching,12,9,False,0.465984
7,0.003,belief_matching,13,9,False,0.514984
7,0.003,belief_matching,14,9,False,0.61709
7,0.003,belief_matching,15,9,False,0.57834
7,0.003,belief_matching,16,9,False,0.562997
7,0.003,belief_matching,17,9,False,0.435932
7,0.003,belief_matching,18,9,False,0.573696
7,0.003,belief_matching,19,9,False,0.552869
7,0.003,belief_matching,20,9,False,0.470541
7,0.003,belief_matching,21,9,False,0.533629
7,0.003,belief_matching,22,9,False,0.674103
7,0.003,belief_matching,23,9,False,0.672684
7,0.003,belief_matching,24,9,False,0.575841
7,0.003,belief_matching,25,9,False,0.50382
7,0.003,belief_matching,26,9,False,0.405033
7,0.003,belief_matching,27,9,False,0.549864
7,0.003,belief_matching,28,9,False,0.595196
7,0.003,belief_matching,29,9,False,0.649327
7,0.003,belief_matching,30,9,False,0.627272
7,0.003,belief_matching,31,9,False,0.687284
7,0.003,belief_matching,32,9,False,0.516845
7,0.003,belief_matching,33,9,False,0.600538
7,0.003,belief_matching,34,9,False,0.565905
7,0.003,belief_matching,35,9,False,0.668544
7,0.003,belief_matching,36,9,False,0.53201
7,0.003,belief_matching,37,9,False,0.490668
7,0.003,belief_matching,38,9,False,0.588622
7,0.003,belief_matching,39,9,False,0.622419
7,0.003,belief_matching,40,9,False,0.524119
7,0.003,belief_matching,41,9,False,0.538952
7,0.003,belief_matching,42,9,False,0.53765
7,0.003,belief_matching,43,9,False,0.633346
7,0.003,belief_matching,44,9,False,0.663318
7,0.003,belief_matching,45,9,False,0.441935
7,0.003,belief_matching,46,9,False,0.575992
7,0.003,belief_matching,47,9,False,0.504161
7,0.003,belief_matching,48,9,False,0.502064
7,0.003,belief_matching,49,9,False,0.414996
7,0.003,belief_matching,50,9,False,0.654796
7,0.003,belief_matching,51,9,False,0.530852
7,0.003,belief_matching,52,9,False,0.67622
7,0.003,belief_matching,53,9,False,0.676097
7,0.003,belief_matching,54,9,False,0.452498
7,0.003,belief_matching,55,9,False,0.506591
7,0.003,belief_matching,56,9,False,0.526873
7,0.003,belief_matching,57,9,False,0.622144
7,0.003,belief_matching,58,9,False,0.652784
7,0.003,belief_matching,59,9,False,0.500839
7,0.003,belief_matching,60,9,False,0.537365
7,0.003,belief_matching,61,9,False,0.590456
7,0.003,belief_matching,62,9,False,0.467397
7,0.003,belief_matching,63,9,False,0.569185
7,0.003,belief_matching,64,9,False,0.554366
7,0.003,belief_matching,65,9,False,0.531137
7,0.003,belief_matching,66,9,False,0.611049
7,0.003,belief_matching,67,9,False,0.417135
7,0.003,belief_matching,68,9,False,0.52053
7,0.003,belief_matching,69,9,False,0.67468
7,0.003,belief_matching,70,9,False,0.677324
7,0.003,belief_matching,71,9,False,0.590948
7,0.003,belief_matching,72,9,False,0.613118
7,0.003,belief_matching,73,9,False,0.535003
7,0.003,belief_matching,74,9,False,0.499882
7,0.003,belief_matching,75,9,False,0.632347
7,0.003,belief_matching,76,9,False,0.489997
7,0.003,belief_matching,77,9,False,0.641652
7,0.003,belief_matching,78,9,False,0.331676
7,0.003,belief_matching,79,9,False,0.682538
7,0.003,belief_matching,80,9,False,0.465774
7,0.003,belief_matching,81,9,False,0.548933
7,0.003,belief_matching,82,9,False,0.581178
7,0.003,belief_matching,83,9,False,0.619132
7,0.003,belief_matching,84,9,False,0.466243
7,0.003,belief_matching,85,9,False,0.569996
7,0.003,belief_matching,86,9,False,0.625932
7,0.003,belief_matching,87,9,False,0.53429
7,0.003,belief_matching,88,9,False,0.512083
7,0.003,belief_matching,89,9,False,0.551237
7,0.003,belief_matching,90,9,False,0.646436
7,0.003,belief_matching,91,9,False,0.536911
7,0.003,belief_matching,92,9,False,0.485972
7,0.003,belief_matching,93,9,False,0.66523
7,0.003,belief_matching,94,9,False,0.599602
7,0.003,belief_matching,95,9,False,0.603897
7,0.003,belief_matching,96,9,False,0.496912
7,0.003,belief_matching,97,9,False,0.623998
7,0.003,belief_matching,98,9,False,0.387504
7,0.003,belief_matching,99,9,False,0.525993
7,0.005,belief_matching,0,9,False,18.439511
7,0.005,belief_matching,1,9,True,0.64631
7,0.005,belief_matching,2,9,False,0.550048
7,0.005,belief_matching,3,9,False,0.596313
7,0.005,belief_matching,4,9,False,0.643665
7,0.005,belief_matching,5,9,True,0.557453
7,0.005,belief_matching,6,9,False,0.571479
7,0.005,belief_matching,7,9,False,0.511091
7,0.005,belief_matching,8,9,False,0.532659
7,0.005,belief_matching,9,9,True,0.627628
7,0.005,belief_matching,10,9,False,0.462751
7,0.005,belief_matching,11,9,False,0.575813
7,0.005,belief_matching,12,9,False,0.514864
7,0.005,belief_matching,13,9,False,0.630338
7,0.005,belief_matching,14,9,False,0.636312
7,0.005,belief_matching,15,9,False,0.586871
7,0.005,belief_matching,16,9,False,0.643829
7,0.005,belief_matching,17,9,True,0.612549
7,0.005,belief_matching,18,9,False,0.543418
7,0.005,belief_matching,19,9,False,0.593723
7,0.005,belief_matching,20,9,False,0.646336
7,0.005,belief_matching,21,9,False,0.647165
7,0.005,belief_matching,22,9,False,0.665886
7,0.005,belief_matching,23,9,False,0.60061
7,0.005,belief_matching,24,9,False,0.645583
7,0.005,belief_matching,25,9,False,0.645456
7,0.005,belief_matching,26,9,False,0.555052
7,0.005,belief_matching,27,9,False,0.618694
7,0.005,belief_matching,28,9,False,0.622376
7,0.005,belief_matching,29,9,False,0.616587
7,0.005,belief_matching,30,9,False,0.552788
7,0.005,belief_matching,31,9,False,0.516975
7,0.005,belief_matching,32,9,False,0.552512
7,0.005,belief_matching,33,9,False,0.572371
7,0.005,belief_matching,34,9,False,0.553847
7,0.005,belief_matching,35,9,False,0.486206
7,0.005,belief_matching,36,9,False,0.55587
7,0.005,belief_matching,37,9,False,0.528524
7,0.005,belief_matching,38,9,False,0.531174
7,0.005,belief_matching,39,9,False,0.462599
7,0.005,belief_matching,40,9,False,0.554933
7,0.005,belief_matching,41,9,False,0.555912
7,0.005,belief_matching,42,9,True,0.555163
7,0.005,belief_matching,43,9,False,0.553668
7,0.005,belief_matching,44,9,False,0.572041
7,0.005,belief_matching,45,9,False,0.605606
7,0.005,belief_matching,46,9,False,0.644437
7,0.005,belief_matching,47,9,False,0.597888
7,0.005,belief_matching,48,9,False,0.589147
7,0.005,belief_matching,49,9,True,0.643911
7,0.005,belief_matching,50,9,False,0.618473
7,0.005,belief_matching,51,9,False,0.643804
7,0.005,belief_matching,52,9,False,0.630457
7,0.005,belief_matching,53,9,False,0.55356
7,0.005,belief_matching,54,9,False,0.553464
7,0.005,belief_matching,55,9,False,0.572702
7,0.005,belief_matching,56,9,True,0.58975
7,0.005,belief_matching,57,9,False,0.583722
7,0.005,belief_matching,58,9,False,0.627867
7,0.005,belief_matching,59,9,False,0.586854
7,0.005,belief_matching,60,9,True,0.580298
7,0.005,belief_matching,61,9,False,0.597828
7,0.005,belief_matching,62,9,False,0.629351
7,0.005,belief_matching,63,9,False,0.565561
7,0.005,belief_matching,64,9,False,0.55399
7,0.005,belief_matching,65,9,False,0.554296
7,0.005,belief_matching,66,9,False,0.572639
7,0.005,belief_matching,67,9,False,0.509889
7,0.005,belief_matching,68,9,False,0.642537
7,0.005,belief_matching,69,9,True,0.646227
7,0.005,belief_matching,70,9,False,0.647301
7,0.005,belief_matching,71,9,False,0.647671
7,0.005,belief_matching,72,9,False,0.667111
7,0.005,belief_matching,73,9,False,0.601621
7,0.005,belief_matching,74,9,False,0.595973
7,0.005,belief_matching,75,9,False,0.64744
7,0.005,belief_matching,76,9,False,0.64514
7,0.005,belief_matching,77,9,False,0.620625
7,0.005,belief_matching,78,9,False,0.579086
7,0.005,belief_matching,79,9,False,0.553377
7,0.005,belief_matching,80,9,False,0.51978
7,0.005,belief_matching,81,9,False,0.551976
7,0.005,belief_matching,82,9,False,0.514876
7,0.005,belief_matching,83,9,False,0.567288
7,0.005,belief_matching,84,9,False,0.574236
7,0.005,belief_matching,85,9,False,0.495006
7,0.005,belief_matching,86,9,False,0.553919
7,0.005,belief_matching,87,9,False,0.553737
7,0.005,belief_matching,88,9,False,0.573832
7,0.005,belief_matching,89,9,False,0.554357
7,0.005,belief_matching,90,9,False,0.553378
7,0.005,belief_matching,91,9,False,0.555288
7,0.005,belief_matching,92,9,False,0.483519
7,0.005,belief_matching,93,9,False,0.573129
7,0.005,belief_matching,94,9,False,0.558119
7,0.005,belief_matching,95,9,False,0.595755
7,0.005,belief_matching,96,9,False,0.592811
7,0.005,belief_matching,97,9,False,0.641534
7,0.005,belief_matching,98,9,False,0.642179
7,0.005,belief_matching,99,9,False,0.573775
7,0.007,belief_matching,0,9,False,16.780925
7,0.007,belief_matching,1,9,False,0.55604
7,0.007,belief_matching,2,9,False,0.557097
7,0.007,belief_matching,3,9,False,0.55497
7,0.007,belief_matching,4,9,False,0.555551
7,0.007,belief_matching,5,9,False,0.5549
7,0.007,belief_matching,6,9,False,0.580885
7,0.007,belief_matching,7,9,False,0.554718
7,0.007,belief_matching,8,9,False,0.558022
7,0.007,belief_matching,9,9,False,0.556834
7,0.007,belief_matching,10,9,False,0.555683
7,0.007,belief_matching,11,9,False,0.577669
7,0.007,belief_matching,12,9,False,0.556119
7,0.007,belief_matching,13,9,False,0.558164
7,0.007,belief_matching,14,9,False,0.556116
7,0.007,belief_matching,15,9,True,0.556332
7,0.007,belief_matching,16,9,False,0.556205
7,0.007,belief_matching,17,9,False,0.576054
7,0.007,belief_matching,18,9,False,0.557285
7,0.007,belief_matching,19,9,True,0.555689
7,0.007,belief_matching,20,9,True,0.556654
7,0.007,belief_matching,21,9,False,0.55611
7,0.007,belief_matching,22,9,False,0.579063
7,0.007,belief_matching,23,9,True,0.555931
7,0.007,belief_matching,24,9,True,0.556825
7,0.007,belief_matching,25,9,False,0.557325
7,0.007,belief_matching,26,9,False,0.556919
7,0.007,belief_matching,27,9,False,0.557878
7,0.007,belief_matching,28,9,False,0.580733
7,0.007,belief_matching,29,9,True,0.556335
7,0.007,belief_matching,30,9,False,0.554543
7,0.007,belief_matching,31,9,False,0.555015
7,0.007,belief_matching,32,9,False,0.554367
7,0.007,belief_matching,33,9,False,0.580579
7,0.007,belief_matching,34,9,False,0.556694
7,0.007,belief_matching,35,9,False,0.556388
7,0.007,belief_matching,36,9,True,0.560087
7,0.007,belief_matching,37,9,False,0.555169
7,0.007,belief_matching,38,9,False,0.557761
7,0.007,belief_matching,39,9,False,0.578977
7,0.007,belief_matching,40,9,False,0.555505
7,0.007,belief_matching,41,9,False,0.559624
7,0.007,belief_matching,42,9,False,0.558983
7,0.007,belief_matching,43,9,False,0.558685
7,0.007,belief_matching,44,9,True,0.589459
7,0.007,belief_matching,45,9,False,0.531431
7,0.007,belief_matching,46,9,False,0.559054
7,0.007,belief_matching,47,9,False,0.560975
7,0.007,belief_matching,48,9,False,0.561471
7,0.007,belief_matching,49,9,False,0.560744
7,0.007,belief_matching,50,9,True,0.58508
7,0.007,belief_matching,51,9,False,0.560945
7,0.007,belief_matching,52,9,False,0.558827
7,0.007,belief_matching,53,9,False,0.560151
7,0.007,belief_matching,54,9,True,0.55979
7,0.007,belief_matching,55,9,False,0.586605
7,0.007,belief_matching,56,9,False,0.560087
7,0.007,belief_matching,57,9,False,0.560976
7,0.007,belief_matching,58,9,True,0.559128
7,0.007,belief_matching,59,9,False,0.518572
7,0.007,belief_matching,60,9,False,0.557794
7,0.007,belief_matching,61,9,False,0.585504
7,0.007,belief_matching,62,9,False,0.562905
7,0.007,belief_matching,63,9,False,0.560871
7,0.007,belief_matching,64,9,True,0.560734
7,0.007,belief_matching,65,9,True,0.558231
7,0.007,belief_matching,66,9,False,0.596312
7,0.007,belief_matching,67,9,False,0.563297
7,0.007,belief_matching,68,9,True,0.562438
7,0.007,belief_matching,69,9,False,0.559965
7,0.007,belief_matching,70,9,False,0.561896
7,0.007,belief_matching,71,9,False,0.560334
7,0.007,belief_matching,72,9,False,0.595674
7,0.007,belief_matching,73,9,False,0.560049
7,0.007,belief_matching,74,9,False,0.561372
7,0.007,belief_matching,75,9,True,0.561517
7,0.007,belief_matching,76,9,False,0.559284
7,0.007,belief_matching,77,9,False,0.595612
7,0.007,belief_matching,78,9,True,0.56034
7,0.007,belief_matching,79,9,False,0.56043
7,0.007,belief_matching,80,9,False,0.558807
7,0.007,belief_matching,81,9,False,0.559165
7,0.007,belief_matching,82,9,False,0.516372
7,0.007,belief_matching,83,9,True,0.583802
7,0.007,belief_matching,84,9,False,0.530868
7,0.007,belief_matching,85,9,True,0.561531
7,0.007,belief_matching,86,9,False,0.561008
7,0.007,belief_matching,87,9,False,0.561533
7,0.007,belief_matching,88,9,False,0.59262
7,0.007,belief_matching,89,9,False,0.56187
7,0.007,belief_matching,90,9,False,0.559673
7,0.007,belief_matching,91,9,False,0.562035
7,0.007,belief_matching,92,9,False,0.562932
7,0.007,belief_matching,93,9,False,0.593578
7,0.007,belief_matching,94,9,False,0.564127
7,0.007,belief_matching,95,9,False,0.561376
7,0.007,belief_matching,96,9,False,0.562949
7,0.007,belief_matching,97,9,False,0.565541
7,0.007,belief_matching,98,9,False,0.568692
7,0.007,belief_matching,99,9,False,0.59657
7,0.01,belief_matching,0,9,False,16.91498
7,0.01,belief_matching,1,9,False,0.596541
7,0.01,belief_matching,2,9,False,0.571676
7,0.01,belief_matching,3,9,True,0.569736
7,0.01,belief_matching,4,9,False,0.570511
7,0.01,belief_matching,5,9,True,0.569212
7,0.01,belief_matching,6,9,True,0.614345
7,0.01,belief_matching,7,9,True,0.572773
7,0.01,belief_matching,8,9,False,0.570488
7,0.01,belief_matching,9,9,True,0.570248
7,0.01,belief_matching,10,9,False,0.570612
7,0.01,belief_matching,11,9,False,0.612286
7,0.01,belief_matching,12,9,True,0.573979
7,0.01,belief_matching,13,9,False,0.57576
7,0.01,belief_matching,14,9,False,0.567629
7,0.01,belief_matching,15,9,False,0.570581
7,0.01,belief_matching,16,9,False,0.569389
7,0.01,belief_matching,17,9,False,0.604071
7,0.01,belief_matching,18,9,False,0.567375
7,0.01,belief_matching,19,9,True,0.568224
7,0.01,belief_matching,20,9,False,0.568629
7,0.01,belief_matching,21,9,False,0.568581
7,0.01,belief_matching,22,9,True,0.606118
7,0.01,belief_matching,23,9,False,0.568788
7,0.01,belief_matching,24,9,False,0.568438
7,0.01,belief_matching,25,9,False,0.569304
7,0.01,belief_matching,26,9,False,0.567294
7,0.01,belief_matching,27,9,True,0.569095
7,0.01,belief_matching,28,9,True,0.604529
7,0.01,belief_matching,29,9,True,0.568538
7,0.01,belief_matching,30,9,True,0.570229
7,0.01,belief_matching,31,9,False,0.569043
7,0.01,belief_matching,32,9,False,0.570294
7,0.01,belief_matching,33,9,False,0.607467
7,0.01,belief_matching,34,9,True,0.568898
7,0.01,belief_matching,35,9,False,0.572432
7,0.01,belief_matching,36,9,False,0.56841
7,0.01,belief_matching,37,9,False,0.569989
7,0.01,belief_matching,38,9,False,0.570732
7,0.01,belief_matching,39,9,True,0.606065
7,0.01,belief_matching,40,9,False,0.569605
7,0.01,belief_matching,41,9,True,0.568903
7,0.01,belief_matching,42,9,False,0.568745
7,0.01,belief_matching,43,9,False,0.568327
7,0.01,belief_matching,44,9,True,0.606363
7,0.01,belief_matching,45,9,True,0.568345
7,0.01,belief_matching,46,9,True,0.569739
7,0.01,belief_matching,47,9,False,0.569097
7,0.01,belief_matching,48,9,True,0.568365
7,0.01,belief_matching,49,9,False,0.56927
7,0.01,belief_matching,50,9,False,0.604309
7,0.01,belief_matching,51,9,False,0.569297
7,0.01,belief_matching,52,9,True,0.568403
7,0.01,belief_matching,53,9,False,0.567702
7,0.01,belief_matching,54,9,True,0.569267
7,0.01,belief_matching,55,9,False,0.606463
7,0.01,belief_matching,56,9,True,0.568144
7,0.01,belief_matching,57,9,False,0.568715
7,0.01,belief_matching,58,9,True,0.568413
7,0.01,belief_matching,59,9,False,0.569395
7,0.01,belief_matching,60,9,True,0.568095
7,0.01,belief_matching,61,9,True,0.6039
7,0.01,belief_matching,62,9,True,0.571231
7,0.01,belief_matching,63,9,False,0.579663
7,0.01,belief_matching,64,9,True,0.620744
7,0.01,belief_matching,65,9,False,0.655556
7,0.01,belief_matching,66,9,True,0.810934
7,0.01,belief_matching,67,9,False,0.711822
7,0.01,belief_matching,68,9,True,0.584315
7,0.01,belief_matching,69,9,False,0.568886
7,0.01,belief_matching,70,9,True,0.566968
7,0.01,belief_matching,71,9,False,0.572
7,0.01,belief_matching,72,9,True,0.60986
7,0.01,belief_matching,73,9,False,0.576355
7,0.01,belief_matching,74,9,True,0.578431
7,0.01,belief_matching,75,9,False,0.579981
7,0.01,belief_matching,76,9,False,0.582921
7,0.01,belief_matching,77,9,True,0.637915
7,0.01,belief_matching,78,9,True,0.652343
7,0.01,belief_matching,79,9,True,0.64348
7,0.01,belief_matching,80,9,False,0.587497
7,0.01,belief_matching,81,9,True,0.587426
7,0.01,belief_matching,82,9,False,0.574166
7,0.01,belief_matching,83,9,False,0.610344
7,0.01,belief_matching,84,9,False,0.577067
7,0.01,belief_matching,85,9,False,0.588163
7,0.01,belief_matching,86,9,True,0.581165
7,0.01,belief_matching,87,9,False,0.585284
7,0.01,belief_matching,88,9,False,0.628417
7,0.01,belief_matching,89,9,True,0.585491
7,0.01,belief_matching,90,9,True,0.578252
7,0.01,belief_matching,91,9,True,0.576747
7,0.01,belief_matching,92,9,False,0.577553
7,0.01,belief_matching,93,9,False,0.615391
7,0.01,belief_matching,94,9,False,0.571455
7,0.01,belief_matching,95,9,False,0.570932
7,0.01,belief_matching,96,9,False,0.570279
7,0.01,belief_matching,97,9,False,0.566327
7,0.01,belief_matching,98,9,False,0.567304
7,0.01,belief_matching,99,9,True,0.605229
9,0.0005,belief_matching,0,9,False,36.944547
9,0.0005,belief_matching,1,9,False,0.366198
9,0.0005,belief_matching,2,9,False,0.645095
9,0.0005,belief_matching,3,9,False,0.58093
9,0.0005,belief_matching,4,9,False,0.441779
9,0.0005,belief_matching,5,9,False,0.36619
9,0.0005,belief_matching,6,9,False,0.516938
9,0.0005,belief_matching,7,9,False,0.487392
9,0.0005,belief_matching,8,9,False,0.69652
9,0.0005,belief_matching,9,9,False,0.523311
9,0.0005,belief_matching,10,9,False,0.468665
9,0.0005,belief_matching,11,9,False,0.503963
9,0.0005,belief_matching,12,9,False,0.542708
9,0.0005,belief_matching,13,9,False,0.579767
9,0.0005,belief_matching,14,9,False,0.542885
9,0.0005,belief_matching,15,9,False,0.553451
9,0.0005,belief_matching,16,9,False,0.597473
9,0.0005,belief_matching,17,9,False,0.758922
9,0.0005,belief_matching,18,9,False,0.605612
9,0.0005,belief_matching,19,9,False,0.732371
9,0.0005,belief_matching,20,9,False,0.729711
9,0.0005,belief_matching,21,9,False,0.606354
9,0.0005,belief_matching,22,9,False,0.318918
9,0.0005,belief_matching,23,9,False,0.426894
9,0.0005,belief_matching,24,9,False,0.336416
9,0.0005,belief_matching,25,9,False,0.613809
9,0.0005,belief_matching,26,9,False,0.621848
9,0.0005,belief_matching,27,9,False,0.721026
9,0.0005,belief_matching,28,9,False,0.470142
9,0.0005,belief_matching,29,9,False,0.379933
9,0.0005,belief_matching,30,9,False,0.312322
9,0.0005,belief_matching,31,9,False,0.394087
9,0.0005,belief_matching,32,9,False,0.415069
9,0.0005,belief_matching,33,9,False,0.586142
9,0.0005,belief_matching,34,9,False,0.39934
9,0.0005,belief_matching,35,9,False,0.352226
9,0.0005,belief_matching,36,9,False,0.633473
9,0.0005,belief_matching,37,9,False,0.538636
9,0.0005,belief_matching,38,9,False,0.546637
9,0.0005,belief_matching,39,9,False,0.63824
9,0.0005,belief_matching,40,9,False,0.461461
9,0.0005,belief_matching,41,9,False,0.638972
9,0.0005,belief_matching,42,9,False,0.571511
9,0.0005,belief_matching,43,9,False,0.374167
9,0.0005,belief_matching,44,9,False,0.484284
9,0.0005,belief_matching,45,9,False,0.358753
9,0.0005,belief_matching,46,9,False,0.390878
9,0.0005,belief_matching,47,9,False,0.594969
9,0.0005,belief_matching,48,9,False,0.435624
9,0.0005,belief_matching,49,9,False,0.595961
9,0.0005,belief_matching,50,9,False,0.464973
9,0.0005,belief_matching,51,9,False,0.382851
9,0.0005,belief_matching,52,9,False,0.364172
9,0.0005,belief_matching,53,9,False,0.395468
9,0.0005,belief_matching,54,9,False,0.799234
9,0.0005,belief_matching,55,9,False,0.445491
9,0.0005,belief_matching,56,9,False,0.672167
9,0.0005,belief_matching,57,9,False,0.56095
9,0.0005,belief_matching,58,9,False,0.373379
9,0.0005,belief_matching,59,9,False,0.391953
9,0.0005,belief_matching,60,9,False,0.675024
9,0.0005,belief_matching,61,9,False,0.768687
9,0.0005,belief_matching,62,9,False,0.527107
9,0.0005,belief_matching,63,9,False,0.57377
9,0.0005,belief_matching,64,9,False,0.585566
9,0.0005,belief_matching,65,9,False,0.548758
9,0.0005,belief_matching,66,9,False,0.349365
9,0.0005,belief_matching,67,9,False,0.603262
9,0.0005,belief_matching,68,9,False,0.390608
9,0.0005,belief_matching,69,9,False,0.559223
9,0.0005,belief_matching,70,9,False,0.596718
9,0.0005,belief_matching,71,9,False,0.691675
9,0.0005,belief_matching,72,9,False,0.349716
9,0.0005,belief_matching,73,9,False,0.526097
9,0.0005,belief_matching,74,9,False,0.595681
9,0.0005,belief_matching,75,9,False,0.485537
9,0.0005,belief_matching,76,9,False,0.4721
9,0.0005,belief_matching,77,9,False,0.477683
9,0.0005,belief_matching,78,9,False,0.495667
9,0.0005,belief_matching,79,9,False,0.339469
9,0.0005,belief_matching,80,9,False,0.360782
9,0.0005,belief_matching,81,9,False,0.473177
9,0.0005,belief_matching,82,9,False,0.380279
9,0.0005,belief_matching,83,9,False,0.386832
9,0.0005,belief_matching,84,9,False,0.579223
9,0.0005,belief_matching,85,9,False,0.548797
9,0.0005,belief_matching,86,9,False,0.371977
9,0.0005,belief_matching,87,9,False,0.538784
9,0.0005,belief_matching,88,9,False,0.386026
9,0.0005,belief_matching,89,9,False,0.398648
9,0.0005,belief_matching,90,9,False,0.372579
9,0.0005,belief_matching,91,9,False,0.620311
9,0.0005,belief_matching,92,9,False,0.4147
9,0.0005,belief_matching,93,9,False,0.46855
9,0.0005,belief_matching,94,9,False,0.394457
9,0.0005,belief_matching,95,9,False,0.630672
9,0.0005,belief_matching,96,9,False,0.712835
9,0.0005,belief_matching,97,9,False,0.620438
9,0.0005,belief_matching,98,9,False,0.360618
9,0.0005,belief_matching,99,9,False,0.383649
9,0.001,belief_matching,0,9,False,40.18326
9,0.001,belief_matching,1,9,False,0.875233
9,0.001,belief_matching,2,9,False,0.723886
9,0.001,belief_matching,3,9,False,0.732208
9,0.001,belief_matching,4,9,False,0.79505
9,0.001,belief_matching,5,9,False,0.986859
9,0.001,belief_matching,6,9,False,0.970357
9,0.001,belief_matching,7,9,False,0.864748
9,0.001,belief_matching,8,9,False,0.587125
9,0.001,belief_matching,9,9,False,0.686514
9,0.001,belief_matching,10,9,False,0.693708
9,0.001,belief_matching,11,9,False,0.579772
9,0.001,belief_matching,12,9,False,0.643395
9,0.001,belief_matching,13,9,False,0.756635
9,0.001,belief_matching,14,9,False,0.473621
9,0.001,belief_matching,15,9,False,0.88664
9,0.001,belief_matching,16,9,False,0.867902
9,0.001,belief_matching,17,9,False,0.847132
9,0.001,belief_matching,18,9,False,0.483069
9,0.001,belief_matching,19,9,False,0.858134
9,0.001,belief_matching,20,9,False,0.654393
9,0.001,belief_matching,21,9,False,0.505815
9,0.001,belief_matching,22,9,False,0.888592
9,0.001,belief_matching,23,9,False,1.090711
9,0.001,belief_matching,24,9,False,0.583579
9,0.001,belief_matching,25,9,False,0.609876
9,0.001,belief_matching,26,9,False,0.486493
9,0.001,belief_matching,27,9,False,0.758779
9,0.001,belief_matching,28,9,False,0.376328
9,0.001,belief_matching,29,9,False,0.428633
9,0.001,belief_matching,30,9,False,0.524224
9,0.001,belief_matching,31,9,False,0.663435
9,0.001,belief_matching,32,9,False,0.649883
9,0.001,belief_matching,33,9,False,1.168843
9,0.001,belief_matching,34,9,False,0.65995
9,0.001,belief_matching,35,9,False,0.98496
9,0.001,belief_matching,36,9,False,1.014612
9,0.001,belief_matching,37,9,False,1.162761
9,0.001,belief_matching,38,9,False,0.795647
9,0.001,belief_matching,39,9,False,0.692617
9,0.001,belief_matching,40,9,False,0.573637
9,0.001,belief_matching,41,9,False,0.631917
9,0.001,belief_matching,42,9,False,0.773422
9,0.001,belief_matching,43,9,False,1.205633
9,0.001,belief_matching,44,9,False,0.87598
9,0.001,belief_matching,45,9,False,0.858204
9,0.001,belief_matching,46,9,False,0.460236
9,0.001,belief_matching,47,9,False,0.731654
9,0.001,belief_matching,48,9,False,0.600912
9,0.001,belief_matching,49,9,False,0.721784
9,0.001,belief_matching,50,9,False,0.682731
9,0.001,belief_matching,51,9,False,1.000604
9,0.001,belief_matching,52,9,False,0.957707
9,0.001,belief_matching,53,9,False,0.98306
9,0.001,belief_matching,54,9,False,0.834851
9,0.001,belief_matching,55,9,False,0.649533
9,0.001,belief_matching,56,9,False,0.931364
9,0.001,belief_matching,57,9,False,0.911383
9,0.001,belief_matching,58,9,False,0.844609
9,0.001,belief_matching,59,9,False,0.684575
9,0.001,belief_matching,60,9,False,0.81136
9,0.001,belief_matching,61,9,False,1.054589
9,0.001,belief_matching,62,9,False,0.890262
9,0.001,belief_matching,63,9,False,0.923334
9,0.001,belief_matching,64,9,False,0.618706
9,0.001,belief_matching,65,9,False,0.940374
9,0.001,belief_matching,66,9,False,1.000889
9,0.001,belief_matching,67,9,False,0.734892
9,0.001,belief_matching,68,9,False,1.001009
9,0.001,belief_matching,69,9,False,0.805773
9,0.001,belief_matching,70,9,False,0.553819
9,0.001,belief_matching,71,9,False,0.768558
9,0.001,belief_matching,72,9,False,0.81356
9,0.001,belief_matching,73,9,False,0.640457
9,0.001,belief_matching,74,9,False,0.814405
9,0.001,belief_matching,75,9,False,0.742301
9,0.001,belief_matching,76,9,False,0.519599
9,0.001,belief_matching,77,9,False,0.730419
9,0.001,belief_matching,78,9,False,0.654273
9,0.001,belief_matching,79,9,False,0.915516
9,0.001,belief_matching,80,9,False,0.74355
9,0.001,belief_matching,81,9,False,0.585541
9,0.001,belief_matching,82,9,False,0.755096
9,0.001,belief_matching,83,9,False,0.407091
9,0.001,belief_matching,84,9,False,0.814309
9,0.001,belief_matching,85,9,False,0.72858
9,0.001,belief_matching,86,9,False,0.742252
9,0.001,belief_matching,87,9,False,0.791447
9,0.001,belief_matching,88,9,False,0.422261
9,0.001,belief_matching,89,9,False,0.441019
9,0.001,belief_matching,90,9,False,0.703838
9,0.001,belief_matching,91,9,False,0.69129
9,0.001,belief_matching,92,9,False,0.616165
9,0.001,belief_matching,93,9,False,0.410112
9,0.001,belief_matching,94,9,False,0.85231
9,0.001,belief_matching,95,9,False,0.663608
9,0.001,belief_matching,96,9,False,0.585282
9,0.001,belief_matching,97,9,False,0.904858
9,0.001,belief_matching,98,9,False,0.74046
9,0.001,belief_matching,99,9,False,0.708521
9,0.002,belief_matching,0,9,False,38.329628
9,0.002,belief_matching,1,9,False,1.068018
9,0.002,belief_matching,2,9,False,1.0364
9,0.002,belief_matching,3,9,False,0.954025
9,0.002,belief_matching,4,9,False,1.13314
9,0.002,belief_matching,5,9,False,0.98332
9,0.002,belief_matching,6,9,False,1.057098
9,0.002,belief_matching,7,9,False,1.084421
9,0.002,belief_matching,8,9,False,0.831519
9,0.002,belief_matching,9,9,False,1.16027
9,0.002,belief_matching,10,9,False,0.856206
9,0.002,belief_matching,11,9,False,1.056084
9,0.002,belief_matching,12,9,False,0.977899
9,0.002,belief_matching,13,9,False,0.790973
9,0.002,belief_matching,14,9,False,1.064455
9,0.002,belief_matching,15,9,False,0.823846
9,0.002,belief_matching,16,9,False,1.019503
9,0.002,belief_matching,17,9,False,1.248155
9,0.002,belief_matching,18,9,False,0.961535
9,0.002,belief_matching,19,9,False,0.993688
9,0.002,belief_matching,20,9,False,1.126543
9,0.002,belief_matching,21,9,False,1.182068
9,0.002,belief_matching,22,9,False,1.111426
9,0.002,belief_matching,23,9,False,0.655151
9,0.002,belief_matching,24,9,False,1.183201
9,0.002,belief_matching,25,9,False,1.002908
9,0.002,belief_matching,26,9,False,1.218291
9,0.002,belief_matching,27,9,False,1.087188
9,0.002,belief_matching,28,9,False,1.048418
9,0.002,belief_matching,29,9,False,1.114228
9,0.002,belief_matching,30,9,False,1.172173
9,0.002,belief_matching,31,9,False,0.82283
9,0.002,belief_matching,32,9,False,0.943676
9,0.002,belief_matching,33,9,False,1.097453
9,0.002,belief_matching,34,9,False,1.164238
9,0.002,belief_matching,35,9,False,1.292503
9,0.002,belief_matching,36,9,False,0.974038
9,0.002,belief_matching,37,9,False,1.159808
9,0.002,belief_matching,38,9,False,0.954079
9,0.002,belief_matching,39,9,False,1.104213
9,0.002,belief_matching,40,9,False,1.086724
9,0.002,belief_matching,41,9,False,1.000714
9,0.002,belief_matching,42,9,False,1.162978
9,0.002,belief_matching,43,9,False,1.195041
9,0.002,belief_matching,44,9,False,0.930467
9,0.002,belief_matching,45,9,False,1.287073
9,0.002,belief_matching,46,9,False,0.762064
9,0.002,belief_matching,47,9,False,0.824942
9,0.002,belief_matching,48,9,False,0.955454
9,0.002,belief_matching,49,9,False,0.966491
9,0.002,belief_matching,50,9,False,0.984455
9,0.002,belief_matching,51,9,False,0.932917
9,0.002,belief_matching,52,9,False,1.000262
9,0.002,belief_matching,53,9,False,0.856619
9,0.002,belief_matching,54,9,False,1.14952
9,0.002,belief_matching,55,9,False,1.006715
9,0.002,belief_matching,56,9,False,1.053429
9,0.002,belief_matching,57,9,False,0.777861
9,0.002,belief_matching,58,9,False,0.982457
9,0.002,belief_matching,59,9,False,1.118783
9,0.002,belief_matching,60,9,False,0.978741
9,0.002,belief_matching,61,9,False,1.101495
9,0.002,belief_matching,62,9,False,1.04728
9,0.002,belief_matching,63,9,False,1.122152
9,0.002,belief_matching,64,9,False,1.156741
9,0.002,belief_matching,65,9,False,0.831185
9,0.002,belief_matching,66,9,False,1.105974
9,0.002,belief_matching,67,9,False,1.131621
9,0.002,belief_matching,68,9,False,0.94949
9,0.002,belief_matching,69,9,False,1.009255
9,0.002,belief_matching,70,9,False,0.713195
9,0.002,belief_matching,71,9,False,1.077832
9,0.002,belief_matching,72,9,False,0.990442
9,0.002,belief_matching,73,9,False,1.125241
9,0.002,belief_matching,74,9,False,1.035379
9,0.002,belief_matching,75,9,False,1.19924
9,0.002,belief_matching,76,9,False,1.136161
9,0.002,belief_matching,77,9,False,1.018873
9,0.002,belief_matching,78,9,False,1.109524
9,0.002,belief_matching,79,9,False,1.027953
9,0.002,belief_matching,80,9,False,1.230168
9,0.002,belief_matching,81,9,False,0.938306
9,0.002,belief_matching,82,9,False,1.029362
9,0.002,belief_matching,83,9,False,0.824047
9,0.002,belief_matching,84,9,False,1.208662
9,0.002,belief_matching,85,9,False,0.754904
9,0.002,belief_matching,86,9,False,1.010116
9,0.002,belief_matching,87,9,False,1.11928
9,0.002,belief_matching,88,9,False,1.188852
9,0.002,belief_matching,89,9,False,1.064692
9,0.002,belief_matching,90,9,False,1.130612
9,0.002,belief_matching,91,9,False,1.140731
9,0.002,belief_matching,92,9,False,1.120944
9,0.002,belief_matching,93,9,False,1.132895
9,0.002,belief_matching,94,9,False,1.212979
9,0.002,belief_matching,95,9,False,1.256416
9,0.002,belief_matching,96,9,False,1.276521
9,0.002,belief_matching,97,9,False,1.221617
9,0.002,belief_matching,98,9,False,0.931673
9,0.002,belief_matching,99,9,False,1.135784
9,0.003,belief_matching,0,9,False,38.333333
9,0.003,belief_matching,1,9,False,1.249206
9,0.003,belief_matching,2,9,False,1.26874
9,0.003,belief_matching,3,9,False,1.312807
9,0.003,belief_matching,4,9,False,1.176711
9,0.003,belief_matching,5,9,False,1.102805
9,0.003,belief_matching,6,9,False,0.968281
9,0.003,belief_matching,7,9,False,1.305759
9,0.003,belief_matching,8,9,False,1.193116
9,0.003,belief_matching,9,9,False,1.297292
9,0.003,belief_matching,10,9,False,1.265423
9,0.003,belief_matching,11,9,False,1.281789
9,0.003,belief_matching,12,9,False,1.025979
9,0.003,belief_matching,13,9,False,1.18898
9,0.003,belief_matching,14,9,False,1.235485
9,0.003,belief_matching,15,9,False,1.293605
9,0.003,belief_matching,16,9,False,1.25363
9,0.003,belief_matching,17,9,False,1.302325
9,0.003,belief_matching,18,9,False,1.272796
9,0.003,belief_matching,19,9,False,1.307281
9,0.003,belief_matching,20,9,False,1.262466
9,0.003,belief_matching,21,9,False,0.956035
9,0.003,belief_matching,22,9,False,1.194654
9,0.003,belief_matching,23,9,False,1.260193
9,0.003,belief_matching,24,9,False,1.189228
9,0.003,belief_matching,25,9,False,1.341009
9,0.003,belief_matching,26,9,False,1.188797
9,0.003,belief_matching,27,9,False,1.120053
9,0.003,belief_matching,28,9,False,1.13666
9,0.003,belief_matching,29,9,False,1.247782
9,0.003,belief_matching,30,9,False,1.3084
9,0.003,belief_matching,31,9,False,1.330939
9,0.003,belief_matching,32,9,False,1.285595
9,0.003,belief_matching,33,9,False,1.314139
9,0.003,belief_matching,34,9,False,1.267251
9,0.003,belief_matching,35,9,False,1.339718
9,0.003,belief_matching,36,9,False,1.190239
9,0.003,belief_matching,37,9,False,1.333798
9,0.003,belief_matching,38,9,False,1.28956
9,0.003,belief_matching,39,9,False,1.347231
9,0.003,belief_matching,40,9,False,1.238887
9,0.003,belief_matching,41,9,False,1.307786
9,0.003,belief_matching,42,9,False,1.286914
9,0.003,belief_matching,43,9,False,1.237424
9,0.003,belief_matching,44,9,False,1.174872
9,0.003,belief_matching,45,9,False,1.18204
9,0.003,belief_matching,46,9,False,1.084368
9,0.003,belief_matching,47,9,False,1.171001
9,0.003,belief_matching,48,9,False,0.990977
9,0.003,belief_matching,49,9,False,1.297191
9,0.003,belief_matching,50,9,False,1.036243
9,0.003,belief_matching,51,9,False,1.180241
9,0.003,belief_matching,52,9,False,1.292403
9,0.003,belief_matching,53,9,False,1.1717
9,0.003,belief_matching,54,9,False,1.100274
9,0.003,belief_matching,55,9,False,1.233525
9,0.003,belief_matching,56,9,False,1.090516
9,0.003,belief_matching,57,9,False,1.134945
9,0.003,belief_matching,58,9,False,1.277683
9,0.003,belief_matching,59,9,False,1.236424
9,0.003,belief_matching,60,9,False,1.239924
9,0.003,belief_matching,61,9,False,0.996558
9,0.003,belief_matching,62,9,False,1.207472
9,0.003,belief_matching,63,9,False,1.194104
9,0.003,belief_matching,64,9,False,1.289663
9,0.003,belief_matching,65,9,False,1.260744
9,0.003,belief_matching,66,9,False,1.284892
9,0.003,belief_matching,67,9,False,1.171934
9,0.003,belief_matching,68,9,False,1.229369
9,0.003,belief_matching,69,9,False,1.235081
9,0.003,belief_matching,70,9,False,1.272793
9,0.003,belief_matching,71,9,False,1.164426
9,0.003,belief_matching,72,9,False,1.278222
9,0.003,belief_matching,73,9,False,1.160318
9,0.003,belief_matching,74,9,False,1.311584
9,0.003,belief_matching,75,9,False,1.236873
9,0.003,belief_matching,76,9,False,1.347873
9,0.003,belief_matching,77,9,False,1.318002
9,0.003,belief_matching,78,9,False,1.318216
9,0.003,belief_matching,79,9,False,1.073399
9,0.003,belief_matching,80,9,False,1.300283
9,0.003,belief_matching,81,9,False,1.18901
9,0.003,belief_matching,82,9,False,1.330555
9,0.003,belief_matching,83,9,False,1.274695
9,0.003,belief_matching,84,9,False,1.344872
9,0.003,belief_matching,85,9,False,1.133908
9,0.003,belief_matching,86,9,False,1.301126
9,0.003,belief_matching,87,9,False,1.183894
9,0.003,belief_matching,88,9,False,1.239332
9,0.003,belief_matching,89,9,False,1.196265
9,0.003,belief_matching,90,9,False,1.276603
9,0.003,belief_matching,91,9,False,1.244005
9,0.003,belief_matching,92,9,False,1.271139
9,0.003,belief_matching,93,9,False,1.245557
9,0.003,belief_matching,94,9,False,1.195525
9,0.003,belief_matching,95,9,False,1.249654
9,0.003,belief_matching,96,9,False,1.29889
9,0.003,belief_matching,97,9,False,1.199642
9,0.003,belief_matching,98,9,False,1.318748
9,0.003,belief_matching,99,9,False,1.281132
9,0.005,belief_matching,0,9,False,37.413361
9,0.005,belief_matching,1,9,False,1.264086
9,0.005,belief_matching,2,9,False,1.272772
9,0.005,belief_matching,3,9,False,1.311628
9,0.005,belief_matching,4,9,False,1.275328
9,0.005,belief_matching,5,9,False,1.316844
9,0.005,belief_matching,6,9,False,1.29092
9,0.005,belief_matching,7,9,False,1.296545
9,0.005,belief_matching,8,9,False,1.259634
9,0.005,belief_matching,9,9,False,1.312396
9,0.005,belief_matching,10,9,False,1.287724
9,0.005,belief_matching,11,9,False,1.296636
9,0.005,belief_matching,12,9,False,1.258431
9,0.005,belief_matching,13,9,False,1.217886
9,0.005,belief_matching,14,9,True,1.287302
9,0.005,belief_matching,15,9,False,1.318227
9,0.005,belief_matching,16,9,False,1.266315
9,0.005,belief_matching,17,9,False,1.284949
9,0.005,belief_matching,18,9,False,1.270415
9,0.005,belief_matching,19,9,False,1.310305
9,0.005,belief_matching,20,9,False,1.26491
9,0.005,belief_matching,21,9,False,1.288324
9,0.005,belief_matching,22,9,False,1.263674
9,0.005,belief_matching,23,9,False,1.320551
9,0.005,belief_matching,24,9,False,1.281518
9,0.005,belief_matching,25,9,False,1.296337
9,0.005,belief_matching,26,9,True,1.259935
9,0.005,belief_matching,27,9,False,1.306262
9,0.005,belief_matching,28,9,False,1.256771
9,0.005,belief_matching,29,9,False,1.268665
9,0.005,belief_matching,30,9,True,1.248996
9,0.005,belief_matching,31,9,False,1.272859
9,0.005,belief_matching,32,9,True,1.249745
9,0.005,belief_matching,33,9,False,1.296522
9,0.005,belief_matching,34,9,False,1.266776
9,0.005,belief_matching,35,9,False,1.303548
9,0.005,belief_matching,36,9,False,1.254651
9,0.005,belief_matching,37,9,True,1.203125
9,0.005,belief_matching,38,9,False,1.262364
9,0.005,belief_matching,39,9,False,1.285207
9,0.005,belief_matching,40,9,False,1.262215
9,0.005,belief_matching,41,9,False,1.285266
9,0.005,belief_matching,42,9,False,1.254503
9,0.005,belief_matching,43,9,False,1.276751
9,0.005,belief_matching,44,9,False,1.256524
9,0.005,belief_matching,45,9,False,1.273056
9,0.005,belief_matching,46,9,False,1.248524
9,0.005,belief_matching,47,9,False,1.281656
9,0.005,belief_matching,48,9,False,1.250672
9,0.005,belief_matching,49,9,False,1.254381
9,0.005,belief_matching,50,9,False,1.26624
9,0.005,belief_matching,51,9,False,1.298983
9,0.005,belief_matching,52,9,False,1.309564
9,0.005,belief_matching,53,9,False,1.256916
9,0.005,belief_matching,54,9,False,1.308823
9,0.005,belief_matching,55,9,False,1.282025
9,0.005,belief_matching,56,9,False,1.309938
9,0.005,belief_matching,57,9,False,1.268578
9,0.005,belief_matching,58,9,False,1.296119
9,0.005,belief_matching,59,9,False,1.279992
9,0.005,belief_matching,60,9,False,1.303633
9,0.005,belief_matching,61,9,False,1.275169
9,0.005,belief_matching,62,9,False,1.279193
9,0.005,belief_matching,63,9,False,1.304279
9,0.005,belief_matching,64,9,False,1.222726
9,0.005,belief_matching,65,9,False,1.294637
9,0.005,belief_matching,66,9,False,1.305285
9,0.005,belief_matching,67,9,False,1.264867
9,0.005,belief_matching,68,9,False,1.328468
9,0.005,belief_matching,69,9,False,1.288831
9,0.005,belief_matching,70,9,False,1.310762
9,0.005,belief_matching,71,9,False,1.267167
9,0.005,belief_matching,72,9,False,1.315805
9,0.005,belief_matching,73,9,False,1.30307
9,0.005,belief_matching,74,9,False,1.310309
9,0.005,belief_matching,75,9,False,1.267152
9,0.005,belief_matching,76,9,False,1.289857
9,0.005,belief_matching,77,9,False,1.284465
9,0.005,belief_matching,78,9,True,1.313647
9,0.005,belief_matching,79,9,False,1.268859
9,0.005,belief_matching,80,9,False,1.291399
9,0.005,belief_matching,81,9,False,1.283866
9,0.005,belief_matching,82,9,False,1.323171
9,0.005,belief_matching,83,9,False,1.286435
9,0.005,belief_matching,84,9,False,1.305226
9,0.005,belief_matching,85,9,False,1.262267
9,0.005,belief_matching,86,9,False,1.332809
9,0.005,belief_matching,87,9,False,1.289536
9,0.005,belief_matching,88,9,True,1.317597
9,0.005,belief_matching,89,9,False,1.265835
9,0.005,belief_matching,90,9,False,1.297732
9,0.005,belief_matching,91,9,False,1.301301
9,0.005,belief_matching,92,9,False,1.321881
9,0.005,belief_matching,93,9,False,1.284411
9,0.005,belief_matching,94,9,False,1.290919
9,0.005,belief_matching,95,9,False,1.281196
9,0.005,belief_matching,96,9,False,1.322103
9,0.005,belief_matching,97,9,False,1.287641
9,0.005,belief_matching,98,9,False,1.294082
9,0.005,belief_matching,99,9,False,1.263249
9,0.007,belief_matching,0,9,False,38.708283
9,0.007,belief_matching,1,9,False,1.252086
9,0.007,belief_matching,2,9,True,1.257395
9,0.007,belief_matching,3,9,True,1.302581
9,0.007,belief_matching,4,9,False,1.256488
9,0.007,belief_matching,5,9,False,1.286798
9,0.007,belief_matching,6,9,False,1.257752
9,0.007,belief_matching,7,9,False,1.291722
9,0.007,belief_matching,8,9,False,1.261127
9,0.007,belief_matching,9,9,False,1.287183
9,0.007,belief_matching,10,9,True,1.255613
9,0.007,belief_matching,11,9,False,1.284877
9,0.007,belief_matching,12,9,False,1.255178
9,0.007,belief_matching,13,9,False,1.280827
9,0.007,belief_matching,14,9,False,1.253611
9,0.007,belief_matching,15,9,False,1.274813
9,0.007,belief_matching,16,9,False,1.250156
9,0.007,belief_matching,17,9,False,1.287162
9,0.007,belief_matching,18,9,False,1.252617
9,0.007,belief_matching,19,9,False,1.280381
9,0.007,belief_matching,20,9,True,1.25307
9,0.007,belief_matching,21,9,False,1.29462
9,0.007,belief_matching,22,9,False,1.249611
9,0.007,belief_matching,23,9,False,1.281005
9,0.007,belief_matching,24,9,False,1.256073
9,0.007,belief_matching,25,9,False,1.285941
9,0.007,belief_matching,26,9,False,1.251449
9,0.007,belief_matching,27,9,True,1.281105
9,0.007,belief_matching,28,9,False,1.249638
9,0.007,belief_matching,29,9,False,1.27547
9,0.007,belief_matching,30,9,False,1.25028
9,0.007,belief_matching,31,9,False,1.279281
9,0.007,belief_matching,32,9,False,1.250426
9,0.007,belief_matching,33,9,False,1.282447
9,0.007,belief_matching,34,9,False,1.254775
9,0.007,belief_matching,35,9,False,1.281711
9,0.007,belief_matching,36,9,False,1.252222
9,0.007,belief_matching,37,9,False,1.281965
9,0.007,belief_matching,38,9,False,1.256385
9,0.007,belief_matching,39,9,False,1.28943
9,0.007,belief_matching,40,9,False,1.260503
9,0.007,belief_matching,41,9,False,1.286247
9,0.007,belief_matching,42,9,False,1.256204
9,0.007,belief_matching,43,9,False,1.288647
9,0.007,belief_matching,44,9,False,1.252721
9,0.007,belief_matching,45,9,False,1.286945
9,0.007,belief_matching,46,9,True,1.256172
9,0.007,belief_matching,47,9,False,1.277505
9,0.007,belief_matching,48,9,False,1.252835
9,0.007,belief_matching,49,9,False,1.282912
9,0.007,belief_matching,50,9,False,1.258373
9,0.007,belief_matching,51,9,False,1.281844
9,0.007,belief_matching,52,9,False,1.286975
9,0.007,belief_matching,53,9,False,1.25496
9,0.007,belief_matching,54,9,False,1.279544
9,0.007,belief_matching,55,9,True,1.254532
9,0.007,belief_matching,56,9,False,1.276179
9,0.007,belief_matching,57,9,True,1.25916
9,0.007,belief_matching,58,9,False,1.276767
9,0.007,belief_matching,59,9,False,1.256358
9,0.007,belief_matching,60,9,False,1.283103
9,0.007,belief_matching,61,9,True,1.254306
9,0.007,belief_matching,62,9,False,1.284571
9,0.007,belief_matching,63,9,False,1.251987
9,0.007,belief_matching,64,9,False,1.28357
9,0.007,belief_matching,65,9,False,1.250985
9,0.007,belief_matching,66,9,False,1.279867
9,0.007,belief_matching,67,9,False,1.254732
9,0.007,belief_matching,68,9,False,1.288948
9,0.007,belief_matching,69,9,False,1.252877
9,0.007,belief_matching,70,9,False,1.290073
9,0.007,belief_matching,71,9,False,1.259911
9,0.007,belief_matching,72,9,False,1.275476
9,0.007,belief_matching,73,9,True,1.258023
9,0.007,belief_matching,74,9,False,1.286188
9,0.007,belief_matching,75,9,True,1.254545
9,0.007,belief_matching,76,9,False,1.288995
9,0.007,belief_matching,77,9,False,1.253661
9,0.007,belief_matching,78,9,False,1.280402
9,0.007,belief_matching,79,9,False,1.252622
9,0.007,belief_matching,80,9,True,1.28711
9,0.007,belief_matching,81,9,False,1.256726
9,0.007,belief_matching,82,9,False,1.280506
9,0.007,belief_matching,83,9,False,1.254578
9,0.007,belief_matching,84,9,False,1.274426
9,0.007,belief_matching,85,9,False,1.258032
9,0.007,belief_matching,86,9,True,1.274678
9,0.007,belief_matching,87,9,False,1.255164
9,0.007,belief_matching,88,9,False,1.275429
9,0.007,belief_matching,89,9,False,1.247297
9,0.007,belief_matching,90,9,False,1.289223
9,0.007,belief_matching,91,9,True,1.258274
9,0.007,belief_matching,92,9,False,1.278735
9,0.007,belief_matching,93,9,False,1.256148
9,0.007,belief_matching,94,9,False,1.284507
9,0.007,belief_matching,95,9,True,1.261385
9,0.007,belief_matching,96,9,False,1.284873
9,0.007,belief_matching,97,9,False,1.256809
9,0.007,belief_matching,98,9,True,1.290769
9,0.007,belief_matching,99,9,False,1.261485
9,0.01,belief_matching,0,9,False,37.924618
9,0.01,belief_matching,1,9,True,1.251571
9,0.01,belief_matching,2,9,False,1.258234
9,0.01,belief_matching,3,9,False,1.308769
9,0.01,belief_matching,4,9,False,1.259424
9,0.01,belief_matching,5,9,False,1.298657
9,0.01,belief_matching,6,9,True,1.261142
9,0.01,belief_matching,7,9,True,1.293013
9,0.01,belief_matching,8,9,False,1.261237
9,0.01,belief_matching,9,9,True,1.297333
9,0.01,belief_matching,10,9,True,1.259768
9,0.01,belief_matching,11,9,False,1.28309
9,0.01,belief_matching,12,9,False,1.259532
9,0.01,belief_matching,13,9,True,1.288984
9,0.01,belief_matching,14,9,True,1.255256
9,0.01,belief_matching,15,9,False,1.277534
9,0.01,belief_matching,16,9,True,1.251725
9,0.01,belief_matching,17,9,False,1.289715
9,0.01,belief_matching,18,9,False,1.254982
9,0.01,belief_matching,19,9,False,1.282333
9,0.01,belief_matching,20,9,True,1.256158
9,0.01,belief_matching,21,9,False,1.290033
9,0.01,belief_matching,22,9,True,1.255002
9,0.01,belief_matching,23,9,False,1.292139
9,0.01,belief_matching,24,9,False,1.252923
9,0.01,belief_matching,25,9,True,1.294424
9,0.01,belief_matching,26,9,True,1.258957
9,0.01,belief_matching,27,9,False,1.288212
9,0.01,belief_matching,28,9,False,1.263347
9,0.01,belief_matching,29,9,False,1.279588
9,0.01,belief_matching,30,9,True,1.249155
9,0.01,belief_matching,31,9,False,1.280238
9,0.01,belief_matching,32,9,False,1.252048
9,0.01,belief_matching,33,9,True,1.289876
9,0.01,belief_matching,34,9,False,1.257339
9,0.01,belief_matching,35,9,False,1.283768
9,0.01,belief_matching,36,9,False,1.252721
9,0.01,belief_matching,37,9,False,1.276404
9,0.01,belief_matching,38,9,False,1.25604
9,0.01,belief_matching,39,9,True,1.297825
9,0.01,belief_matching,40,9,True,1.261365
9,0.01,belief_matching,41,9,True,1.284731
9,0.01,belief_matching,42,9,True,1.256769
9,0.01,belief_matching,43,9,True,1.284725
9,0.01,belief_matching,44,9,True,1.255032
9,0.01,belief_matching,45,9,True,1.283149
9,0.01,belief_matching,46,9,False,1.254186
9,0.01,belief_matching,47,9,False,1.277651
9,0.01,belief_matching,48,9,False,1.256171
9,0.01,belief_matching,49,9,True,1.289054
9,0.01,belief_matching,50,9,False,1.265093
9,0.01,belief_matching,51,9,False,1.280717
9,0.01,belief_matching,52,9,False,1.289279
9,0.01,belief_matching,53,9,False,1.256661
9,0.01,belief_matching,54,9,True,1.279787
9,0.01,belief_matching,55,9,True,1.253269
9,0.01,belief_matching,56,9,False,1.283618
9,0.01,belief_matching,57,9,True,1.255209
9,0.01,belief_matching,58,9,True,1.290766
9,0.01,belief_matching,59,9,False,1.260297
9,0.01,belief_matching,60,9,True,1.287275
9,0.01,belief_matching,61,9,True,1.254188
9,0.01,belief_matching,62,9,True,1.282458
9,0.01,belief_matching,63,9,False,1.25607
9,0.01,belief_matching,64,9,False,1.281213
9,0.01,belief_matching,65,9,True,1.254911
9,0.01,belief_matching,66,9,True,1.274185
9,0.01,belief_matching,67,9,True,1.262217
9,0.01,belief_matching,68,9,True,1.279653
9,0.01,belief_matching,69,9,True,1.258543
9,0.01,belief_matching,70,9,False,1.285255
9,0.01,belief_matching,71,9,True,1.261258
9,0.01,belief_matching,72,9,False,1.288464
9,0.01,belief_matching,73,9,False,1.251525
9,0.01,belief_matching,74,9,True,1.2951
9,0.01,belief_matching,75,9,False,1.255265
9,0.01,belief_matching,76,9,False,1.302831
9,0.01,belief_matching,77,9,False,1.257175
9,0.01,belief_matching,78,9,False,1.283015
9,0.01,belief_matching,79,9,False,1.257641
9,0.01,belief_matching,80,9,False,1.283191
9,0.01,belief_matching,81,9,False,1.262881
9,0.01,belief_matching,82,9,False,1.289279
9,0.01,belief_matching,83,9,False,1.256414
9,0.01,belief_matching,84,9,False,1.280176
9,0.01,belief_matching,85,9,True,1.265336
9,0.01,belief_matching,86,9,True,1.288513
9,0.01,belief_matching,87,9,False,1.255254
9,0.01,belief_matching,88,9,False,1.286648
9,0.01,belief_matching,89,9,False,1.245631
9,0.01,belief_matching,90,9,True,1.287271
9,0.01,belief_matching,91,9,True,1.258419
9,0.01,belief_matching,92,9,True,1.291541
9,0.01,belief_matching,93,9,True,1.252344
9,0.01,belief_matching,94,9,True,1.288076
9,0.01,belief_matching,95,9,False,1.26192
9,0.01,belief_matching,96,9,False,1.289163
9,0.01,belief_matching,97,9,False,1.260013
9,0.01,belief_matching,98,9,False,1.279597
9,0.01,belief_matching,99,9,True,1.259216
11,0.0005,belief_matching,0,9,False,77.970575
11,0.0005,belief_matching,1,9,False,1.349124
11,0.0005,belief_matching,2,9,False,1.546586
11,0.0005,belief_matching,3,9,False,1.214804
11,0.0005,belief_matching,4,9,False,1.137939
11,0.0005,belief_matching,5,9,False,0.959064
11,0.0005,belief_matching,6,9,False,0.765542
11,0.0005,belief_matching,7,9,False,1.082917
11,0.0005,belief_matching,8,9,False,1.062251
11,0.0005,belief_matching,9,9,False,1.32676
11,0.0005,belief_matching,10,9,False,1.219555
11,0.0005,belief_matching,11,9,False,1.208679
11,0.0005,belief_matching,12,9,False,0.930457
11,0.0005,belief_matching,13,9,False,1.150963
11,0.0005,belief_matching,14,9,False,0.838102
11,0.0005,belief_matching,15,9,False,1.210705
11,0.0005,belief_matching,16,9,False,1.101399
11,0.0005,belief_matching,17,9,False,1.101612
11,0.0005,belief_matching,18,9,False,1.146678
11,0.0005,belief_matching,19,9,False,0.958056
11,0.0005,belief_matching,20,9,False,1.273989
11,0.0005,belief_matching,21,9,False,0.884053
11,0.0005,belief_matching,22,9,False,0.853811
11,0.0005,belief_matching,23,9,False,1.708009
11,0.0005,belief_matching,24,9,False,1.754523
11,0.0005,belief_matching,25,9,False,0.939458
11,0.0005,belief_matching,26,9,False,1.389107
11,0.0005,belief_matching,27,9,False,0.800505
11,0.0005,belief_matching,28,9,False,1.006062
11,0.0005,belief_matching,29,9,False,1.067564
11,0.0005,belief_matching,30,9,False,1.418313
11,0.0005,belief_matching,31,9,False,0.831392
11,0.0005,belief_matching,32,9,False,1.406483
11,0.0005,belief_matching,33,9,False,1.587518
11,0.0005,belief_matching,34,9,False,1.164248
11,0.0005,belief_matching,35,9,False,1.248251
11,0.0005,belief_matching,36,9,False,1.050505
11,0.0005,belief_matching,37,9,False,0.779431
11,0.0005,belief_matching,38,9,False,0.884497
11,0.0005,belief_matching,39,9,False,0.922065
11,0.0005,belief_matching,40,9,False,0.769306
11,0.0005,belief_matching,41,9,False,0.898729
11,0.0005,belief_matching,42,9,False,1.822937
11,0.0005,belief_matching,43,9,False,1.361697
11,0.0005,belief_matching,44,9,False,1.371899
11,0.0005,belief_matching,45,9,False,1.562675
11,0.0005,belief_matching,46,9,False,1.230088
11,0.0005,belief_matching,47,9,False,1.131338
11,0.0005,belief_matching,48,9,False,1.411515
11,0.0005,belief_matching,49,9,False,1.664384
11,0.0005,belief_matching,50,9,False,1.373498
11,0.0005,belief_matching,51,9,False,1.063823
11,0.0005,belief_matching,52,9,False,1.38725
11,0.0005,belief_matching,53,9,False,1.116786
11,0.0005,belief_matching,54,9,False,1.889524
11,0.0005,belief_matching,55,9,False,1.059402
11,0.0005,belief_matching,56,9,False,1.122284
11,0.0005,belief_matching,57,9,False,1.390099
11,0.0005,belief_matching,58,9,False,1.658407
11,0.0005,belief_matching,59,9,False,1.174484
11,0.0005,belief_matching,60,9,False,1.171093
11,0.0005,belief_matching,61,9,False,1.335115
11,0.0005,belief_matching,62,9,False,1.443789
11,0.0005,belief_matching,63,9,False,1.498661
11,0.0005,belief_matching,64,9,False,1.279533
11,0.0005,belief_matching,65,9,False,1.209161
11,0.0005,belief_matching,66,9,False,1.665658
11,0.0005,belief_matching,67,9,False,1.248965
11,0.0005,belief_matching,68,9,False,1.062358
11,0.0005,belief_matching,69,9,False,1.41302
11,0.0005,belief_matching,70,9,False,0.990755
11,0.0005,belief_matching,71,9,False,1.284772
11,0.0005,belief_matching,72,9,False,1.740938
11,0.0005,belief_matching,73,9,False,1.610191
11,0.0005,belief_matching,74,9,False,1.204866
11,0.0005,belief_matching,75,9,False,0.797187
11,0.0005,belief_matching,76,9,False,1.289527
11,0.0005,belief_matching,77,9,False,1.459551
11,0.0005,belief_matching,78,9,False,1.920634
11,0.0005,belief_matching,79,9,False,1.335196
11,0.0005,belief_matching,80,9,False,1.020104
11,0.0005,belief_matching,81,9,False,1.256856
11,0.0005,belief_matching,82,9,False,1.476132
11,0.0005,belief_matching,83,9,False,1.306078
11,0.0005,belief_matching,84,9,False,1.553033
11,0.0005,belief_matching,85,9,False,0.916119
11,0.0005,belief_matching,86,9,False,1.509221
11,0.0005,belief_matching,87,9,False,1.15305
11,0.0005,belief_matching,88,9,False,1.685826
11,0.0005,belief_matching,89,9,False,1.293954
11,0.0005,belief_matching,90,9,False,0.738783
11,0.0005,belief_matching,91,9,False,1.192895
11,0.0005,belief_matching,92,9,False,1.056551
11,0.0005,belief_matching,93,9,False,1.597803
11,0.0005,belief_matching,94,9,False,1.336139
11,0.0005,belief_matching,95,9,False,0.978863
11,0.0005,belief_matching,96,9,False,1.22935
11,0.0005,belief_matching,97,9,False,1.395059
11,0.0005,belief_matching,98,9,False,1.109839
11,0.0005,belief_matching,99,9,False,1.072621
11,0.001,belief_matching,0,9,False,79.811097
11,0.001,belief_matching,1,9,False,1.859421
11,0.001,belief_matching,2,9,False,1.672256
11,0.001,belief_matching,3,9,False,2.201901
11,0.001,belief_matching,4,9,False,1.12937
11,0.001,belief_matching,5,9,False,1.780372
11,0.001,belief_matching,6,9,False,1.880844
11,0.001,belief_matching,7,9,False,2.199406
11,0.001,belief_matching,8,9,False,1.680924
11,0.001,belief_matching,9,9,False,1.502929
11,0.001,belief_matching,10,9,False,2.048294
11,0.001,belief_matching,11,9,False,1.874546
11,0.001,belief_matching,12,9,False,1.442933
11,0.001,belief_matching,13,9,False,1.997795
11,0.001,belief_matching,14,9,False,2.073336
11,0.001,belief_matching,15,9,False,1.985118
11,0.001,belief_matching,16,9,False,1.843003
11,0.001,belief_matching,17,9,False,1.692783
11,0.001,belief_matching,18,9,False,1.615935
11,0.001,belief_matching,19,9,False,1.576164
11,0.001,belief_matching,20,9,False,1.00836
11,0.001,belief_matching,21,9,False,1.667946
11,0.001,belief_matching,22,9,False,1.241135
11,0.001,belief_matching,23,9,False,1.538724
11,0.001,belief_matching,24,9,False,1.156952
11,0.001,belief_matching,25,9,False,1.779091
11,0.001,belief_matching,26,9,False,2.232947
11,0.001,belief_matching,27,9,False,2.09601
11,0.001,belief_matching,28,9,False,1.963798
11,0.001,belief_matching,29,9,False,1.484832
11,0.001,belief_matching,30,9,False,2.023107
11,0.001,belief_matching,31,9,False,1.286585
11,0.001,belief_matching,32,9,False,1.312874
11,0.001,belief_matching,33,9,False,1.931393
11,0.001,belief_matching,34,9,False,1.811745
11,0.001,belief_matching,35,9,False,1.315596
11,0.001,belief_matching,36,9,False,1.990002
11,0.001,belief_matching,37,9,False,1.853144
11,0.001,belief_matching,38,9,False,1.992087
11,0.001,belief_matching,39,9,False,2.000976
11,0.001,belief_matching,40,9,False,1.714662
11,0.001,belief_matching,41,9,False,1.568271
11,0.001,belief_matching,42,9,False,1.571785
11,0.001,belief_matching,43,9,False,1.890983
11,0.001,belief_matching,44,9,False,1.885998
11,0.001,belief_matching,45,9,False,2.280049
11,0.001,belief_matching,46,9,False,2.002232
11,0.001,belief_matching,47,9,False,2.078638
11,0.001,belief_matching,48,9,False,1.859625
11,0.001,belief_matching,49,9,False,2.329616
11,0.001,belief_matching,50,9,False,1.99361
11,0.001,belief_matching,51,9,False,1.996443
11,0.001,belief_matching,52,9,False,1.957781
11,0.001,belief_matching,53,9,False,1.709068
11,0.001,belief_matching,54,9,False,1.64123
11,0.001,belief_matching,55,9,False,2.021047
11,0.001,belief_matching,56,9,False,1.518559
11,0.001,belief_matching,57,9,False,1.931909
11,0.001,belief_matching,58,9,False,2.015792
11,0.001,belief_matching,59,9,False,2.238831
11,0.001,belief_matching,60,9,False,1.655891
11,0.001,belief_matching,61,9,False,2.194416
11,0.001,belief_matching,62,9,False,2.121042
11,0.001,belief_matching,63,9,False,1.692324
11,0.001,belief_matching,64,9,False,2.362738
11,0.001,belief_matching,65,9,False,1.805252
11,0.001,belief_matching,66,9,False,1.719995
11,0.001,belief_matching,67,9,False,1.709576
11,0.001,belief_matching,68,9,False,0.840983
11,0.001,belief_matching,69,9,False,1.900737
11,0.001,belief_matching,70,9,False,1.409078
11,0.001,belief_matching,71,9,False,2.002359
11,0.001,belief_matching,72,9,False,1.921671
11,0.001,belief_matching,73,9,False,1.807328
11,0.001,belief_matching,74,9,False,1.91721
11,0.001,belief_matching,75,9,False,1.470682
11,0.001,belief_matching,76,9,False,1.235598
11,0.001,belief_matching,77,9,False,1.05213
11,0.001,belief_matching,78,9,False,1.510696
11,0.001,belief_matching,79,9,False,1.708861
11,0.001,belief_matching,80,9,False,1.54071
11,0.001,belief_matching,81,9,False,1.417966
11,0.001,belief_matching,82,9,False,1.544847
11,0.001,belief_matching,83,9,False,1.47925
11,0.001,belief_matching,84,9,False,1.533549
11,0.001,belief_matching,85,9,False,2.161859
11,0.001,belief_matching,86,9,False,1.601865
11,0.001,belief_matching,87,9,False,1.399975
11,0.001,belief_matching,88,9,False,1.20665
11,0.001,belief_matching,89,9,False,1.406371
11,0.001,belief_matching,90,9,False,1.25986
11,0.001,belief_matching,91,9,False,1.72078
11,0.001,belief_matching,92,9,False,1.663785
11,0.001,belief_matching,93,9,False,1.70453
11,0.001,belief_matching,94,9,False,1.372199
11,0.001,belief_matching,95,9,False,1.927221
11,0.001,belief_matching,96,9,False,1.540187
11,0.001,belief_matching,97,9,False,1.549902
11,0.001,belief_matching,98,9,False,1.995148
11,0.001,belief_matching,99,9,False,1.66901
11,0.002,belief_matching,0,9,False,79.942475
11,0.002,belief_matching,1,9,False,2.869575
11,0.002,belief_matching,2,9,False,2.678754
11,0.002,belief_matching,3,9,False,2.57234
11,0.002,belief_matching,4,9,False,2.094674
11,0.002,belief_matching,5,9,False,2.536756
11,0.002,belief_matching,6,9,False,2.507607
11,0.002,belief_matching,7,9,False,2.431849
11,0.002,belief_matching,8,9,False,2.054212
11,0.002,belief_matching,9,9,False,2.46331
11,0.002,belief_matching,10,9,False,2.440408
11,0.002,belief_matching,11,9,False,2.278631
11,0.002,belief_matching,12,9,False,2.619554
11,0.002,belief_matching,13,9,False,2.205898
11,0.002,belief_matching,14,9,False,2.222034
11,0.002,belief_matching,15,9,False,2.574295
11,0.002,belief_matching,16,9,False,2.583961
11,0.002,belief_matching,17,9,False,2.397094
11,0.002,belief_matching,18,9,False,2.315789
11,0.002,belief_matching,19,9,False,1.795883
11,0.002,belief_matching,20,9,False,2.48023
11,0.002,belief_matching,21,9,False,2.413308
11,0.002,belief_matching,22,9,False,2.559915
11,0.002,belief_matching,23,9,False,2.698485
11,0.002,belief_matching,24,9,False,2.218424
11,0.002,belief_matching,25,9,False,2.429775
11,0.002,belief_matching,26,9,False,2.519288
11,0.002,belief_matching,27,9,False,2.587541
11,0.002,belief_matching,28,9,False,2.641835
11,0.002,belief_matching,29,9,False,2.609881
11,0.002,belief_matching,30,9,False,2.711791
11,0.002,belief_matching,31,9,False,2.662094
11,0.002,belief_matching,32,9,False,2.741244
11,0.002,belief_matching,33,9,False,2.694724
11,0.002,belief_matching,34,9,False,2.550505
11,0.002,belief_matching,35,9,False,2.223508
11,0.002,belief_matching,36,9,False,2.202328
11,0.002,belief_matching,37,9,False,2.585781
11,0.002,belief_matching,38,9,False,2.818888
11,0.002,belief_matching,39,9,False,2.458275
11,0.002,belief_matching,40,9,False,2.76404
11,0.002,belief_matching,41,9,False,2.770011
11,0.002,belief_matching,42,9,False,2.213619
11,0.002,belief_matching,43,9,False,2.298175
11,0.002,belief_matching,44,9,False,2.512289
11,0.002,belief_matching,45,9,False,2.575676
11,0.002,belief_matching,46,9,False,2.725609
11,0.002,belief_matching,47,9,False,2.789293
11,0.002,belief_matching,48,9,False,2.668534
11,0.002,belief_matching,49,9,False,2.512389
11,0.002,belief_matching,50,9,False,2.237583
11,0.002,belief_matching,51,9,False,2.447292
11,0.002,belief_matching,52,9,False,2.168575
11,0.002,belief_matching,53,9,False,2.544112
11,0.002,belief_matching,54,9,False,2.365122
11,0.002,belief_matching,55,9,False,2.144366
11,0.002,belief_matching,56,9,False,2.214597
11,0.002,belief_matching,57,9,False,2.40147
11,0.002,belief_matching,58,9,False,2.086391
11,0.002,belief_matching,59,9,False,2.133775
11,0.002,belief_matching,60,9,False,2.126275
11,0.002,belief_matching,61,9,False,1.86826
11,0.002,belief_matching,62,9,False,2.281931
11,0.002,belief_matching,63,9,False,2.031161
11,0.002,belief_matching,64,9,False,2.424905
11,0.002,belief_matching,65,9,False,1.947271
11,0.002,belief_matching,66,9,False,2.385183
11,0.002,belief_matching,67,9,False,1.9073
11,0.002,belief_matching,68,9,False,2.387226
11,0.002,belief_matching,69,9,False,2.23934
11,0.002,belief_matching,70,9,False,2.353773
11,0.002,belief_matching,71,9,False,2.005467
11,0.002,belief_matching,72,9,False,1.965843
11,0.002,belief_matching,73,9,False,2.078863
11,0.002,belief_matching,74,9,False,2.113926
11,0.002,belief_matching,75,9,False,2.254691
11,0.002,belief_matching,76,9,False,2.079015
11,0.002,belief_matching,77,9,False,2.27267
11,0.002,belief_matching,78,9,False,2.129014
11,0.002,belief_matching,79,9,False,1.812452
11,0.002,belief_matching,80,9,False,2.192398
11,0.002,belief_matching,81,9,False,2.216467
11,0.002,belief_matching,82,9,False,2.187327
11,0.002,belief_matching,83,9,False,2.17569
11,0.002,belief_matching,84,9,False,2.354984
11,0.002,belief_matching,85,9,False,1.979456
11,0.002,belief_matching,86,9,False,2.227823
11,0.002,belief_matching,87,9,False,1.761732
11,0.002,belief_matching,88,9,False,2.331241
11,0.002,belief_matching,89,9,False,2.361779
11,0.002,belief_matching,90,9,False,2.270905
11,0.002,belief_matching,91,9,False,2.042927
11,0.002,belief_matching,92,9,False,2.214095
11,0.002,belief_matching,93,9,False,2.346531
11,0.002,belief_matching,94,9,False,2.378587
11,0.002,belief_matching,95,9,False,1.867569
11,0.002,belief_matching,96,9,False,2.356018
11,0.002,belief_matching,97,9,False,2.229018
11,0.002,belief_matching,98,9,False,2.093465
11,0.002,belief_matching,99,9,False,1.842848
11,0.003,belief_matching,0,9,False,78.576081
11,0.003,belief_matching,1,9,False,2.480014
11,0.003,belief_matching,2,9,False,2.455272
11,0.003,belief_matching,3,9,False,2.494568
11,0.003,belief_matching,4,9,False,2.459593
11,0.003,belief_matching,5,9,False,2.473378
11,0.003,belief_matching,6,9,False,2.384515
11,0.003,belief_matching,7,9,False,2.469045
11,0.003,belief_matching,8,9,False,2.52106
11,0.003,belief_matching,9,9,False,2.468818
11,0.003,belief_matching,10,9,False,2.479828
11,0.003,belief_matching,11,9,False,2.515284
11,0.003,belief_matching,12,9,False,2.42685
11,0.003,belief_matching,13,9,False,2.559715
11,0.003,belief_matching,14,9,False,2.509618
11,0.003,belief_matching,15,9,False,2.525611
11,0.003,belief_matching,16,9,False,2.392049
11,0.003,belief_matching,17,9,False,2.307613
11,0.003,belief_matching,18,9,False,2.529661
11,0.003,belief_matching,19,9,False,2.535106
11,0.003,belief_matching,20,9,False,2.559746
11,0.003,belief_matching,21,9,False,2.54359
11,0.003,belief_matching,22,9,False,2.55619
11,0.003,belief_matching,23,9,False,2.557389
11,0.003,belief_matching,24,9,False,2.581785
11,0.003,belief_matching,25,9,False,2.543345
11,0.003,belief_matching,26,9,False,2.555278
11,0.003,belief_matching,27,9,False,2.514925
11,0.003,belief_matching,28,9,False,2.510323
11,0.003,belief_matching,29,9,False,2.634473
11,0.003,belief_matching,30,9,False,2.614831
11,0.003,belief_matching,31,9,False,2.49481
11,0.003,belief_matching,32,9,False,2.515301
11,0.003,belief_matching,33,9,False,2.619556
11,0.003,belief_matching,34,9,False,2.540933
11,0.003,belief_matching,35,9,False,2.488266
11,0.003,belief_matching,36,9,False,2.479489
11,0.003,belief_matching,37,9,False,2.38789
11,0.003,belief_matching,38,9,False,2.476682
11,0.003,belief_matching,39,9,False,2.454744
11,0.003,belief_matching,40,9,False,2.44671
11,0.003,belief_matching,41,9,True,2.503748
11,0.003,belief_matching,42,9,False,2.521559
11,0.003,belief_matching,43,9,False,2.500232
11,0.003,belief_matching,44,9,False,2.415347
11,0.003,belief_matching,45,9,False,2.449168
11,0.003,belief_matching,46,9,False,2.370922
11,0.003,belief_matching,47,9,False,2.49458
11,0.003,belief_matching,48,9,False,2.439706
11,0.003,belief_matching,49,9,False,2.469235
11,0.003,belief_matching,50,9,False,2.487093
11,0.003,belief_matching,51,9,False,2.476089
11,0.003,belief_matching,52,9,False,2.499092
11,0.003,belief_matching,53,9,False,2.522071
11,0.003,belief_matching,54,9,False,2.441371
11,0.003,belief_matching,55,9,False,2.501764
11,0.003,belief_matching,56,9,False,2.449811
11,0.003,belief_matching,57,9,False,2.409088
11,0.003,belief_matching,58,9,False,2.478143
11,0.003,belief_matching,59,9,False,2.451269
11,0.003,belief_matching,60,9,False,2.420516
11,0.003,belief_matching,61,9,False,2.249956
11,0.003,belief_matching,62,9,False,2.431318
11,0.003,belief_matching,63,9,False,2.447677
11,0.003,belief_matching,64,9,False,2.516796
11,0.003,belief_matching,65,9,False,2.564015
11,0.003,belief_matching,66,9,False,2.413745
11,0.003,belief_matching,67,9,False,2.526361
11,0.003,belief_matching,68,9,False,2.468663
11,0.003,belief_matching,69,9,False,2.420338
11,0.003,belief_matching,70,9,False,2.515599
11,0.003,belief_matching,71,9,False,2.361733
11,0.003,belief_matching,72,9,False,2.515159
11,0.003,belief_matching,73,9,False,2.50774
11,0.003,belief_matching,74,9,False,2.534976
11,0.003,belief_matching,75,9,False,2.500679
11,0.003,belief_matching,76,9,False,2.337645
11,0.003,belief_matching,77,9,False,2.47036
11,0.003,belief_matching,78,9,False,2.51652
11,0.003,belief_matching,79,9,False,2.464332
11,0.003,belief_matching,80,9,False,2.553675
11,0.003,belief_matching,81,9,False,2.537827
11,0.003,belief_matching,82,9,False,2.485106
11,0.003,belief_matching,83,9,False,2.478017
11,0.003,belief_matching,84,9,False,2.431599
11,0.003,belief_matching,85,9,False,2.586178
11,0.003,belief_matching,86,9,False,2.475339
11,0.003,belief_matching,87,9,False,2.475621
11,0.003,belief_matching,88,9,False,2.460447
11,0.003,belief_matching,89,9,False,2.461794
11,0.003,belief_matching,90,9,False,2.524906
11,0.003,belief_matching,91,9,False,2.447381
11,0.003,belief_matching,92,9,False,2.486825
11,0.003,belief_matching,93,9,False,2.423174
11,0.003,belief_matching,94,9,False,2.460865
11,0.003,belief_matching,95,9,False,2.461542
11,0.003,belief_matching,96,9,False,2.383859
11,0.003,belief_matching,97,9,False,2.495371
11,0.003,belief_matching,98,9,False,2.417831
11,0.003,belief_matching,99,9,False,2.46688
11,0.005,belief_matching,0,9,False,78.263599
11,0.005,belief_matching,1,9,False,2.364226
11,0.005,belief_matching,2,9,False,2.547115
11,0.005,belief_matching,3,9,False,2.712089
11,0.005,belief_matching,4,9,False,2.696451
11,0.005,belief_matching,5,9,False,2.685703
11,0.005,belief_matching,6,9,False,2.436792
11,0.005,belief_matching,7,9,True,2.362723
11,0.005,belief_matching,8,9,False,2.352957
11,0.005,belief_matching,9,9,False,2.357214
11,0.005,belief_matching,10,9,False,2.504696
11,0.005,belief_matching,11,9,False,2.691164
11,0.005,belief_matching,12,9,False,2.625419
11,0.005,belief_matching,13,9,False,2.484172
11,0.005,belief_matching,14,9,False,2.647926
11,0.005,belief_matching,15,9,False,2.363722
11,0.005,belief_matching,16,9,False,2.490518
11,0.005,belief_matching,17,9,False,2.728535
11,0.005,belief_matching,18,9,False,2.506152
11,0.005,belief_matching,19,9,False,2.64923
11,0.005,belief_matching,20,9,False,2.742456
11,0.005,belief_matching,21,9,False,2.422223
11,0.005,belief_matching,22,9,False,2.374997
11,0.005,belief_matching,23,9,False,2.75352
11,0.005,belief_matching,24,9,False,2.437483
11,0.005,belief_matching,25,9,False,2.748762
11,0.005,belief_matching,26,9,False,2.740719
11,0.005,belief_matching,27,9,False,2.48309
11,0.005,belief_matching,28,9,False,2.37838
11,0.005,belief_matching,29,9,False,2.536639
11,0.005,belief_matching,30,9,False,2.625549
11,0.005,belief_matching,31,9,False,2.736215
11,0.005,belief_matching,32,9,False,2.714957
11,0.005,belief_matching,33,9,False,2.536382
11,0.005,belief_matching,34,9,False,2.376373
11,0.005,belief_matching,35,9,False,2.417423
11,0.005,belief_matching,36,9,False,2.680691
11,0.005,belief_matching,37,9,False,2.723953
11,0.005,belief_matching,38,9,False,2.708845
11,0.005,belief_matching,39,9,False,2.527309
11,0.005,belief_matching,40,9,True,2.37
11,0.005,belief_matching,41,9,False,2.481131
11,0.005,belief_matching,42,9,False,2.71253
11,0.005,belief_matching,43,9,False,2.671194
11,0.005,belief_matching,44,9,False,2.673434
11,0.005,belief_matching,45,9,False,2.659678
11,0.005,belief_matching,46,9,False,2.36236
11,0.005,belief_matching,47,9,False,2.346929
11,0.005,belief_matching,48,9,False,2.326707
11,0.005,belief_matching,49,9,False,2.613096
11,0.005,belief_matching,50,9,False,2.678209
11,0.005,belief_matching,51,9,False,2.709256
11,0.005,belief_matching,52,9,True,2.402431
11,0.005,belief_matching,53,9,False,2.378941
11,0.005,belief_matching,54,9,False,2.344552
11,0.005,belief_matching,55,9,False,2.461315
11,0.005,belief_matching,56,9,False,2.672315
11,0.005,belief_matching,57,9,False,2.686554
11,0.005,belief_matching,58,9,False,2.702605
11,0.005,belief_matching,59,9,False,2.555127
11,0.005,belief_matching,60,9,False,2.34741
11,0.005,belief_matching,61,9,False,2.344317
11,0.005,belief_matching,62,9,False,2.500328
11,0.005,belief_matching,63,9,False,2.679814
11,0.005,belief_matching,64,9,False,2.69246
11,0.005,belief_matching,65,9,False,2.673153
11,0.005,belief_matching,66,9,False,2.373025
11,0.005,belief_matching,67,9,False,2.357504
11,0.005,belief_matching,68,9,False,2.667917
11,0.005,belief_matching,69,9,False,2.69918
11,0.005,belief_matching,70,9,False,2.677837
11,0.005,belief_matching,71,9,False,2.684375
11,0.005,belief_matching,72,9,False,2.464424
11,0.005,belief_matching,73,9,False,2.367676
11,0.005,belief_matching,74,9,False,2.551404
11,0.005,belief_matching,75,9,False,2.718742
11,0.005,belief_matching,76,9,False,2.722199
11,0.005,belief_matching,77,9,False,2.723504
11,0.005,belief_matching,78,9,False,2.404557
11,0.005,belief_matching,79,9,False,2.374869
11,0.005,belief_matching,80,9,False,2.43543
11,0.005,belief_matching,81,9,False,2.759887
11,0.005,belief_matching,82,9,False,2.731466
11,0.005,belief_matching,83,9,False,2.492182
11,0.005,belief_matching,84,9,False,2.698492
11,0.005,belief_matching,85,9,False,2.409606
11,0.005,belief_matching,86,9,False,2.402893
11,0.005,belief_matching,87,9,False,2.696484
11,0.005,belief_matching,88,9,False,2.674745
11,0.005,belief_matching,89,9,False,2.438268
11,0.005,belief_matching,90,9,False,2.742307
11,0.005,belief_matching,91,9,True,2.420827
11,0.005,belief_matching,92,9,False,2.434032
11,0.005,belief_matching,93,9,False,2.741496
11,0.005,belief_matching,94,9,False,2.591658
11,0.005,belief_matching,95,9,False,2.39251
11,0.005,belief_matching,96,9,False,2.741577
11,0.005,belief_matching,97,9,False,2.50035
11,0.005,belief_matching,98,9,False,2.385661
11,0.005,belief_matching,99,9,False,2.635317
11,0.007,belief_matching,0,9,False,78.559857
11,0.007,belief_matching,1,9,False,2.347702
11,0.007,belief_matching,2,9,False,2.531139
11,0.007,belief_matching,3,9,True,2.704104
11,0.007,belief_matching,4,9,False,2.681202
11,0.007,belief_matching,5,9,False,2.681015
11,0.007,belief_matching,6,9,False,2.446741
11,0.007,belief_matching,7,9,False,2.356559
11,0.007,belief_matching,8,9,False,2.347555
11,0.007,belief_matching,9,9,False,2.355888
11,0.007,belief_matching,10,9,False,2.498509
11,0.007,belief_matching,11,9,False,2.694167
11,0.007,belief_matching,12,9,False,2.63438
11,0.007,belief_matching,13,9,False,2.456341
11,0.007,belief_matching,14,9,False,2.662657
11,0.007,belief_matching,15,9,False,2.355239
11,0.007,belief_matching,16,9,False,2.452379
11,0.007,belief_matching,17,9,False,2.729058
11,0.007,belief_matching,18,9,True,2.520408
11,0.007,belief_matching,19,9,False,2.648047
11,0.007,belief_matching,20,9,False,2.737885
11,0.007,belief_matching,21,9,False,2.436174
11,0.007,belief_matching,22,9,False,2.35914
11,0.007,belief_matching,23,9,False,2.73488
11,0.007,belief_matching,24,9,True,2.435224
11,0.007,belief_matching,25,9,False,2.739554
11,0.007,belief_matching,26,9,False,2.737394
11,0.007,belief_matching,27,9,False,2.494803
11,0.007,belief_matching,28,9,True,2.355842
11,0.007,belief_matching,29,9,True,2.535872
11,0.007,belief_matching,30,9,False,2.581056
11,0.007,belief_matching,31,9,False,2.730791
11,0.007,belief_matching,32,9,False,2.719289
11,0.007,belief_matching,33,9,False,2.55067
11,0.007,belief_matching,34,9,False,2.361834
11,0.007,belief_matching,35,9,False,2.381053
11,0.007,belief_matching,36,9,False,2.671516
11,0.007,belief_matching,37,9,True,2.719481
11,0.007,belief_matching,38,9,False,2.70239
11,0.007,belief_matching,39,9,False,2.559488
11,0.007,belief_matching,40,9,True,2.35477
11,0.007,belief_matching,41,9,False,2.449166
11,0.007,belief_matching,42,9,False,2.703032
11,0.007,belief_matching,43,9,False,2.655999
11,0.007,belief_matching,44,9,False,2.663935
11,0.007,belief_matching,45,9,True,2.680185
11,0.007,belief_matching,46,9,False,2.359133
11,0.007,belief_matching,47,9,False,2.349574
11,0.007,belief_matching,48,9,True,2.348438
11,0.007,belief_matching,49,9,False,2.563153
11,0.007,belief_matching,50,9,False,2.696536
11,0.007,belief_matching,51,9,False,2.697559
11,0.007,belief_matching,52,9,True,2.448195
11,0.007,belief_matching,53,9,False,2.359141
11,0.007,belief_matching,54,9,False,2.354766
11,0.007,belief_matching,55,9,False,2.412422
11,0.007,belief_matching,56,9,True,2.665766
11,0.007,belief_matching,57,9,False,2.679195
11,0.007,belief_matching,58,9,True,2.686911
11,0.007,belief_matching,59,9,False,2.588339
11,0.007,belief_matching,60,9,False,2.353924
11,0.007,belief_matching,61,9,False,2.347648
11,0.007,belief_matching,62,9,False,2.470023
11,0.007,belief_matching,63,9,False,2.65818
11,0.007,belief_matching,64,9,False,2.697777
11,0.007,belief_matching,65,9,False,2.713958
11,0.007,belief_matching,66,9,False,2.364319
11,0.007,belief_matching,67,9,False,2.354294
11,0.007,belief_matching,68,9,False,2.629721
11,0.007,belief_matching,69,9,False,2.697537
11,0.007,belief_matching,70,9,False,2.675471
11,0.007,belief_matching,71,9,True,2.673685
11,0.007,belief_matching,72,9,False,2.504226
11,0.007,belief_matching,73,9,False,2.358898
11,0.007,belief_matching,74,9,False,2.480321
11,0.007,belief_matching,75,9,False,2.714607
11,0.007,belief_matching,76,9,False,2.720283
11,0.007,belief_matching,77,9,False,2.726604
11,0.007,belief_matching,78,9,False,2.436533
11,0.007,belief_matching,79,9,False,2.373142
11,0.007,belief_matching,80,9,False,2.354755
11,0.007,belief_matching,81,9,False,2.759763
11,0.007,belief_matching,82,9,False,2.736473
11,0.007,belief_matching,83,9,False,2.55593
11,0.007,belief_matching,84,9,False,2.624213
11,0.007,belief_matching,85,9,True,2.472658
11,0.007,belief_matching,86,9,False,2.355707
11,0.007,belief_matching,87,9,False,2.657673
11,0.007,belief_matching,88,9,True,2.673677
11,0.007,belief_matching,89,9,False,2.452051
11,0.007,belief_matching,90,9,False,2.707624
11,0.007,belief_matching,91,9,False,2.476535
11,0.007,belief_matching,92,9,False,2.358099
11,0.007,belief_matching,93,9,True,2.719167
11,0.007,belief_matching,94,9,False,2.676928
11,0.007,belief_matching,95,9,False,2.359056
11,0.007,belief_matching,96,9,False,2.69772
11,0.007,belief_matching,97,9,False,2.563804
11,0.007,belief_matching,98,9,False,2.354928
11,0.007,belief_matching,99,9,True,2.544086
11,0.01,belief_matching,0,9,False,73.798006
11,0.01,belief_matching,1,9,False,2.583103
11,0.01,belief_matching,2,9,False,2.616475
11,0.01,belief_matching,3,9,True,2.659179
11,0.01,belief_matching,4,9,True,2.488848
11,0.01,belief_matching,5,9,False,2.529532
11,0.01,belief_matching,6,9,False,2.508508
11,0.01,belief_matching,7,9,True,2.48644
11,0.01,belief_matching,8,9,False,2.456866
11,0.01,belief_matching,9,9,True,2.472148
11,0.01,belief_matching,10,9,False,2.534989
11,0.01,belief_matching,11,9,False,2.452836
11,0.01,belief_matching,12,9,False,2.479326
11,0.01,belief_matching,13,9,True,2.509137
11,0.01,belief_matching,14,9,False,2.46319
11,0.01,belief_matching,15,9,False,2.538017
11,0.01,belief_matching,16,9,False,2.442563
11,0.01,belief_matching,17,9,False,2.461183
11,0.01,belief_matching,18,9,True,2.626798
11,0.01,belief_matching,19,9,False,2.557353
11,0.01,belief_matching,20,9,False,2.476298
11,0.01,belief_matching,21,9,True,2.562608
11,0.01,belief_matching,22,9,False,2.47936
11,0.01,belief_matching,23,9,True,2.46667
11,0.01,belief_matching,24,9,False,2.491721
11,0.01,belief_matching,25,9,False,2.492579
11,0.01,belief_matching,26,9,True,2.44325
11,0.01,belief_matching,27,9,True,2.463462
11,0.01,belief_matching,28,9,False,2.527603
11,0.01,belief_matching,29,9,False,2.445548
11,0.01,belief_matching,30,9,False,2.488307
11,0.01,belief_matching,31,9,True,2.464378
11,0.01,belief_matching,32,9,True,2.462779
11,0.01,belief_matching,33,9,False,2.508972
11,0.01,belief_matching,34,9,False,2.55728
11,0.01,belief_matching,35,9,True,2.478301
11,0.01,belief_matching,36,9,False,2.484661
11,0.01,belief_matching,37,9,False,2.469761
11,0.01,belief_matching,38,9,False,2.46092
11,0.01,belief_matching,39,9,False,2.470684
11,0.01,belief_matching,40,9,False,2.598229
11,0.01,belief_matching,41,9,False,2.460796
11,0.01,belief_matching,42,9,False,2.508838
11,0.01,belief_matching,43,9,False,2.45108
11,0.01,belief_matching,44,9,True,2.452942
11,0.01,belief_matching,45,9,False,2.450402
11,0.01,belief_matching,46,9,False,2.503066
11,0.01,belief_matching,47,9,True,2.51697
11,0.01,belief_matching,48,9,False,2.455584
11,0.01,belief_matching,49,9,True,2.519359
11,0.01,belief_matching,50,9,False,2.452705
11,0.01,belief_matching,51,9,False,2.422548
11,0.01,belief_matching,52,9,True,2.488353
11,0.01,belief_matching,53,9,False,2.527777
11,0.01,belief_matching,54,9,False,2.464297
11,0.01,belief_matching,55,9,False,2.510599
11,0.01,belief_matching,56,9,False,2.468028
11,0.01,belief_matching,57,9,True,2.466978
11,0.01,belief_matching,58,9,False,2.443487
11,0.01,belief_matching,59,9,False,2.521167
11,0.01,belief_matching,60,9,True,2.480749
11,0.01,belief_matching,61,9,True,2.452699
11,0.01,belief_matching,62,9,True,2.587571
11,0.01,belief_matching,63,9,False,2.757851
11,0.01,belief_matching,64,9,True,2.544518
11,0.01,belief_matching,65,9,True,2.584847
11,0.01,belief_matching,66,9,True,2.670486
11,0.01,belief_matching,67,9,False,2.427932
11,0.01,belief_matching,68,9,True,2.533144
11,0.01,belief_matching,69,9,True,2.470318
11,0.01,belief_matching,70,9,False,2.451192
11,0.01,belief_matching,71,9,True,2.462385
11,0.01,belief_matching,72,9,False,2.502574
11,0.01,belief_matching,73,9,False,2.530008
11,0.01,belief_matching,74,9,False,2.478213
11,0.01,belief_matching,75,9,False,2.459677
11,0.01,belief_matching,76,9,False,2.486322
11,0.01,belief_matching,77,9,False,2.525338
11,0.01,belief_matching,78,9,True,2.438651
11,0.01,belief_matching,79,9,False,2.609391
11,0.01,belief_matching,80,9,False,2.533499
11,0.01,belief_matching,81,9,False,2.506319
11,0.01,belief_matching,82,9,False,2.665494
11,0.01,belief_matching,83,9,True,2.44857
11,0.01,belief_matching,84,9,False,2.449477
11,0.01,belief_matching,85,9,True,2.535956
11,0.01,belief_matching,86,9,True,2.508819
11,0.01,belief_matching,87,9,True,2.455091
11,0.01,belief_matching,88,9,True,2.466411
11,0.01,belief_matching,89,9,True,2.462768
11,0.01,belief_matching,90,9,True,2.446468
11,0.01,belief_matching,91,9,False,2.616863
11,0.01,belief_matching,92,9,False,2.456281
11,0.01,belief_matching,93,9,True,2.446635
11,0.01,belief_matching,94,9,False,2.451531
11,0.01,belief_matching,95,9,False,2.500488
11,0.01,belief_matching,96,9,True,2.457239
11,0.01,belief_matching,97,9,True,2.475685
11,0.01,belief_matching,98,9,False,2.46341
11,0.01,belief_matching,99,9,False,2.462921
