distance,physical_error_probability,algorithm,seed,windows,logical_failure,wall_seconds
3,0.0005,0.028,0,9,False,0.020214
3,0.0005,0.028,1,9,False,0.008077
3,0.0005,0.028,2,9,False,0.007989
3,0.0005,0.028,3,9,False,0.008002
3,0.0005,0.028,4,9,False,0.007908
3,0.0005,0.028,5,9,False,0.007926
3,0.0005,0.028,6,9,False,0.007958
3,0.0005,0.028,7,9,False,0.00792
3,0.0005,0.028,8,9,False,0.0079
3,0.0005,0.028,9,9,False,0.007968
3,0.0005,0.028,10,9,False,0.007917
3,0.0005,0.028,11,9,False,0.008657
3,0.0005,0.028,12,9,False,0.008263
3,0.0005,0.028,13,9,False,0.008369
3,0.0005,0.028,14,9,False,0.008135
3,0.0005,0.028,15,9,False,0.008003
3,0.0005,0.028,16,9,False,0.008136
3,0.0005,0.028,17,9,False,0.007988
3,0.0005,0.028,18,9,False,0.007841
3,0.0005,0.028,19,9,False,0.007784
3,0.0005,0.028,20,9,False,0.00797
3,0.0005,0.028,21,9,False,0.007806
3,0.0005,0.028,22,9,False,0.007984
3,0.0005,0.028,23,9,False,0.007877
3,0.0005,0.028,24,9,False,0.007945
3,0.0005,0.028,25,9,False,0.007814
3,0.0005,0.028,26,9,False,0.007797
3,0.0005,0.028,27,9,False,0.007889
3,0.0005,0.028,28,9,False,0.007875
3,0.0005,0.028,29,9,False,0.007883
3,0.0005,0.028,30,9,False,0.007806
3,0.0005,0.028,31,9,False,0.007826
3,0.0005,0.028,32,9,False,0.007887
3,0.0005,0.028,33,9,False,0.007761
3,0.0005,0.028,34,9,False,0.007932
3,0.0005,0.028,35,9,False,0.007964
3,0.0005,0.028,36,9,False,0.007944
3,0.0005,0.028,37,9,False,0.007791
3,0.0005,0.028,38,9,False,0.00783
3,0.0005,0.028,39,9,False,0.007823
3,0.0005,0.028,40,9,False,0.007849
3,0.0005,0.028,41,9,False,0.007765
3,0.0005,0.028,42,9,False,0.007808
3,0.0005,0.028,43,9,False,0.007785
3,0.0005,0.028,44,9,False,0.00789
3,0.0005,0.028,45,9,False,0.007846
3,0.0005,0.028,46,9,False,0.007802
3,0.0005,0.028,47,9,False,0.007811
3,0.0005,0.028,48,9,False,0.007893
3,0.0005,0.028,49,9,False,0.00781
3,0.0005,0.028,50,9,False,0.007804
3,0.0005,0.028,51,9,False,0.007826
3,0.0005,0.028,52,9,False,0.007884
3,0.0005,0.028,53,9,False,0.007766
3,0.0005,0.028,54,9,False,0.00786
3,0.0005,0.028,55,9,False,0.007772
3,0.0005,0.028,56,9,False,0.007874
3,0.0005,0.028,57,9,False,0.007861
3,0.0005,0.028,58,9,False,0.007773
3,0.0005,0.028,59,9,False,0.007789
3,0.0005,0.028,60,9,False,0.007877
3,0.0005,0.028,61,9,False,0.007869
3,0.0005,0.028,62,9,False,0.007812
3,0.0005,0.028,63,9,False,0.00784
3,0.0005,0.028,64,9,False,0.00789
3,0.0005,0.028,65,9,False,0.007831
3,0.0005,0.028,66,9,False,0.007829
3,0.0005,0.028,67,9,False,0.007815
3,0.0005,0.028,68,9,False,0.007863
3,0.0005,0.028,69,9,False,0.007849
3,0.0005,0.028,70,9,False,0.007846
3,0.0005,0.028,71,9,False,0.007771
3,0.0005,0.028,72,9,False,0.007885
3,0.0005,0.028,73,9,False,0.007903
3,0.0005,0.028,74,9,False,0.007795
3,0.0005,0.028,75,9,False,0.007858
3,0.0005,0.028,76,9,False,0.007918
3,0.0005,0.028,77,9,False,0.007894
3,0.0005,0.028,78,9,False,0.007873
3,0.0005,0.028,79,9,False,0.007837
3,0.0005,0.028,80,9,False,0.007915
3,0.0005,0.028,81,9,False,0.00782
3,0.0005,0.028,82,9,False,0.007781
3,0.0005,0.028,83,9,False,0.007832
3,0.0005,0.028,84,9,False,0.007935
3,0.0005,0.028,85,9,False,0.007828
3,0.0005,0.028,86,9,False,0.007892
3,0.0005,0.028,87,9,False,0.007817
3,0.0005,0.028,88,9,False,0.007884
3,0.0005,0.028,89,9,False,0.007831
3,0.0005,0.028,90,9,False,0.00781
3,0.0005,0.028,91,9,False,0.007834
3,0.0005,0.028,92,9,False,0.007897
3,0.0005,0.028,93,9,False,0.007877
3,0.0005,0.028,94,9,False,0.007847
3,0.0005,0.028,95,9,False,0.007852
3,0.0005,0.028,96,9,False,0.00802
3,0.0005,0.028,97,9,False,0.008008
3,0.0005,0.028,98,9,False,0.007853
3,0.0005,0.028,99,9,False,0.007845
3,0.001,0.028,0,9,False,0.01946
3,0.001,0.028,1,9,False,0.008264
3,0.001,0.028,2,9,False,0.00808
3,0.001,0.028,3,9,False,0.008174
3,0.001,0.028,4,9,False,0.008062
3,0.001,0.028,5,9,False,0.008047
3,0.001,0.028,6,9,False,0.008056
3,0.001,0.028,7,9,False,0.008032
3,0.001,0.028,8,9,False,0.008212
3,0.001,0.028,9,9,False,0.008216
3,0.001,0.028,10,9,False,0.008134
3,0.001,0.028,11,9,False,0.008158
3,0.001,0.028,12,9,False,0.008164
3,0.001,0.028,13,9,False,0.008171
3,0.001,0.028,14,9,False,0.008116
3,0.001,0.028,15,9,False,0.008136
3,0.001,0.028,16,9,False,0.008121
3,0.001,0.028,17,9,False,0.008115
3,0.001,0.028,18,9,False,0.008063
3,0.001,0.028,19,9,False,0.008008
3,0.001,0.028,20,9,False,0.008166
3,0.001,0.028,21,9,False,0.00802
3,0.001,0.028,22,9,False,0.008181
3,0.001,0.028,23,9,False,0.0081
3,0.001,0.028,24,9,False,0.00804
3,0.001,0.028,25,9,False,0.007991
3,0.001,0.028,26,9,False,0.007997
3,0.001,0.028,27,9,False,0.008024
3,0.001,0.028,28,9,False,0.008073
3,0.001,0.028,29,9,False,0.00799
3,0.001,0.028,30,9,False,0.007987
3,0.001,0.028,31,9,False,0.00805
3,0.001,0.028,32,9,False,0.008025
3,0.001,0.028,33,9,False,0.007982
3,0.001,0.028,34,9,False,0.007985
3,0.001,0.028,35,9,False,0.008197
3,0.001,0.028,36,9,False,0.008139
3,0.001,0.028,37,9,False,0.007995
3,0.001,0.028,38,9,False,0.008017
3,0.001,0.028,39,9,False,0.008033
3,0.001,0.028,40,9,False,0.008177
3,0.001,0.028,41,9,False,0.008005
3,0.001,0.028,42,9,False,0.0081
3,0.001,0.028,43,9,False,0.007961
3,0.001,0.028,44,9,False,0.00813
3,0.001,0.028,45,9,False,0.008149
3,0.001,0.028,46,9,False,0.007982
3,0.001,0.028,47,9,False,0.007969
3,0.001,0.028,48,9,False,0.008126
3,0.001,0.028,49,9,False,0.008015
3,0.001,0.028,50,9,False,0.008048
3,0.001,0.028,51,9,False,0.007988
3,0.001,0.028,52,9,False,0.00805
3,0.001,0.028,53,9,False,0.007977
3,0.001,0.028,54,9,False,0.008023
3,0.001,0.028,55,9,False,0.008001
3,0.001,0.028,56,9,False,0.008052
3,0.001,0.028,57,9,False,0.00807
3,0.001,0.028,58,9,False,0.008019
3,0.001,0.028,59,9,False,0.008039
3,0.001,0.028,60,9,False,0.008013
3,0.001,0.028,61,9,False,0.008027
3,0.001,0.028,62,9,False,0.007912
3,0.001,0.028,63,9,False,0.008049
3,0.001,0.028,64,9,False,0.008122
3,0.001,0.028,65,9,False,0.008049
3,0.001,0.028,66,9,False,0.008056
3,0.001,0.028,67,9,False,0.008071
3,0.001,0.028,68,9,False,0.00806
3,0.001,0.028,69,9,False,0.007999
3,0.001,0.028,70,9,False,0.008
3,0.001,0.028,71,9,False,0.008068
3,0.001,0.028,72,9,False,0.008184
3,0.001,0.028,73,9,False,0.008065
3,0.001,0.028,74,9,False,0.008044
3,0.001,0.028,75,9,False,0.008056
3,0.001,0.028,76,9,False,0.008116
3,0.001,0.028,77,9,False,0.008046
3,0.001,0.028,78,9,False,0.008095
3,0.001,0.028,79,9,False,0.008007
3,0.001,0.028,80,9,False,0.008097
3,0.001,0.028,81,9,False,0.007998
3,0.001,0.028,82,9,False,0.008082
3,0.001,0.028,83,9,False,0.008045
3,0.001,0.028,84,9,False,0.008026
3,0.001,0.028,85,9,False,0.008006
3,0.001,0.028,86,9,False,0.008018
3,0.001,0.028,87,9,False,0.008032
3,0.001,0.028,88,9,False,0.00806
3,0.001,0.028,89,9,False,0.007986
3,0.001,0.028,90,9,False,0.007899
3,0.001,0.028,91,9,False,0.007961
3,0.001,0.028,92,9,False,0.008023
3,0.001,0.028,93,9,False,0.007944
3,0.001,0.028,94,9,False,0.008047
3,0.001,0.028,95,9,False,0.008037
3,0.001,0.028,96,9,False,0.007996
3,0.001,0.028,97,9,True,0.008074
3,0.001,0.028,98,9,False,0.008006
3,0.001,0.028,99,9,False,0.007933
3,0.002,0.028,0,9,False,0.021821
3,0.002,0.028,1,9,False,0.008176
3,0.002,0.028,2,9,False,0.008069
3,0.002,0.028,3,9,False,0.008241
3,0.002,0.028,4,9,True,0.00823
3,0.002,0.028,5,9,False,0.008242
3,0.002,0.028,6,9,False,0.008224
3,0.002,0.028,7,9,False,0.008412
3,0.002,0.028,8,9,False,0.008698
3,0.002,0.028,9,9,False,0.008537
3,0.002,0.028,10,9,False,0.008375
3,0.002,0.028,11,9,False,0.008268
3,0.002,0.028,12,9,False,0.008125
3,0.002,0.028,13,9,False,0.008182
3,0.002,0.028,14,9,False,0.008151
3,0.002,0.028,15,9,False,0.008312
3,0.002,0.028,16,9,False,0.008123
3,0.002,0.028,17,9,False,0.00807
3,0.002,0.028,18,9,False,0.007928
3,0.002,0.028,19,9,False,0.007973
3,0.002,0.028,20,9,False,0.008013
3,0.002,0.028,21,9,False,0.008345
3,0.002,0.028,22,9,False,0.008379
3,0.002,0.028,23,9,False,0.008331
3,0.002,0.028,24,9,False,0.008096
3,0.002,0.028,25,9,False,0.007934
3,0.002,0.028,26,9,False,0.007905
3,0.002,0.028,27,9,False,0.007985
3,0.002,0.028,28,9,False,0.008126
3,0.002,0.028,29,9,False,0.008022
3,0.002,0.028,30,9,False,0.007908
3,0.002,0.028,31,9,False,0.007964
3,0.002,0.028,32,9,False,0.008048
3,0.002,0.028,33,9,True,0.007951
3,0.002,0.028,34,9,False,0.007939
3,0.002,0.028,35,9,False,0.008104
3,0.002,0.028,36,9,False,0.008516
3,0.002,0.028,37,9,False,0.008443
3,0.002,0.028,38,9,False,0.008144
3,0.002,0.028,39,9,False,0.008194
3,0.002,0.028,40,9,False,0.008116
3,0.002,0.028,41,9,False,0.00796
3,0.002,0.028,42,9,False,0.007953
3,0.002,0.028,43,9,False,0.007994
3,0.002,0.028,44,9,False,0.008322
3,0.002,0.028,45,9,False,0.008562
3,0.002,0.028,46,9,False,0.008563
3,0.002,0.028,47,9,False,0.008007
3,0.002,0.028,48,9,False,0.008126
3,0.002,0.028,49,9,False,0.008046
3,0.002,0.028,50,9,False,0.00798
3,0.002,0.028,51,9,False,0.007862
3,0.002,0.028,52,9,False,0.008013
3,0.002,0.028,53,9,False,0.0079
3,0.002,0.028,54,9,False,0.008067
3,0.002,0.028,55,9,False,0.008064
3,0.002,0.028,56,9,False,0.007977
3,0.002,0.028,57,9,False,0.007999
3,0.002,0.028,58,9,False,0.00822
3,0.002,0.028,59,9,False,0.008005
3,0.002,0.028,60,9,False,0.008011
3,0.002,0.028,61,9,False,0.008021
3,0.002,0.028,62,9,False,0.007951
3,0.002,0.028,63,9,False,0.00821
3,0.002,0.028,64,9,False,0.008069
3,0.002,0.028,65,9,False,0.007937
3,0.002,0.028,66,9,False,0.0081
3,0.002,0.028,67,9,False,0.0082
3,0.002,0.028,68,9,False,0.008531
3,0.002,0.028,69,9,False,0.008321
3,0.002,0.028,70,9,False,0.008036
3,0.002,0.028,71,9,False,0.00831
3,0.002,0.028,72,9,False,0.008386
3,0.002,0.028,73,9,False,0.007996
3,0.002,0.028,74,9,False,0.007956
3,0.002,0.028,75,9,False,0.007989
3,0.002,0.028,76,9,False,0.008206
3,0.002,0.028,77,9,False,0.008102
3,0.002,0.028,78,9,False,0.008085
3,0.002,0.028,79,9,False,0.008001
3,0.002,0.028,80,9,False,0.008033
3,0.002,0.028,81,9,False,0.008099
3,0.002,0.028,82,9,False,0.008031
3,0.002,0.028,83,9,False,0.007955
3,0.002,0.028,84,9,False,0.007987
3,0.002,0.028,85,9,False,0.007896
3,0.002,0.028,86,9,False,0.007859
3,0.002,0.028,87,9,False,0.00789
3,0.002,0.028,88,9,False,0.008013
3,0.002,0.028,89,9,False,0.00799
3,0.002,0.028,90,9,False,0.008444
3,0.002,0.028,91,9,False,0.008741
3,0.002,0.028,92,9,False,0.008348
3,0.002,0.028,93,9,False,0.007971
3,0.002,0.028,94,9,False,0.00814
3,0.002,0.028,95,9,False,0.008054
3,0.002,0.028,96,9,False,0.008055
3,0.002,0.028,97,9,False,0.007984
3,0.002,0.028,98,9,False,0.007921
3,0.002,0.028,99,9,False,0.007936
3,0.003,0.028,0,9,False,0.020813
3,0.003,0.028,1,9,False,0.008929
3,0.003,0.028,2,9,False,0.009042
3,0.003,0.028,3,9,False,0.009084
3,0.003,0.028,4,9,False,0.008926
3,0.003,0.028,5,9,False,0.008928
3,0.003,0.028,6,9,True,0.008847
3,0.003,0.028,7,9,False,0.008898
3,0.003,0.028,8,9,False,0.008993
3,0.003,0.028,9,9,False,0.008852
3,0.003,0.028,10,9,False,0.008857
3,0.003,0.028,11,9,False,0.008953
3,0.003,0.028,12,9,False,0.00894
3,0.003,0.028,13,9,False,0.008886
3,0.003,0.028,14,9,False,0.009008
3,0.003,0.028,15,9,True,0.008951
3,0.003,0.028,16,9,False,0.008898
3,0.003,0.028,17,9,False,0.008876
3,0.003,0.028,18,9,False,0.00882
3,0.003,0.028,19,9,False,0.008747
3,0.003,0.028,20,9,False,0.008831
3,0.003,0.028,21,9,False,0.008836
3,0.003,0.028,22,9,False,0.008859
3,0.003,0.028,23,9,False,0.008778
3,0.003,0.028,24,9,False,0.008861
3,0.003,0.028,25,9,True,0.008757
3,0.003,0.028,26,9,False,0.008725
3,0.003,0.028,27,9,False,0.008758
3,0.003,0.028,28,9,False,0.008821
3,0.003,0.028,29,9,False,0.008833
3,0.003,0.028,30,9,False,0.008806
3,0.003,0.028,31,9,False,0.008842
3,0.003,0.028,32,9,False,0.008956
3,0.003,0.028,33,9,False,0.008901
3,0.003,0.028,34,9,False,0.008873
3,0.003,0.028,35,9,False,0.008933
3,0.003,0.028,36,9,False,0.008894
3,0.003,0.028,37,9,False,0.008729
3,0.003,0.028,38,9,False,0.008691
3,0.003,0.028,39,9,False,0.008863
3,0.003,0.028,40,9,False,0.008912
3,0.003,0.028,41,9,False,0.008743
3,0.003,0.028,42,9,False,0.008972
3,0.003,0.028,43,9,False,0.008853
3,0.003,0.028,44,9,False,0.008973
3,0.003,0.028,45,9,False,0.008819
3,0.003,0.028,46,9,False,0.008813
3,0.003,0.028,47,9,False,0.008743
3,0.003,0.028,48,9,True,0.008856
3,0.003,0.028,49,9,False,0.008805
3,0.003,0.028,50,9,False,0.008917
3,0.003,0.028,51,9,False,0.008816
3,0.003,0.028,52,9,False,0.008876
3,0.003,0.028,53,9,False,0.008729
3,0.003,0.028,54,9,False,0.008749
3,0.003,0.028,55,9,False,0.008783
3,0.003,0.028,56,9,False,0.008942
3,0.003,0.028,57,9,False,0.008842
3,0.003,0.028,58,9,False,0.008884
3,0.003,0.028,59,9,False,0.008761
3,0.003,0.028,60,9,False,0.008742
3,0.003,0.028,61,9,True,0.008818
3,0.003,0.028,62,9,False,0.008789
3,0.003,0.028,63,9,False,0.008805
3,0.003,0.028,64,9,False,0.00887
3,0.003,0.028,65,9,False,0.008786
3,0.003,0.028,66,9,False,0.008807
3,0.003,0.028,67,9,False,0.009014
3,0.003,0.028,68,9,False,0.008919
3,0.003,0.028,69,9,False,0.008734
3,0.003,0.028,70,9,False,0.008872
3,0.003,0.028,71,9,False,0.008838
3,0.003,0.028,72,9,False,0.009009
3,0.003,0.028,73,9,False,0.008814
3,0.003,0.028,74,9,False,0.008768
3,0.003,0.028,75,9,False,0.008714
3,0.003,0.028,76,9,False,0.00892
3,0.003,0.028,77,9,False,0.008717
3,0.003,0.028,78,9,False,0.00882
3,0.003,0.028,79,9,False,0.008865
3,0.003,0.028,80,9,False,0.008876
3,0.003,0.028,81,9,True,0.00882
3,0.003,0.028,82,9,False,0.008813
3,0.003,0.028,83,9,False,0.008794
3,0.003,0.028,84,9,False,0.008885
3,0.003,0.028,85,9,False,0.008797
3,0.003,0.028,86,9,False,0.008813
3,0.003,0.028,87,9,False,0.008886
3,0.003,0.028,88,9,True,0.008924
3,0.003,0.028,89,9,False,0.00888
3,0.003,0.028,90,9,False,0.008813
3,0.003,0.028,91,9,False,0.008729
3,0.003,0.028,92,9,False,0.008763
3,0.003,0.028,93,9,False,0.008725
3,0.003,0.028,94,9,False,0.008821
3,0.003,0.028,95,9,False,0.008722
3,0.003,0.028,96,9,True,0.008961
3,0.003,0.028,97,9,False,0.008834
3,0.003,0.028,98,9,False,0.008789
3,0.003,0.028,99,9,False,0.00871
3,0.005,0.028,0,9,False,0.019599
3,0.005,0.028,1,9,True,0.008473
3,0.005,0.028,2,9,False,0.008269
3,0.005,0.028,3,9,False,0.00832
3,0.005,0.028,4,9,True,0.008319
3,0.005,0.028,5,9,False,0.00821
3,0.005,0.028,6,9,False,0.008303
3,0.005,0.028,7,9,False,0.008233
3,0.005,0.028,8,9,False,0.008266
3,0.005,0.028,9,9,False,0.008262
3,0.005,0.028,10,9,False,0.008259
3,0.005,0.028,11,9,False,0.008287
3,0.005,0.028,12,9,False,0.008308
3,0.005,0.028,13,9,False,0.008255
3,0.005,0.028,14,9,False,0.008348
3,0.005,0.028,15,9,True,0.008416
3,0.005,0.028,16,9,False,0.008247
3,0.005,0.028,17,9,False,0.008229
3,0.005,0.028,18,9,False,0.008165
3,0.005,0.028,19,9,False,0.008084
3,0.005,0.028,20,9,False,0.008255
3,0.005,0.028,21,9,False,0.008111
3,0.005,0.028,22,9,False,0.008258
3,0.005,0.028,23,9,False,0.008204
3,0.005,0.028,24,9,False,0.008304
3,0.005,0.028,25,9,False,0.008261
3,0.005,0.028,26,9,False,0.008387
3,0.005,0.028,27,9,False,0.008434
3,0.005,0.028,28,9,False,0.008422
3,0.005,0.028,29,9,False,0.008314
3,0.005,0.028,30,9,True,0.008365
3,0.005,0.028,31,9,False,0.00827
3,0.005,0.028,32,9,False,0.008459
3,0.005,0.028,33,9,True,0.008293
3,0.005,0.028,34,9,False,0.008239
3,0.005,0.028,35,9,False,0.008428
3,0.005,0.028,36,9,False,0.008283
3,0.005,0.028,37,9,True,0.00824
3,0.005,0.028,38,9,False,0.008278
3,0.005,0.028,39,9,False,0.008303
3,0.005,0.028,40,9,True,0.008304
3,0.005,0.028,41,9,False,0.008228
3,0.005,0.028,42,9,True,0.008204
3,0.005,0.028,43,9,False,0.008336
3,0.005,0.028,44,9,True,0.00831
3,0.005,0.028,45,9,False,0.008094
3,0.005,0.028,46,9,False,0.008234
3,0.005,0.028,47,9,True,0.008272
3,0.005,0.028,48,9,False,0.008395
3,0.005,0.028,49,9,False,0.008265
3,0.005,0.028,50,9,True,0.008218
3,0.005,0.028,51,9,False,0.00823
3,0.005,0.028,52,9,False,0.008379
3,0.005,0.028,53,9,False,0.008387
3,0.005,0.028,54,9,True,0.008282
3,0.005,0.028,55,9,False,0.00832
3,0.005,0.028,56,9,False,0.008184
3,0.005,0.028,57,9,False,0.00816
3,0.005,0.028,58,9,False,0.008268
3,0.005,0.028,59,9,False,0.008215
3,0.005,0.028,60,9,False,0.008256
3,0.005,0.028,61,9,False,0.008274
3,0.005,0.028,62,9,False,0.008127
3,0.005,0.028,63,9,False,0.008138
3,0.005,0.028,64,9,False,0.008308
3,0.005,0.028,65,9,False,0.008256
3,0.005,0.028,66,9,False,0.008258
3,0.005,0.028,67,9,True,0.008249
3,0.005,0.028,68,9,False,0.008202
3,0.005,0.028,69,9,False,0.008149
3,0.005,0.028,70,9,True,0.008238
3,0.005,0.028,71,9,False,0.008244
3,0.005,0.028,72,9,False,0.0084
3,0.005,0.028,73,9,False,0.008249
3,0.005,0.028,74,9,True,0.008212
3,0.005,0.028,75,9,False,0.008249
3,0.005,0.028,76,9,False,0.008214
3,0.005,0.028,77,9,False,0.008156
3,0.005,0.028,78,9,False,0.008212
3,0.005,0.028,79,9,True,0.008338
3,0.005,0.028,80,9,False,0.008258
3,0.005,0.028,81,9,True,0.008251
3,0.005,0.028,82,9,False,0.008214
3,0.005,0.028,83,9,False,0.008402
3,0.005,0.028,84,9,False,0.008391
3,0.005,0.028,85,9,False,0.008248
3,0.005,0.028,86,9,False,0.008275
3,0.005,0.028,87,9,False,0.008311
3,0.005,0.028,88,9,True,0.008373
3,0.005,0.028,89,9,False,0.008366
3,0.005,0.028,90,9,False,0.008268
3,0.005,0.028,91,9,False,0.008219
3,0.005,0.028,92,9,True,0.008303
3,0.005,0.028,93,9,False,0.008372
3,0.005,0.028,94,9,False,0.008312
3,0.005,0.028,95,9,False,0.008258
3,0.005,0.028,96,9,True,0.008393
3,0.005,0.028,97,9,False,0.008398
3,0.005,0.028,98,9,False,0.008243
3,0.005,0.028,99,9,False,0.008313
3,0.007,0.028,0,9,False,0.019196
3,0.007,0.028,1,9,False,0.008285
3,0.007,0.028,2,9,False,0.008151
3,0.007,0.028,3,9,False,0.008217
3,0.007,0.028,4,9,False,0.008
3,0.007,0.028,5,9,False,0.007988
3,0.007,0.028,6,9,True,0.008123
3,0.007,0.028,7,9,False,0.008166
3,0.007,0.028,8,9,False,0.008115
3,0.007,0.028,9,9,False,0.008457
3,0.007,0.028,10,9,False,0.008508
3,0.007,0.028,11,9,True,0.008201
3,0.007,0.028,12,9,True,0.008211
3,0.007,0.028,13,9,False,0.008153
3,0.007,0.028,14,9,True,0.008075
3,0.007,0.028,15,9,True,0.008053
3,0.007,0.028,16,9,False,0.008079
3,0.007,0.028,17,9,False,0.008096
3,0.007,0.028,18,9,False,0.008294
3,0.007,0.028,19,9,False,0.008953
3,0.007,0.028,20,9,True,0.008608
3,0.007,0.028,21,9,False,0.008388
3,0.007,0.028,22,9,False,0.008216
3,0.007,0.028,23,9,False,0.00805
3,0.007,0.028,24,9,False,0.008071
3,0.007,0.028,25,9,True,0.008062
3,0.007,0.028,26,9,False,0.008015
3,0.007,0.028,27,9,False,0.00811
3,0.007,0.028,28,9,False,0.008059
3,0.007,0.028,29,9,False,0.008302
3,0.007,0.028,30,9,False,0.008124
3,0.007,0.028,31,9,False,0.007929
3,0.007,0.028,32,9,False,0.007984
3,0.007,0.028,33,9,False,0.007933
3,0.007,0.028,34,9,False,0.008405
3,0.007,0.028,35,9,False,0.00842
3,0.007,0.028,36,9,False,0.008444
3,0.007,0.028,37,9,False,0.008298
3,0.007,0.028,38,9,True,0.007984
3,0.007,0.028,39,9,False,0.007982
3,0.007,0.028,40,9,True,0.008035
3,0.007,0.028,41,9,False,0.007929
3,0.007,0.028,42,9,False,0.007895
3,0.007,0.028,43,9,False,0.007927
3,0.007,0.028,44,9,False,0.00799
3,0.007,0.028,45,9,True,0.007974
3,0.007,0.028,46,9,False,0.007916
3,0.007,0.028,47,9,False,0.007917
3,0.007,0.028,48,9,False,0.008031
3,0.007,0.028,49,9,False,0.007878
3,0.007,0.028,50,9,False,0.007925
3,0.007,0.028,51,9,False,0.007914
3,0.007,0.028,52,9,False,0.008006
3,0.007,0.028,53,9,False,0.007929
3,0.007,0.028,54,9,False,0.007918
3,0.007,0.028,55,9,False,0.008183
3,0.007,0.028,56,9,False,0.008549
3,0.007,0.028,57,9,False,0.008397
3,0.007,0.028,58,9,False,0.008442
3,0.007,0.028,59,9,True,0.007996
3,0.007,0.028,60,9,False,0.008029
3,0.007,0.028,61,9,False,0.008005
3,0.007,0.028,62,9,False,0.008006
3,0.007,0.028,63,9,False,0.008038
3,0.007,0.028,64,9,False,0.008087
3,0.007,0.028,65,9,False,0.008005
3,0.007,0.028,66,9,False,0.008365
3,0.007,0.028,67,9,False,0.008432
3,0.007,0.028,68,9,True,0.008442
3,0.007,0.028,69,9,False,0.007983
3,0.007,0.028,70,9,False,0.008034
3,0.007,0.028,71,9,False,0.007946
3,0.007,0.028,72,9,True,0.00806
3,0.007,0.028,73,9,False,0.007944
3,0.007,0.028,74,9,True,0.007962
3,0.007,0.028,75,9,True,0.007842
3,0.007,0.028,76,9,False,0.007977
3,0.007,0.028,77,9,False,0.008066
3,0.007,0.028,78,9,False,0.008043
3,0.007,0.028,79,9,False,0.008001
3,0.007,0.028,80,9,False,0.00796
3,0.007,0.028,81,9,False,0.007951
3,0.007,0.028,82,9,False,0.008002
3,0.007,0.028,83,9,False,0.007992
3,0.007,0.028,84,9,True,0.008038
3,0.007,0.028,85,9,False,0.007977
3,0.007,0.028,86,9,False,0.008005
3,0.007,0.028,87,9,False,0.007988
3,0.007,0.028,88,9,False,0.008042
3,0.007,0.028,89,9,False,0.008048
3,0.007,0.028,90,9,True,0.007985
3,0.007,0.028,91,9,False,0.008064
3,0.007,0.028,92,9,True,0.008091
3,0.007,0.028,93,9,False,0.008655
3,0.007,0.028,94,9,False,0.008526
3,0.007,0.028,95,9,False,0.008459
3,0.007,0.028,96,9,False,0.008279
3,0.007,0.028,97,9,True,0.008081
3,0.007,0.028,98,9,False,0.008434
3,0.007,0.028,99,9,False,0.008461
3,0.01,0.028,0,9,False,0.021268
3,0.01,0.028,1,9,False,0.008546
3,0.01,0.028,2,9,True,0.008204
3,0.01,0.028,3,9,False,0.008138
3,0.01,0.028,4,9,True,0.008143
3,0.01,0.028,5,9,True,0.008157
3,0.01,0.028,6,9,True,0.008097
3,0.01,0.028,7,9,True,0.008208
3,0.01,0.028,8,9,False,0.008175
3,0.01,0.028,9,9,False,0.008228
3,0.01,0.028,10,9,False,0.008116
3,0.01,0.028,11,9,True,0.008135
3,0.01,0.028,12,9,True,0.008079
3,0.01,0.028,13,9,True,0.00813
3,0.01,0.028,14,9,True,0.008163
3,0.01,0.028,15,9,True,0.00821
3,0.01,0.028,16,9,False,0.008186
3,0.01,0.028,17,9,False,0.008197
3,0.01,0.028,18,9,False,0.008123
3,0.01,0.028,19,9,True,0.008159
3,0.01,0.028,20,9,False,0.008174
3,0.01,0.028,21,9,False,0.008053
3,0.01,0.028,22,9,False,0.008148
3,0.01,0.028,23,9,False,0.008017
3,0.01,0.028,24,9,True,0.008126
3,0.01,0.028,25,9,True,0.00802
3,0.01,0.028,26,9,True,0.008088
3,0.01,0.028,27,9,True,0.008126
3,0.01,0.028,28,9,False,0.008174
3,0.01,0.028,29,9,False,0.008219
3,0.01,0.028,30,9,False,0.008114
3,0.01,0.028,31,9,True,0.008165
3,0.01,0.028,32,9,True,0.008128
3,0.01,0.028,33,9,False,0.008064
3,0.01,0.028,34,9,True,0.008124
3,0.01,0.028,35,9,True,0.00808
3,0.01,0.028,36,9,False,0.008195
3,0.01,0.028,37,9,True,0.00806
3,0.01,0.028,38,9,False,0.007969
3,0.01,0.028,39,9,False,0.008047
3,0.01,0.028,40,9,False,0.008209
3,0.01,0.028,41,9,False,0.00802
3,0.01,0.028,42,9,False,0.008073
3,0.01,0.028,43,9,False,0.008135
3,0.01,0.028,44,9,False,0.008144
3,0.01,0.028,45,9,False,0.008103
3,0.01,0.028,46,9,False,0.007989
3,0.01,0.028,47,9,True,0.008123
3,0.01,0.028,48,9,True,0.008161
3,0.01,0.028,49,9,False,0.00811
3,0.01,0.028,50,9,False,0.008138
3,0.01,0.028,51,9,False,0.008082
3,0.01,0.028,52,9,True,0.008199
3,0.01,0.028,53,9,False,0.008059
3,0.01,0.028,54,9,True,0.007939
3,0.01,0.028,55,9,False,0.007978
3,0.01,0.028,56,9,True,0.008072
3,0.01,0.028,57,9,True,0.008067
3,0.01,0.028,58,9,True,0.008144
3,0.01,0.028,59,9,False,0.007962
3,0.01,0.028,60,9,True,0.00806
3,0.01,0.028,61,9,False,0.008041
3,0.01,0.028,62,9,False,0.008107
3,0.01,0.028,63,9,True,0.008069
3,0.01,0.028,64,9,True,0.008047
3,0.01,0.028,65,9,False,0.008023
3,0.01,0.028,66,9,False,0.008064
3,0.01,0.028,67,9,True,0.008105
3,0.01,0.028,68,9,False,0.008261
3,0.01,0.028,69,9,False,0.008247
3,0.01,0.028,70,9,False,0.008189
3,0.01,0.028,71,9,False,0.008032
3,0.01,0.028,72,9,True,0.008086
3,0.01,0.028,73,9,True,0.008033
3,0.01,0.028,74,9,False,0.008145
3,0.01,0.028,75,9,False,0.008028
3,0.01,0.028,76,9,True,0.008104
3,0.01,0.028,77,9,True,0.008099
3,0.01,0.028,78,9,False,0.008014
3,0.01,0.028,79,9,False,0.008087
3,0.01,0.028,80,9,False,0.008072
3,0.01,0.028,81,9,False,0.007972
3,0.01,0.028,82,9,False,0.007973
3,0.01,0.028,83,9,True,0.008021
3,0.01,0.028,84,9,False,0.0081
3,0.01,0.028,85,9,True,0.008091
3,0.01,0.028,86,9,False,0.00803
3,0.01,0.028,87,9,False,0.008069
3,0.01,0.028,88,9,False,0.008093
3,0.01,0.028,89,9,False,0.008079
3,0.01,0.028,90,9,True,0.008071
3,0.01,0.028,91,9,True,0.007991
3,0.01,0.028,92,9,True,0.008093
3,0.01,0.028,93,9,False,0.008089
3,0.01,0.028,94,9,False,0.00802
3,0.01,0.028,95,9,False,0.007967
3,0.01,0.028,96,9,False,0.008114
3,0.01,0.028,97,9,False,0.008067
3,0.01,0.028,98,9,False,0.00799
3,0.01,0.028,99,9,False,0.00809
5,0.0005,0.028,0,9,False,0.110575
5,0.0005,0.028,1,9,False,0.034631
5,0.0005,0.028,2,9,False,0.035707
5,0.0005,0.028,3,9,False,0.036271
5,0.0005,0.028,4,9,False,0.036686
5,0.0005,0.028,5,9,False,0.03539
5,0.0005,0.028,6,9,False,0.036166
5,0.0005,0.028,7,9,False,0.035788
5,0.0005,0.028,8,9,False,0.03656
5,0.0005,0.028,9,9,False,0.036747
5,0.0005,0.028,10,9,False,0.034781
5,0.0005,0.028,11,9,False,0.037324
5,0.0005,0.028,12,9,False,0.036545
5,0.0005,0.028,13,9,False,0.037729
5,0.0005,0.028,14,9,False,0.035999
5,0.0005,0.028,15,9,False,0.034962
5,0.0005,0.028,16,9,False,0.037557
5,0.0005,0.028,17,9,False,0.03671
5,0.0005,0.028,18,9,False,0.036091
5,0.0005,0.028,19,9,False,0.037427
5,0.0005,0.028,20,9,False,0.03571
5,0.0005,0.028,21,9,False,0.038106
5,0.0005,0.028,22,9,False,0.035272
5,0.0005,0.028,23,9,False,0.036675
5,0.0005,0.028,24,9,False,0.105913
5,0.0005,0.028,25,9,False,0.036426
5,0.0005,0.028,26,9,False,0.035623
5,0.0005,0.028,27,9,False,0.035445
5,0.0005,0.028,28,9,False,0.035472
5,0.0005,0.028,29,9,False,0.036722
5,0.0005,0.028,30,9,False,0.035506
5,0.0005,0.028,31,9,False,0.034497
5,0.0005,0.028,32,9,False,0.03534
5,0.0005,0.028,33,9,False,0.037039
5,0.0005,0.028,34,9,False,0.036131
5,0.0005,0.028,35,9,False,0.037617
5,0.0005,0.028,36,9,False,0.034122
5,0.0005,0.028,37,9,False,0.030353
5,0.0005,0.028,38,9,False,0.026748
5,0.0005,0.028,39,9,False,0.024728
5,0.0005,0.028,40,9,False,0.024592
5,0.0005,0.028,41,9,False,0.026455
5,0.0005,0.028,42,9,False,0.027005
5,0.0005,0.028,43,9,False,0.027302
5,0.0005,0.028,44,9,False,0.027015
5,0.0005,0.028,45,9,False,0.027274
5,0.0005,0.028,46,9,False,0.026328
5,0.0005,0.028,47,9,False,0.024679
5,0.0005,0.028,48,9,False,0.024543
5,0.0005,0.028,49,9,False,0.025414
5,0.0005,0.028,50,9,False,0.026245
5,0.0005,0.028,51,9,False,0.027303
5,0.0005,0.028,52,9,False,0.027557
5,0.0005,0.028,53,9,False,0.026667
5,0.0005,0.028,54,9,False,0.027002
5,0.0005,0.028,55,9,False,0.028837
5,0.0005,0.028,56,9,False,0.028415
5,0.0005,0.028,57,9,False,0.027582
5,0.0005,0.028,58,9,False,0.027354
5,0.0005,0.028,59,9,False,0.024866
5,0.0005,0.028,60,9,False,0.024562
5,0.0005,0.028,61,9,False,0.024792
5,0.0005,0.028,62,9,False,0.024959
5,0.0005,0.028,63,9,False,0.025495
5,0.0005,0.028,64,9,False,0.025542
5,0.0005,0.028,65,9,False,0.024954
5,0.0005,0.028,66,9,False,0.024474
5,0.0005,0.028,67,9,False,0.02437
5,0.0005,0.028,68,9,False,0.024507
5,0.0005,0.028,69,9,False,0.024588
5,0.0005,0.028,70,9,False,0.024346
5,0.0005,0.028,71,9,False,0.024541
5,0.0005,0.028,72,9,False,0.024739
5,0.0005,0.028,73,9,False,0.024421
5,0.0005,0.028,74,9,False,0.024399
5,0.0005,0.028,75,9,False,0.024761
5,0.0005,0.028,76,9,False,0.024348
5,0.0005,0.028,77,9,False,0.024543
5,0.0005,0.028,78,9,False,0.049191
5,0.0005,0.028,79,9,False,0.02454
5,0.0005,0.028,80,9,False,0.024178
5,0.0005,0.028,81,9,False,0.024494
5,0.0005,0.028,82,9,False,0.024184
5,0.0005,0.028,83,9,False,0.02437
5,0.0005,0.028,84,9,False,0.024248
5,0.0005,0.028,85,9,False,0.024457
5,0.0005,0.028,86,9,False,0.024221
5,0.0005,0.028,87,9,False,0.024444
5,0.0005,0.028,88,9,False,0.024505
5,0.0005,0.028,89,9,False,0.024529
5,0.0005,0.028,90,9,False,0.024244
5,0.0005,0.028,91,9,False,0.024568
5,0.0005,0.028,92,9,False,0.024366
5,0.0005,0.028,93,9,False,0.024288
5,0.0005,0.028,94,9,False,0.024408
5,0.0005,0.028,95,9,False,0.024447
5,0.0005,0.028,96,9,False,0.024388
5,0.0005,0.028,97,9,False,0.024478
5,0.0005,0.028,98,9,False,0.024316
5,0.0005,0.028,99,9,False,0.024607
5,0.001,0.028,0,9,False,0.089679
5,0.001,0.028,1,9,False,0.029821
5,0.001,0.028,2,9,False,0.029154
5,0.001,0.028,3,9,False,0.029429
5,0.001,0.028,4,9,False,0.029789
5,0.001,0.028,5,9,False,0.029778
5,0.001,0.028,6,9,False,0.030073
5,0.001,0.028,7,9,False,0.029782
5,0.001,0.028,8,9,False,0.029763
5,0.001,0.028,9,9,False,0.030066
5,0.001,0.028,10,9,False,0.030034
5,0.001,0.028,11,9,False,0.029875
5,0.001,0.028,12,9,False,0.0301
5,0.001,0.028,13,9,False,0.028825
5,0.001,0.028,14,9,False,0.029017
5,0.001,0.028,15,9,False,0.029071
5,0.001,0.028,16,9,False,0.029098
5,0.001,0.028,17,9,False,0.030236
5,0.001,0.028,18,9,False,0.02897
5,0.001,0.028,19,9,False,0.029724
5,0.001,0.028,20,9,False,0.032886
5,0.001,0.028,21,9,False,0.033098
5,0.001,0.028,22,9,False,0.033017
5,0.001,0.028,23,9,False,0.031918
5,0.001,0.028,24,9,False,0.058198
5,0.001,0.028,25,9,False,0.029081
5,0.001,0.028,26,9,False,0.028866
5,0.001,0.028,27,9,False,0.028592
5,0.001,0.028,28,9,False,0.028612
5,0.001,0.028,29,9,False,0.028561
5,0.001,0.028,30,9,False,0.028281
5,0.001,0.028,31,9,False,0.02796
5,0.001,0.028,32,9,False,0.030058
5,0.001,0.028,33,9,False,0.032485
5,0.001,0.028,34,9,False,0.03122
5,0.001,0.028,35,9,False,0.032706
5,0.001,0.028,36,9,False,0.032863
5,0.001,0.028,37,9,False,0.032396
5,0.001,0.028,38,9,False,0.031531
5,0.001,0.028,39,9,False,0.032072
5,0.001,0.028,40,9,False,0.030808
5,0.001,0.028,41,9,False,0.030922
5,0.001,0.028,42,9,False,0.031085
5,0.001,0.028,43,9,False,0.03113
5,0.001,0.028,44,9,False,0.030586
5,0.001,0.028,45,9,False,0.030939
5,0.001,0.028,46,9,False,0.030763
5,0.001,0.028,47,9,False,0.03147
5,0.001,0.028,48,9,False,0.03217
5,0.001,0.028,49,9,False,0.030707
5,0.001,0.028,50,9,False,0.0305
5,0.001,0.028,51,9,False,0.031065
5,0.001,0.028,52,9,False,0.031563
5,0.001,0.028,53,9,False,0.031467
5,0.001,0.028,54,9,False,0.031174
5,0.001,0.028,55,9,False,0.031771
5,0.001,0.028,56,9,False,0.030819
5,0.001,0.028,57,9,False,0.030972
5,0.001,0.028,58,9,False,0.030841
5,0.001,0.028,59,9,False,0.030515
5,0.001,0.028,60,9,False,0.030999
5,0.001,0.028,61,9,False,0.03142
5,0.001,0.028,62,9,False,0.030674
5,0.001,0.028,63,9,False,0.031345
5,0.001,0.028,64,9,False,0.031393
5,0.001,0.028,65,9,False,0.03102
5,0.001,0.028,66,9,False,0.030776
5,0.001,0.028,67,9,False,0.031925
5,0.001,0.028,68,9,False,0.03189
5,0.001,0.028,69,9,False,0.030217
5,0.001,0.028,70,9,False,0.030625
5,0.001,0.028,71,9,False,0.031313
5,0.001,0.028,72,9,False,0.031661
5,0.001,0.028,73,9,False,0.031395
5,0.001,0.028,74,9,False,0.031211
5,0.001,0.028,75,9,False,0.030737
5,0.001,0.028,76,9,False,0.031328
5,0.001,0.028,77,9,False,0.031413
5,0.001,0.028,78,9,False,0.065242
5,0.001,0.028,79,9,False,0.032422
5,0.001,0.028,80,9,False,0.033433
5,0.001,0.028,81,9,False,0.034015
5,0.001,0.028,82,9,False,0.033533
5,0.001,0.028,83,9,False,0.033758
5,0.001,0.028,84,9,False,0.03253
5,0.001,0.028,85,9,False,0.031059
5,0.001,0.028,86,9,False,0.031149
5,0.001,0.028,87,9,False,0.030861
5,0.001,0.028,88,9,False,0.030756
5,0.001,0.028,89,9,False,0.031405
5,0.001,0.028,90,9,False,0.030605
5,0.001,0.028,91,9,False,0.031641
5,0.001,0.028,92,9,False,0.030975
5,0.001,0.028,93,9,False,0.0309
5,0.001,0.028,94,9,False,0.030934
5,0.001,0.028,95,9,False,0.030603
5,0.001,0.028,96,9,False,0.030165
5,0.001,0.028,97,9,False,0.030849
5,0.001,0.028,98,9,False,0.030925
5,0.001,0.028,99,9,False,0.030774
5,0.002,0.028,0,9,False,0.082632
5,0.002,0.028,1,9,False,0.027922
5,0.002,0.028,2,9,False,0.028007
5,0.002,0.028,3,9,False,0.027942
5,0.002,0.028,4,9,False,0.027989
5,0.002,0.028,5,9,False,0.027913
5,0.002,0.028,6,9,False,0.027718
5,0.002,0.028,7,9,False,0.027864
5,0.002,0.028,8,9,False,0.027924
5,0.002,0.028,9,9,False,0.027779
5,0.002,0.028,10,9,False,0.027595
5,0.002,0.028,11,9,False,0.027599
5,0.002,0.028,12,9,True,0.028051
5,0.002,0.028,13,9,False,0.027821
5,0.002,0.028,14,9,False,0.027678
5,0.002,0.028,15,9,False,0.027999
5,0.002,0.028,16,9,False,0.027917
5,0.002,0.028,17,9,False,0.027947
5,0.002,0.028,18,9,False,0.02769
5,0.002,0.028,19,9,False,0.027418
5,0.002,0.028,20,9,False,0.027521
5,0.002,0.028,21,9,False,0.027672
5,0.002,0.028,22,9,False,0.027736
5,0.002,0.028,23,9,False,0.027751
5,0.002,0.028,24,9,False,0.047476
5,0.002,0.028,25,9,True,0.028579
5,0.002,0.028,26,9,False,0.027494
5,0.002,0.028,27,9,False,0.027648
5,0.002,0.028,28,9,False,0.027792
5,0.002,0.028,29,9,False,0.028379
5,0.002,0.028,30,9,False,0.028211
5,0.002,0.028,31,9,False,0.027559
5,0.002,0.028,32,9,False,0.027644
5,0.002,0.028,33,9,False,0.027939
5,0.002,0.028,34,9,False,0.028122
5,0.002,0.028,35,9,False,0.027733
5,0.002,0.028,36,9,False,0.027793
5,0.002,0.028,37,9,False,0.027242
5,0.002,0.028,38,9,False,0.025605
5,0.002,0.028,39,9,False,0.025722
5,0.002,0.028,40,9,False,0.025989
5,0.002,0.028,41,9,False,0.026519
5,0.002,0.028,42,9,False,0.024907
5,0.002,0.028,43,9,False,0.024909
5,0.002,0.028,44,9,False,0.024869
5,0.002,0.028,45,9,False,0.024808
5,0.002,0.028,46,9,False,0.025735
5,0.002,0.028,47,9,False,0.027489
5,0.002,0.028,48,9,False,0.027371
5,0.002,0.028,49,9,False,0.027437
5,0.002,0.028,50,9,False,0.027264
5,0.002,0.028,51,9,False,0.026595
5,0.002,0.028,52,9,False,0.026395
5,0.002,0.028,53,9,False,0.026132
5,0.002,0.028,54,9,False,0.025844
5,0.002,0.028,55,9,False,0.02581
5,0.002,0.028,56,9,False,0.025638
5,0.002,0.028,57,9,False,0.025657
5,0.002,0.028,58,9,False,0.026597
5,0.002,0.028,59,9,False,0.025258
5,0.002,0.028,60,9,False,0.024448
5,0.002,0.028,61,9,False,0.024698
5,0.002,0.028,62,9,False,0.027954
5,0.002,0.028,63,9,False,0.026756
5,0.002,0.028,64,9,False,0.024614
5,0.002,0.028,65,9,False,0.023973
5,0.002,0.028,66,9,False,0.024015
5,0.002,0.028,67,9,False,0.024076
5,0.002,0.028,68,9,False,0.024164
5,0.002,0.028,69,9,False,0.024713
5,0.002,0.028,70,9,False,0.024569
5,0.002,0.028,71,9,False,0.026405
5,0.002,0.028,72,9,False,0.026481
5,0.002,0.028,73,9,False,0.025263
5,0.002,0.028,74,9,True,0.024754
5,0.002,0.028,75,9,False,0.025012
5,0.002,0.028,76,9,False,0.025582
5,0.002,0.028,77,9,False,0.026011
5,0.002,0.028,78,9,False,0.045843
5,0.002,0.028,79,9,False,0.027526
5,0.002,0.028,80,9,False,0.027043
5,0.002,0.028,81,9,False,0.026943
5,0.002,0.028,82,9,False,0.026943
5,0.002,0.028,83,9,False,0.027357
5,0.002,0.028,84,9,False,0.027435
5,0.002,0.028,85,9,False,0.02725
5,0.002,0.028,86,9,False,0.027198
5,0.002,0.028,87,9,False,0.027717
5,0.002,0.028,88,9,False,0.028273
5,0.002,0.028,89,9,False,0.028644
5,0.002,0.028,90,9,False,0.028711
5,0.002,0.028,91,9,False,0.02861
5,0.002,0.028,92,9,False,0.028246
5,0.002,0.028,93,9,False,0.028321
5,0.002,0.028,94,9,False,0.028205
5,0.002,0.028,95,9,False,0.028514
5,0.002,0.028,96,9,False,0.028322
5,0.002,0.028,97,9,False,0.028629
5,0.002,0.028,98,9,False,0.027957
5,0.002,0.028,99,9,False,0.028302
5,0.003,0.028,0,9,False,0.074306
5,0.003,0.028,1,9,False,0.024517
5,0.003,0.028,2,9,False,0.024342
5,0.003,0.028,3,9,False,0.024431
5,0.003,0.028,4,9,False,0.024282
5,0.003,0.028,5,9,False,0.024389
5,0.003,0.028,6,9,False,0.024575
5,0.003,0.028,7,9,False,0.024475
5,0.003,0.028,8,9,False,0.024494
5,0.003,0.028,9,9,False,0.024629
5,0.003,0.028,10,9,False,0.02458
5,0.003,0.028,11,9,False,0.024274
5,0.003,0.028,12,9,False,0.024455
5,0.003,0.028,13,9,False,0.024654
5,0.003,0.028,14,9,False,0.024539
5,0.003,0.028,15,9,False,0.024709
5,0.003,0.028,16,9,False,0.024385
5,0.003,0.028,17,9,False,0.024599
5,0.003,0.028,18,9,False,0.02435
5,0.003,0.028,19,9,False,0.024282
5,0.003,0.028,20,9,False,0.024374
5,0.003,0.028,21,9,True,0.024575
5,0.003,0.028,22,9,False,0.024532
5,0.003,0.028,23,9,False,0.024462
5,0.003,0.028,24,9,False,0.047976
5,0.003,0.028,25,9,False,0.024517
5,0.003,0.028,26,9,False,0.024389
5,0.003,0.028,27,9,False,0.024297
5,0.003,0.028,28,9,False,0.024342
5,0.003,0.028,29,9,False,0.02428
5,0.003,0.028,30,9,False,0.02506
5,0.003,0.028,31,9,False,0.024495
5,0.003,0.028,32,9,False,0.02444
5,0.003,0.028,33,9,False,0.0243
5,0.003,0.028,34,9,False,0.024237
5,0.003,0.028,35,9,False,0.024387
5,0.003,0.028,36,9,False,0.024699
5,0.003,0.028,37,9,False,0.024335
5,0.003,0.028,38,9,False,0.024237
5,0.003,0.028,39,9,False,0.024526
5,0.003,0.028,40,9,False,0.024559
5,0.003,0.028,41,9,False,0.024351
5,0.003,0.028,42,9,False,0.024205
5,0.003,0.028,43,9,False,0.024323
5,0.003,0.028,44,9,False,0.024433
5,0.003,0.028,45,9,False,0.024447
5,0.003,0.028,46,9,False,0.024319
5,0.003,0.028,47,9,False,0.024454
5,0.003,0.028,48,9,False,0.024367
5,0.003,0.028,49,9,False,0.024275
5,0.003,0.028,50,9,False,0.024383
5,0.003,0.028,51,9,False,0.02427
5,0.003,0.028,52,9,False,0.02432
5,0.003,0.028,53,9,False,0.024236
5,0.003,0.028,54,9,False,0.024222
5,0.003,0.028,55,9,False,0.024135
5,0.003,0.028,56,9,False,0.024129
5,0.003,0.028,57,9,False,0.024267
5,0.003,0.028,58,9,False,0.024262
5,0.003,0.028,59,9,False,0.024291
5,0.003,0.028,60,9,False,0.024397
5,0.003,0.028,61,9,False,0.024205
5,0.003,0.028,62,9,False,0.024316
5,0.003,0.028,63,9,False,0.024206
5,0.003,0.028,64,9,False,0.024281
5,0.003,0.028,65,9,False,0.024401
5,0.003,0.028,66,9,False,0.024373
5,0.003,0.028,67,9,False,0.02446
5,0.003,0.028,68,9,False,0.024389
5,0.003,0.028,69,9,False,0.024297
5,0.003,0.028,70,9,False,0.024352
5,0.003,0.028,71,9,False,0.02416
5,0.003,0.028,72,9,False,0.024343
5,0.003,0.028,73,9,False,0.024478
5,0.003,0.028,74,9,False,0.024427
5,0.003,0.028,75,9,False,0.024402
5,0.003,0.028,76,9,False,0.024408
5,0.003,0.028,77,9,False,0.024491
5,0.003,0.028,78,9,False,0.044854
5,0.003,0.028,79,9,False,0.024582
5,0.003,0.028,80,9,False,0.024414
5,0.003,0.028,81,9,False,0.024479
5,0.003,0.028,82,9,False,0.024404
5,0.003,0.028,83,9,False,0.024529
5,0.003,0.028,84,9,False,0.024271
5,0.003,0.028,85,9,False,0.024357
5,0.003,0.028,86,9,False,0.024398
5,0.003,0.028,87,9,False,0.024621
5,0.003,0.028,88,9,False,0.02424
5,0.003,0.028,89,9,False,0.024508
5,0.003,0.028,90,9,False,0.024449
5,0.003,0.028,91,9,False,0.024477
5,0.003,0.028,92,9,False,0.024475
5,0.003,0.028,93,9,False,0.024815
5,0.003,0.028,94,9,False,0.024284
5,0.003,0.028,95,9,False,0.024565
5,0.003,0.028,96,9,False,0.024416
5,0.003,0.028,97,9,False,0.024637
5,0.003,0.028,98,9,False,0.024378
5,0.003,0.028,99,9,False,0.024514
5,0.005,0.028,0,9,False,0.07504
5,0.005,0.028,1,9,True,0.026101
5,0.005,0.028,2,9,False,0.025943
5,0.005,0.028,3,9,False,0.025908
5,0.005,0.028,4,9,False,0.026061
5,0.005,0.028,5,9,False,0.025869
5,0.005,0.028,6,9,False,0.026353
5,0.005,0.028,7,9,False,0.026395
5,0.005,0.028,8,9,False,0.026308
5,0.005,0.028,9,9,False,0.02634
5,0.005,0.028,10,9,False,0.026144
5,0.005,0.028,11,9,False,0.026112
5,0.005,0.028,12,9,False,0.026136
5,0.005,0.028,13,9,False,0.026424
5,0.005,0.028,14,9,False,0.026174
5,0.005,0.028,15,9,False,0.026372
5,0.005,0.028,16,9,False,0.026269
5,0.005,0.028,17,9,False,0.026212
5,0.005,0.028,18,9,False,0.026234
5,0.005,0.028,19,9,False,0.02635
5,0.005,0.028,20,9,True,0.026167
5,0.005,0.028,21,9,False,0.025857
5,0.005,0.028,22,9,False,0.026254
5,0.005,0.028,23,9,False,0.026223
5,0.005,0.028,24,9,False,0.056303
5,0.005,0.028,25,9,False,0.026438
5,0.005,0.028,26,9,True,0.027134
5,0.005,0.028,27,9,False,0.026009
5,0.005,0.028,28,9,False,0.026083
5,0.005,0.028,29,9,False,0.025893
5,0.005,0.028,30,9,False,0.026334
5,0.005,0.028,31,9,False,0.025815
5,0.005,0.028,32,9,False,0.026234
5,0.005,0.028,33,9,False,0.026239
5,0.005,0.028,34,9,False,0.026033
5,0.005,0.028,35,9,False,0.025814
5,0.005,0.028,36,9,False,0.026258
5,0.005,0.028,37,9,False,0.025917
5,0.005,0.028,38,9,True,0.025665
5,0.005,0.028,39,9,True,0.025945
5,0.005,0.028,40,9,False,0.025818
5,0.005,0.028,41,9,False,0.02553
5,0.005,0.028,42,9,True,0.025366
5,0.005,0.028,43,9,False,0.02533
5,0.005,0.028,44,9,False,0.025454
5,0.005,0.028,45,9,False,0.025742
5,0.005,0.028,46,9,False,0.025621
5,0.005,0.028,47,9,False,0.025617
5,0.005,0.028,48,9,False,0.02545
5,0.005,0.028,49,9,False,0.025342
5,0.005,0.028,50,9,False,0.025685
5,0.005,0.028,51,9,False,0.025799
5,0.005,0.028,52,9,False,0.025996
5,0.005,0.028,53,9,False,0.025332
5,0.005,0.028,54,9,True,0.025678
5,0.005,0.028,55,9,False,0.025674
5,0.005,0.028,56,9,False,0.025675
5,0.005,0.028,57,9,False,0.025773
5,0.005,0.028,58,9,False,0.025774
5,0.005,0.028,59,9,False,0.025983
5,0.005,0.028,60,9,False,0.025706
5,0.005,0.028,61,9,False,0.025751
5,0.005,0.028,62,9,False,0.025942
5,0.005,0.028,63,9,False,0.025655
5,0.005,0.028,64,9,False,0.025838
5,0.005,0.028,65,9,False,0.025436
5,0.005,0.028,66,9,False,0.025637
5,0.005,0.028,67,9,False,0.025448
5,0.005,0.028,68,9,True,0.025486
5,0.005,0.028,69,9,False,0.025529
5,0.005,0.028,70,9,False,0.025787
5,0.005,0.028,71,9,False,0.025792
5,0.005,0.028,72,9,False,0.025859
5,0.005,0.028,73,9,False,0.025616
5,0.005,0.028,74,9,False,0.025593
5,0.005,0.028,75,9,False,0.025765
5,0.005,0.028,76,9,False,0.025596
5,0.005,0.028,77,9,False,0.025317
5,0.005,0.028,78,9,False,0.052339
5,0.005,0.028,79,9,False,0.026185
5,0.005,0.028,80,9,False,0.025849
5,0.005,0.028,81,9,False,0.025847
5,0.005,0.028,82,9,False,0.025657
5,0.005,0.028,83,9,False,0.02607
5,0.005,0.028,84,9,False,0.025818
5,0.005,0.028,85,9,False,0.025584
5,0.005,0.028,86,9,False,0.025877
5,0.005,0.028,87,9,False,0.025902
5,0.005,0.028,88,9,True,0.02591
5,0.005,0.028,89,9,False,0.026167
5,0.005,0.028,90,9,False,0.025629
5,0.005,0.028,91,9,False,0.025494
5,0.005,0.028,92,9,False,0.025772
5,0.005,0.028,93,9,False,0.025984
5,0.005,0.028,94,9,False,0.025306
5,0.005,0.028,95,9,True,0.02591
5,0.005,0.028,96,9,True,0.025533
5,0.005,0.028,97,9,False,0.026029
5,0.005,0.028,98,9,False,0.025729
5,0.005,0.028,99,9,False,0.025897
5,0.007,0.028,0,9,False,0.071499
5,0.007,0.028,1,9,True,0.024928
5,0.007,0.028,2,9,False,0.024372
5,0.007,0.028,3,9,False,0.024637
5,0.007,0.028,4,9,True,0.024638
5,0.007,0.028,5,9,False,0.024603
5,0.007,0.028,6,9,False,0.024722
5,0.007,0.028,7,9,False,0.024573
5,0.007,0.028,8,9,True,0.02471
5,0.007,0.028,9,9,False,0.024573
5,0.007,0.028,10,9,False,0.024842
5,0.007,0.028,11,9,False,0.02467
5,0.007,0.028,12,9,True,0.024526
5,0.007,0.028,13,9,False,0.024621
5,0.007,0.028,14,9,True,0.024883
5,0.007,0.028,15,9,False,0.024692
5,0.007,0.028,16,9,False,0.024911
5,0.007,0.028,17,9,False,0.02553
5,0.007,0.028,18,9,True,0.024781
5,0.007,0.028,19,9,False,0.02459
5,0.007,0.028,20,9,False,0.024845
5,0.007,0.028,21,9,False,0.024662
5,0.007,0.028,22,9,False,0.024571
5,0.007,0.028,23,9,False,0.024719
5,0.007,0.028,24,9,False,0.046097
5,0.007,0.028,25,9,True,0.024629
5,0.007,0.028,26,9,False,0.024613
5,0.007,0.028,27,9,False,0.024711
5,0.007,0.028,28,9,False,0.024487
5,0.007,0.028,29,9,False,0.024613
5,0.007,0.028,30,9,False,0.024689
5,0.007,0.028,31,9,False,0.024584
5,0.007,0.028,32,9,False,0.024618
5,0.007,0.028,33,9,True,0.024717
5,0.007,0.028,34,9,False,0.025377
5,0.007,0.028,35,9,False,0.024551
5,0.007,0.028,36,9,False,0.024509
5,0.007,0.028,37,9,False,0.024698
5,0.007,0.028,38,9,False,0.024417
5,0.007,0.028,39,9,True,0.024604
5,0.007,0.028,40,9,True,0.024572
5,0.007,0.028,41,9,False,0.024492
5,0.007,0.028,42,9,False,0.024532
5,0.007,0.028,43,9,False,0.024575
5,0.007,0.028,44,9,False,0.024589
5,0.007,0.028,45,9,True,0.024645
5,0.007,0.028,46,9,False,0.024856
5,0.007,0.028,47,9,True,0.024733
5,0.007,0.028,48,9,True,0.024402
5,0.007,0.028,49,9,False,0.02461
5,0.007,0.028,50,9,False,0.024464
5,0.007,0.028,51,9,True,0.024555
5,0.007,0.028,52,9,False,0.024585
5,0.007,0.028,53,9,False,0.024708
5,0.007,0.028,54,9,False,0.024482
5,0.007,0.028,55,9,False,0.024575
5,0.007,0.028,56,9,False,0.024559
5,0.007,0.028,57,9,True,0.024675
5,0.007,0.028,58,9,False,0.024664
5,0.007,0.028,59,9,False,0.024536
5,0.007,0.028,60,9,False,0.024735
5,0.007,0.028,61,9,True,0.024462
5,0.007,0.028,62,9,False,0.024426
5,0.007,0.028,63,9,False,0.024822
5,0.007,0.028,64,9,False,0.024703
5,0.007,0.028,65,9,False,0.024499
5,0.007,0.028,66,9,False,0.024456
5,0.007,0.028,67,9,False,0.024431
5,0.007,0.028,68,9,False,0.024539
5,0.007,0.028,69,9,False,0.024544
5,0.007,0.028,70,9,False,0.024742
5,0.007,0.028,71,9,False,0.024637
5,0.007,0.028,72,9,False,0.024582
5,0.007,0.028,73,9,False,0.024558
5,0.007,0.028,74,9,False,0.024514
5,0.007,0.028,75,9,True,0.024807
5,0.007,0.028,76,9,False,0.024523
5,0.007,0.028,77,9,True,0.024499
5,0.007,0.028,78,9,False,0.043582
5,0.007,0.028,79,9,True,0.02509
5,0.007,0.028,80,9,False,0.024538
5,0.007,0.028,81,9,False,0.024643
5,0.007,0.028,82,9,False,0.024566
5,0.007,0.028,83,9,False,0.024909
5,0.007,0.028,84,9,False,0.02451
5,0.007,0.028,85,9,False,0.024745
5,0.007,0.028,86,9,False,0.024567
5,0.007,0.028,87,9,False,0.024621
5,0.007,0.028,88,9,False,0.024586
5,0.007,0.028,89,9,True,0.024699
5,0.007,0.028,90,9,False,0.024453
5,0.007,0.028,91,9,True,0.024695
5,0.007,0.028,92,9,False,0.0246
5,0.007,0.028,93,9,False,0.024748
5,0.007,0.028,94,9,False,0.024723
5,0.007,0.028,95,9,False,0.024715
5,0.007,0.028,96,9,False,0.024699
5,0.007,0.028,97,9,False,0.02479
5,0.007,0.028,98,9,False,0.024731
5,0.007,0.028,99,9,False,0.024927
5,0.01,0.028,0,9,True,0.073155
5,0.01,0.028,1,9,False,0.025239
5,0.01,0.028,2,9,True,0.024971
5,0.01,0.028,3,9,True,0.02493
5,0.01,0.028,4,9,True,0.024938
5,0.01,0.028,5,9,False,0.02508
5,0.01,0.028,6,9,False,0.024972
5,0.01,0.028,7,9,True,0.024857
5,0.01,0.028,8,9,True,0.025098
5,0.01,0.028,9,9,True,0.025213
5,0.01,0.028,10,9,False,0.024966
5,0.01,0.028,11,9,False,0.024838
5,0.01,0.028,12,9,False,0.024981
5,0.01,0.028,13,9,True,0.025192
5,0.01,0.028,14,9,True,0.024934
5,0.01,0.028,15,9,True,0.025245
5,0.01,0.028,16,9,True,0.02519
5,0.01,0.028,17,9,False,0.025169
5,0.01,0.028,18,9,True,0.025429
5,0.01,0.028,19,9,True,0.025187
5,0.01,0.028,20,9,False,0.025001
5,0.01,0.028,21,9,False,0.025023
5,0.01,0.028,22,9,True,0.02561
5,0.01,0.028,23,9,False,0.025731
5,0.01,0.028,24,9,True,0.054315
5,0.01,0.028,25,9,True,0.025791
5,0.01,0.028,26,9,False,0.025298
5,0.01,0.028,27,9,True,0.025089
5,0.01,0.028,28,9,False,0.025084
5,0.01,0.028,29,9,True,0.02539
5,0.01,0.028,30,9,False,0.025152
5,0.01,0.028,31,9,True,0.025212
5,0.01,0.028,32,9,True,0.025937
5,0.01,0.028,33,9,False,0.025049
5,0.01,0.028,34,9,False,0.025355
5,0.01,0.028,35,9,True,0.025529
5,0.01,0.028,36,9,False,0.025622
5,0.01,0.028,37,9,False,0.025529
5,0.01,0.028,38,9,True,0.025541
5,0.01,0.028,39,9,True,0.025768
5,0.01,0.028,40,9,False,0.025196
5,0.01,0.028,41,9,False,0.02505
5,0.01,0.028,42,9,False,0.025101
5,0.01,0.028,43,9,False,0.024984
5,0.01,0.028,44,9,False,0.025754
5,0.01,0.028,45,9,True,0.025429
5,0.01,0.028,46,9,True,0.025508
5,0.01,0.028,47,9,True,0.02565
5,0.01,0.028,48,9,False,0.025671
5,0.01,0.028,49,9,False,0.02557
5,0.01,0.028,50,9,True,0.025591
5,0.01,0.028,51,9,False,0.025271
5,0.01,0.028,52,9,True,0.025572
5,0.01,0.028,53,9,True,0.025453
5,0.01,0.028,54,9,True,0.025482
5,0.01,0.028,55,9,True,0.025737
5,0.01,0.028,56,9,True,0.025722
5,0.01,0.028,57,9,False,0.025662
5,0.01,0.028,58,9,False,0.025561
5,0.01,0.028,59,9,False,0.025494
5,0.01,0.028,60,9,False,0.025643
5,0.01,0.028,61,9,True,0.025475
5,0.01,0.028,62,9,True,0.025533
5,0.01,0.028,63,9,False,0.02573
5,0.01,0.028,64,9,False,0.025512
5,0.01,0.028,65,9,True,0.025429
5,0.01,0.028,66,9,False,0.025561
5,0.01,0.028,67,9,True,0.025338
5,0.01,0.028,68,9,False,0.025521
5,0.01,0.028,69,9,False,0.025394
5,0.01,0.028,70,9,False,0.025702
5,0.01,0.028,71,9,True,0.025335
5,0.01,0.028,72,9,False,0.025771
5,0.01,0.028,73,9,True,0.025516
5,0.01,0.028,74,9,True,0.025454
5,0.01,0.028,75,9,True,0.025384
5,0.01,0.028,76,9,True,0.025319
5,0.01,0.028,77,9,False,0.025382
5,0.01,0.028,78,9,False,0.051793
5,0.01,0.028,79,9,False,0.026198
5,0.01,0.028,80,9,False,0.025435
5,0.01,0.028,81,9,False,0.025536
5,0.01,0.028,82,9,False,0.025146
5,0.01,0.028,83,9,False,0.025298
5,0.01,0.028,84,9,False,0.025278
5,0.01,0.028,85,9,False,0.025293
5,0.01,0.028,86,9,True,0.025068
5,0.01,0.028,87,9,True,0.025199
5,0.01,0.028,88,9,True,0.025366
5,0.01,0.028,89,9,True,0.025418
5,0.01,0.028,90,9,True,0.024959
5,0.01,0.028,91,9,True,0.02513
5,0.01,0.028,92,9,False,0.024948
5,0.01,0.028,93,9,True,0.025238
5,0.01,0.028,94,9,False,0.024985
5,0.01,0.028,95,9,False,0.025239
5,0.01,0.028,96,9,True,0.024904
5,0.01,0.028,97,9,False,0.025108
5,0.01,0.028,98,9,True,0.025033
5,0.01,0.028,99,9,False,0.025169
7,0.0005,0.028,0,9,False,0.195704
7,0.0005,0.028,1,9,False,0.05955
7,0.0005,0.028,2,9,False,0.05898
7,0.0005,0.028,3,9,False,0.059263
7,0.0005,0.028,4,9,False,0.076953
7,0.0005,0.028,5,9,False,0.059486
7,0.0005,0.028,6,9,False,0.059654
7,0.0005,0.028,7,9,False,0.059336
7,0.0005,0.028,8,9,False,0.059166
7,0.0005,0.028,9,9,False,0.059246
7,0.0005,0.028,10,9,False,0.076025
7,0.0005,0.028,11,9,False,0.059477
7,0.0005,0.028,12,9,False,0.059347
7,0.0005,0.028,13,9,False,0.059293
7,0.0005,0.028,14,9,False,0.059249
7,0.0005,0.028,15,9,False,0.07625
7,0.0005,0.028,16,9,False,0.0595
7,0.0005,0.028,17,9,False,0.05911
7,0.0005,0.028,18,9,False,0.059247
7,0.0005,0.028,19,9,False,0.059111
7,0.0005,0.028,20,9,False,0.05889
7,0.0005,0.028,21,9,False,0.07633
7,0.0005,0.028,22,9,False,0.059347
7,0.0005,0.028,23,9,False,0.059218
7,0.0005,0.028,24,9,False,0.059196
7,0.0005,0.028,25,9,False,0.059232
7,0.0005,0.028,26,9,False,0.076138
7,0.0005,0.028,27,9,False,0.05933
7,0.0005,0.028,28,9,False,0.059225
7,0.0005,0.028,29,9,False,0.060771
7,0.0005,0.028,30,9,False,0.059325
7,0.0005,0.028,31,9,False,0.059137
7,0.0005,0.028,32,9,False,0.07764
7,0.0005,0.028,33,9,False,0.059569
7,0.0005,0.028,34,9,False,0.059235
7,0.0005,0.028,35,9,False,0.059544
7,0.0005,0.028,36,9,False,0.059811
7,0.0005,0.028,37,9,False,0.075945
7,0.0005,0.028,38,9,False,0.05976
7,0.0005,0.028,39,9,False,0.059453
7,0.0005,0.028,40,9,False,0.059451
7,0.0005,0.028,41,9,False,0.059212
7,0.0005,0.028,42,9,False,0.059859
7,0.0005,0.028,43,9,False,0.077631
7,0.0005,0.028,44,9,False,0.059925
7,0.0005,0.028,45,9,False,0.059772
7,0.0005,0.028,46,9,False,0.05975
7,0.0005,0.028,47,9,False,0.059794
7,0.0005,0.028,48,9,False,0.07765
7,0.0005,0.028,49,9,False,0.060018
7,0.0005,0.028,50,9,False,0.059888
7,0.0005,0.028,51,9,False,0.059529
7,0.0005,0.028,52,9,False,0.059587
7,0.0005,0.028,53,9,False,0.059517
7,0.0005,0.028,54,9,False,0.07623
7,0.0005,0.028,55,9,False,0.059763
7,0.0005,0.028,56,9,False,0.059978
7,0.0005,0.028,57,9,False,0.060074
7,0.0005,0.028,58,9,False,0.060127
7,0.0005,0.028,59,9,False,0.076489
7,0.0005,0.028,60,9,False,0.060033
7,0.0005,0.028,61,9,False,0.059818
7,0.0005,0.028,62,9,False,0.059603
7,0.0005,0.028,63,9,False,0.059614
7,0.0005,0.028,64,9,False,0.059767
7,0.0005,0.028,65,9,False,0.077855
7,0.0005,0.028,66,9,False,0.059954
7,0.0005,0.028,67,9,False,0.059782
7,0.0005,0.028,68,9,False,0.059385
7,0.0005,0.028,69,9,False,0.059622
7,0.0005,0.028,70,9,False,0.07576
7,0.0005,0.028,71,9,False,0.061191
7,0.0005,0.028,72,9,False,0.059875
7,0.0005,0.028,73,9,False,0.059822
7,0.0005,0.028,74,9,False,0.059894
7,0.0005,0.028,75,9,False,0.060019
7,0.0005,0.028,76,9,False,0.076674
7,0.0005,0.028,77,9,False,0.059734
7,0.0005,0.028,78,9,False,0.05994
7,0.0005,0.028,79,9,False,0.059765
7,0.0005,0.028,80,9,False,0.059608
7,0.0005,0.028,81,9,False,0.076386
7,0.0005,0.028,82,9,False,0.060064
7,0.0005,0.028,83,9,False,0.059255
7,0.0005,0.028,84,9,False,0.059615
7,0.0005,0.028,85,9,False,0.059688
7,0.0005,0.028,86,9,False,0.060035
7,0.0005,0.028,87,9,False,0.078089
7,0.0005,0.028,88,9,False,0.060249
7,0.0005,0.028,89,9,False,0.060042
7,0.0005,0.028,90,9,False,0.05978
7,0.0005,0.028,91,9,False,0.059409
7,0.0005,0.028,92,9,False,0.077006
7,0.0005,0.028,93,9,False,0.059596
7,0.0005,0.028,94,9,False,0.059567
7,0.0005,0.028,95,9,False,0.059615
7,0.0005,0.028,96,9,False,0.059767
7,0.0005,0.028,97,9,False,0.077381
7,0.0005,0.028,98,9,False,0.059842
7,0.0005,0.028,99,9,False,0.059864
7,0.001,0.028,0,9,False,0.220874
7,0.001,0.028,1,9,False,0.066459
7,0.001,0.028,2,9,False,0.067936
7,0.001,0.028,3,9,False,0.068589
7,0.001,0.028,4,9,False,0.112999
7,0.001,0.028,5,9,False,0.068309
7,0.001,0.028,6,9,False,0.070849
7,0.001,0.028,7,9,False,0.071942
7,0.001,0.028,8,9,False,0.074046
7,0.001,0.028,9,9,False,0.073497
7,0.001,0.028,10,9,False,0.125151
7,0.001,0.028,11,9,False,0.072954
7,0.001,0.028,12,9,False,0.075273
7,0.001,0.028,13,9,False,0.075488
7,0.001,0.028,14,9,False,0.070596
7,0.001,0.028,15,9,False,0.109048
7,0.001,0.028,16,9,False,0.067158
7,0.001,0.028,17,9,False,0.067833
7,0.001,0.028,18,9,False,0.068064
7,0.001,0.028,19,9,False,0.06869
7,0.001,0.028,20,9,False,0.068244
7,0.001,0.028,21,9,False,0.106261
7,0.001,0.028,22,9,False,0.0696
7,0.001,0.028,23,9,False,0.067135
7,0.001,0.028,24,9,False,0.068077
7,0.001,0.028,25,9,False,0.068261
7,0.001,0.028,26,9,False,0.107078
7,0.001,0.028,27,9,False,0.069672
7,0.001,0.028,28,9,False,0.070828
7,0.001,0.028,29,9,False,0.068573
7,0.001,0.028,30,9,False,0.068966
7,0.001,0.028,31,9,False,0.069975
7,0.001,0.028,32,9,False,0.10754
7,0.001,0.028,33,9,False,0.068585
7,0.001,0.028,34,9,False,0.070567
7,0.001,0.028,35,9,False,0.072003
7,0.001,0.028,36,9,False,0.069245
7,0.001,0.028,37,9,False,0.112021
7,0.001,0.028,38,9,False,0.070853
7,0.001,0.028,39,9,False,0.06964
7,0.001,0.028,40,9,False,0.07033
7,0.001,0.028,41,9,False,0.073701
7,0.001,0.028,42,9,False,0.074172
7,0.001,0.028,43,9,False,0.126023
7,0.001,0.028,44,9,False,0.084781
7,0.001,0.028,45,9,False,0.077897
7,0.001,0.028,46,9,False,0.078769
7,0.001,0.028,47,9,False,0.076619
7,0.001,0.028,48,9,False,0.154733
7,0.001,0.028,49,9,False,0.078386
7,0.001,0.028,50,9,False,0.076349
7,0.001,0.028,51,9,False,0.089419
7,0.001,0.028,52,9,False,0.077369
7,0.001,0.028,53,9,False,0.079616
7,0.001,0.028,54,9,False,0.132341
7,0.001,0.028,55,9,False,0.076921
7,0.001,0.028,56,9,False,0.073625
7,0.001,0.028,57,9,False,0.071545
7,0.001,0.028,58,9,False,0.072174
7,0.001,0.028,59,9,False,0.125876
7,0.001,0.028,60,9,False,0.07293
7,0.001,0.028,61,9,False,0.071311
7,0.001,0.028,62,9,False,0.07143
7,0.001,0.028,63,9,False,0.069731
7,0.001,0.028,64,9,False,0.070673
7,0.001,0.028,65,9,False,0.109866
7,0.001,0.028,66,9,False,0.071577
7,0.001,0.028,67,9,False,0.080877
7,0.001,0.028,68,9,False,0.07309
7,0.001,0.028,69,9,False,0.072708
7,0.001,0.028,70,9,False,0.115386
7,0.001,0.028,71,9,False,0.069712
7,0.001,0.028,72,9,False,0.069857
7,0.001,0.028,73,9,False,0.069382
7,0.001,0.028,74,9,False,0.068818
7,0.001,0.028,75,9,False,0.068996
7,0.001,0.028,76,9,False,0.124127
7,0.001,0.028,77,9,False,0.06998
7,0.001,0.028,78,9,False,0.068537
7,0.001,0.028,79,9,False,0.065577
7,0.001,0.028,80,9,False,0.062093
7,0.001,0.028,81,9,False,0.086695
7,0.001,0.028,82,9,False,0.066837
7,0.001,0.028,83,9,False,0.067383
7,0.001,0.028,84,9,False,0.069639
7,0.001,0.028,85,9,False,0.066612
7,0.001,0.028,86,9,False,0.066834
7,0.001,0.028,87,9,False,0.109315
7,0.001,0.028,88,9,False,0.068608
7,0.001,0.028,89,9,False,0.068557
7,0.001,0.028,90,9,False,0.068362
7,0.001,0.028,91,9,False,0.065603
7,0.001,0.028,92,9,False,0.102553
7,0.001,0.028,93,9,False,0.066315
7,0.001,0.028,94,9,False,0.065896
7,0.001,0.028,95,9,False,0.063341
7,0.001,0.028,96,9,False,0.062733
7,0.001,0.028,97,9,False,0.089823
7,0.001,0.028,98,9,False,0.063096
7,0.001,0.028,99,9,False,0.066516
7,0.002,0.028,0,9,False,0.217078
7,0.002,0.028,1,9,False,0.063546
7,0.002,0.028,2,9,False,0.06369
7,0.002,0.028,3,9,False,0.065698
7,0.002,0.028,4,9,False,0.104013
7,0.002,0.028,5,9,False,0.065278
7,0.002,0.028,6,9,False,0.06488
7,0.002,0.028,7,9,False,0.065574
7,0.002,0.028,8,9,False,0.067259
7,0.002,0.028,9,9,False,0.067615
7,0.002,0.028,10,9,False,0.106982
7,0.002,0.028,11,9,False,0.065779
7,0.002,0.028,12,9,False,0.065384
7,0.002,0.028,13,9,False,0.067371
7,0.002,0.028,14,9,False,0.065684
7,0.002,0.028,15,9,False,0.109453
7,0.002,0.028,16,9,False,0.067343
7,0.002,0.028,17,9,False,0.065357
7,0.002,0.028,18,9,False,0.064105
7,0.002,0.028,19,9,False,0.065374
7,0.002,0.028,20,9,False,0.064479
7,0.002,0.028,21,9,False,0.104841
7,0.002,0.028,22,9,False,0.070228
7,0.002,0.028,23,9,False,0.067258
7,0.002,0.028,24,9,False,0.066022
7,0.002,0.028,25,9,False,0.065395
7,0.002,0.028,26,9,False,0.104289
7,0.002,0.028,27,9,False,0.066398
7,0.002,0.028,28,9,False,0.065582
7,0.002,0.028,29,9,False,0.066466
7,0.002,0.028,30,9,False,0.068875
7,0.002,0.028,31,9,False,0.073077
7,0.002,0.028,32,9,False,0.108188
7,0.002,0.028,33,9,False,0.066784
7,0.002,0.028,34,9,False,0.068826
7,0.002,0.028,35,9,False,0.068465
7,0.002,0.028,36,9,False,0.067049
7,0.002,0.028,37,9,False,0.109466
7,0.002,0.028,38,9,False,0.067438
7,0.002,0.028,39,9,False,0.066733
7,0.002,0.028,40,9,False,0.067291
7,0.002,0.028,41,9,False,0.067215
7,0.002,0.028,42,9,False,0.067301
7,0.002,0.028,43,9,False,0.105702
7,0.002,0.028,44,9,False,0.067677
7,0.002,0.028,45,9,False,0.068552
7,0.002,0.028,46,9,False,0.069024
7,0.002,0.028,47,9,False,0.069469
7,0.002,0.028,48,9,False,0.112912
7,0.002,0.028,49,9,False,0.068519
7,0.002,0.028,50,9,False,0.068956
7,0.002,0.028,51,9,False,0.071366
7,0.002,0.028,52,9,False,0.071572
7,0.002,0.028,53,9,False,0.073199
7,0.002,0.028,54,9,False,0.117573
7,0.002,0.028,55,9,False,0.073284
7,0.002,0.028,56,9,False,0.07202
7,0.002,0.028,57,9,False,0.074218
7,0.002,0.028,58,9,False,0.07321
7,0.002,0.028,59,9,False,0.122635
7,0.002,0.028,60,9,False,0.073808
7,0.002,0.028,61,9,False,0.072563
7,0.002,0.028,62,9,False,0.070403
7,0.002,0.028,63,9,False,0.072184
7,0.002,0.028,64,9,False,0.072559
7,0.002,0.028,65,9,False,0.114809
7,0.002,0.028,66,9,False,0.068368
7,0.002,0.028,67,9,False,0.06736
7,0.002,0.028,68,9,False,0.068435
7,0.002,0.028,69,9,False,0.071061
7,0.002,0.028,70,9,False,0.105592
7,0.002,0.028,71,9,False,0.066848
7,0.002,0.028,72,9,False,0.068976
7,0.002,0.028,73,9,False,0.07072
7,0.002,0.028,74,9,False,0.069263
7,0.002,0.028,75,9,False,0.068893
7,0.002,0.028,76,9,False,0.1049
7,0.002,0.028,77,9,False,0.0682
7,0.002,0.028,78,9,False,0.067608
7,0.002,0.028,79,9,False,0.066056
7,0.002,0.028,80,9,False,0.065923
7,0.002,0.028,81,9,False,0.108553
7,0.002,0.028,82,9,False,0.070659
7,0.002,0.028,83,9,False,0.066793
7,0.002,0.028,84,9,False,0.06458
7,0.002,0.028,85,9,False,0.067018
7,0.002,0.028,86,9,False,0.060756
7,0.002,0.028,87,9,False,0.083864
7,0.002,0.028,88,9,False,0.060346
7,0.002,0.028,89,9,False,0.06067
7,0.002,0.028,90,9,False,0.060204
7,0.002,0.028,91,9,False,0.060467
7,0.002,0.028,92,9,False,0.088565
7,0.002,0.028,93,9,False,0.062064
7,0.002,0.028,94,9,False,0.059781
7,0.002,0.028,95,9,False,0.061102
7,0.002,0.028,96,9,False,0.060176
7,0.002,0.028,97,9,False,0.092913
7,0.002,0.028,98,9,False,0.064863
7,0.002,0.028,99,9,False,0.064832
7,0.003,0.028,0,9,False,0.214377
7,0.003,0.028,1,9,False,0.062907
7,0.003,0.028,2,9,False,0.064523
7,0.003,0.028,3,9,False,0.062469
7,0.003,0.028,4,9,False,0.086694
7,0.003,0.028,5,9,False,0.061995
7,0.003,0.028,6,9,False,0.063767
7,0.003,0.028,7,9,False,0.064711
7,0.003,0.028,8,9,False,0.065092
7,0.003,0.028,9,9,False,0.062251
7,0.003,0.028,10,9,False,0.080501
7,0.003,0.028,11,9,False,0.06183
7,0.003,0.028,12,9,False,0.061815
7,0.003,0.028,13,9,False,0.062385
7,0.003,0.028,14,9,False,0.062707
7,0.003,0.028,15,9,False,0.090814
7,0.003,0.028,16,9,False,0.063244
7,0.003,0.028,17,9,False,0.06242
7,0.003,0.028,18,9,False,0.061806
7,0.003,0.028,19,9,False,0.063896
7,0.003,0.028,20,9,False,0.064728
7,0.003,0.028,21,9,False,0.099467
7,0.003,0.028,22,9,False,0.064769
7,0.003,0.028,23,9,False,0.061713
7,0.003,0.028,24,9,False,0.06498
7,0.003,0.028,25,9,False,0.064816
7,0.003,0.028,26,9,False,0.08444
7,0.003,0.028,27,9,False,0.064339
7,0.003,0.028,28,9,False,0.063867
7,0.003,0.028,29,9,False,0.06428
7,0.003,0.028,30,9,False,0.062148
7,0.003,0.028,31,9,False,0.06364
7,0.003,0.028,32,9,False,0.098521
7,0.003,0.028,33,9,False,0.065167
7,0.003,0.028,34,9,False,0.065341
7,0.003,0.028,35,9,False,0.067178
7,0.003,0.028,36,9,False,0.066487
7,0.003,0.028,37,9,False,0.085549
7,0.003,0.028,38,9,False,0.062651
7,0.003,0.028,39,9,False,0.064167
7,0.003,0.028,40,9,False,0.063611
7,0.003,0.028,41,9,False,0.063436
7,0.003,0.028,42,9,False,0.063255
7,0.003,0.028,43,9,False,0.083938
7,0.003,0.028,44,9,False,0.0629
7,0.003,0.028,45,9,False,0.063841
7,0.003,0.028,46,9,False,0.063538
7,0.003,0.028,47,9,False,0.061252
7,0.003,0.028,48,9,False,0.0921
7,0.003,0.028,49,9,False,0.061996
7,0.003,0.028,50,9,False,0.062296
7,0.003,0.028,51,9,False,0.063859
7,0.003,0.028,52,9,False,0.062996
7,0.003,0.028,53,9,False,0.069852
7,0.003,0.028,54,9,False,0.096649
7,0.003,0.028,55,9,False,0.062247
7,0.003,0.028,56,9,False,0.062787
7,0.003,0.028,57,9,False,0.063251
7,0.003,0.028,58,9,False,0.064982
7,0.003,0.028,59,9,False,0.103635
7,0.003,0.028,60,9,False,0.069481
7,0.003,0.028,61,9,False,0.064439
7,0.003,0.028,62,9,False,0.06559
7,0.003,0.028,63,9,False,0.064328
7,0.003,0.028,64,9,False,0.065362
7,0.003,0.028,65,9,False,0.103656
7,0.003,0.028,66,9,False,0.062682
7,0.003,0.028,67,9,False,0.063771
7,0.003,0.028,68,9,False,0.064537
7,0.003,0.028,69,9,False,0.065195
7,0.003,0.028,70,9,False,0.08821
7,0.003,0.028,71,9,False,0.06486
7,0.003,0.028,72,9,False,0.063425
7,0.003,0.028,73,9,False,0.063355
7,0.003,0.028,74,9,True,0.064356
7,0.003,0.028,75,9,False,0.064297
7,0.003,0.028,76,9,False,0.09503
7,0.003,0.028,77,9,False,0.06377
7,0.003,0.028,78,9,False,0.064559
7,0.003,0.028,79,9,False,0.062902
7,0.003,0.028,80,9,False,0.062723
7,0.003,0.028,81,9,False,0.085337
7,0.003,0.028,82,9,False,0.064501
7,0.003,0.028,83,9,False,0.061798
7,0.003,0.028,84,9,False,0.062373
7,0.003,0.028,85,9,False,0.062314
7,0.003,0.028,86,9,False,0.064657
7,0.003,0.028,87,9,False,0.088938
7,0.003,0.028,88,9,False,0.063972
7,0.003,0.028,89,9,False,0.061622
7,0.003,0.028,90,9,False,0.062365
7,0.003,0.028,91,9,False,0.061656
7,0.003,0.028,92,9,False,0.084851
7,0.003,0.028,93,9,False,0.064594
7,0.003,0.028,94,9,False,0.064319
7,0.003,0.028,95,9,False,0.062281
7,0.003,0.028,96,9,False,0.061914
7,0.003,0.028,97,9,False,0.083884
7,0.003,0.028,98,9,False,0.062183
7,0.003,0.028,99,9,False,0.063617
7,0.005,0.028,0,9,False,0.240447
7,0.005,0.028,1,9,False,0.073584
7,0.005,0.028,2,9,False,0.072466
7,0.005,0.028,3,9,False,0.075088
7,0.005,0.028,4,9,False,0.120426
7,0.005,0.028,5,9,True,0.081776
7,0.005,0.028,6,9,False,0.08132
7,0.005,0.028,7,9,False,0.081789
7,0.005,0.028,8,9,False,0.081375
7,0.005,0.028,9,9,False,0.08171
7,0.005,0.028,10,9,False,0.117183
7,0.005,0.028,11,9,False,0.079854
7,0.005,0.028,12,9,False,0.077915
7,0.005,0.028,13,9,False,0.07852
7,0.005,0.028,14,9,False,0.077831
7,0.005,0.028,15,9,False,0.119998
7,0.005,0.028,16,9,False,0.084082
7,0.005,0.028,17,9,False,0.083188
7,0.005,0.028,18,9,False,0.081177
7,0.005,0.028,19,9,False,0.08085
7,0.005,0.028,20,9,True,0.078919
7,0.005,0.028,21,9,False,0.122316
7,0.005,0.028,22,9,False,0.080811
7,0.005,0.028,23,9,False,0.080649
7,0.005,0.028,24,9,False,0.081159
7,0.005,0.028,25,9,False,0.081052
7,0.005,0.028,26,9,False,0.123648
7,0.005,0.028,27,9,False,0.079846
7,0.005,0.028,28,9,False,0.081075
7,0.005,0.028,29,9,False,0.07927
7,0.005,0.028,30,9,False,0.080678
7,0.005,0.028,31,9,False,0.082542
7,0.005,0.028,32,9,False,0.127012
7,0.005,0.028,33,9,False,0.082114
7,0.005,0.028,34,9,False,0.081481
7,0.005,0.028,35,9,True,0.083168
7,0.005,0.028,36,9,False,0.084916
7,0.005,0.028,37,9,False,0.14704
7,0.005,0.028,38,9,False,0.086215
7,0.005,0.028,39,9,False,0.089454
7,0.005,0.028,40,9,False,0.084695
7,0.005,0.028,41,9,False,0.083359
7,0.005,0.028,42,9,True,0.07687
7,0.005,0.028,43,9,False,0.09737
7,0.005,0.028,44,9,False,0.070217
7,0.005,0.028,45,9,False,0.070146
7,0.005,0.028,46,9,False,0.069625
7,0.005,0.028,47,9,False,0.070288
7,0.005,0.028,48,9,False,0.095571
7,0.005,0.028,49,9,False,0.071166
7,0.005,0.028,50,9,False,0.074469
7,0.005,0.028,51,9,False,0.074492
7,0.005,0.028,52,9,False,0.07593
7,0.005,0.028,53,9,False,0.075324
7,0.005,0.028,54,9,False,0.101687
7,0.005,0.028,55,9,False,0.074202
7,0.005,0.028,56,9,True,0.074105
7,0.005,0.028,57,9,False,0.074603
7,0.005,0.028,58,9,False,0.073689
7,0.005,0.028,59,9,False,0.105403
7,0.005,0.028,60,9,True,0.074019
7,0.005,0.028,61,9,False,0.072617
7,0.005,0.028,62,9,True,0.073106
7,0.005,0.028,63,9,False,0.072839
7,0.005,0.028,64,9,False,0.072961
7,0.005,0.028,65,9,False,0.094778
7,0.005,0.028,66,9,False,0.073368
7,0.005,0.028,67,9,False,0.073908
7,0.005,0.028,68,9,False,0.073145
7,0.005,0.028,69,9,False,0.070467
7,0.005,0.028,70,9,False,0.09494
7,0.005,0.028,71,9,False,0.070178
7,0.005,0.028,72,9,False,0.068183
7,0.005,0.028,73,9,False,0.066603
7,0.005,0.028,74,9,False,0.069897
7,0.005,0.028,75,9,False,0.073175
7,0.005,0.028,76,9,False,0.097738
7,0.005,0.028,77,9,False,0.073286
7,0.005,0.028,78,9,False,0.07419
7,0.005,0.028,79,9,False,0.077087
7,0.005,0.028,80,9,False,0.074552
7,0.005,0.028,81,9,False,0.097948
7,0.005,0.028,82,9,False,0.073623
7,0.005,0.028,83,9,False,0.072702
7,0.005,0.028,84,9,True,0.073386
7,0.005,0.028,85,9,False,0.07456
7,0.005,0.028,86,9,False,0.076017
7,0.005,0.028,87,9,False,0.100786
7,0.005,0.028,88,9,False,0.074439
7,0.005,0.028,89,9,False,0.072016
7,0.005,0.028,90,9,False,0.071884
7,0.005,0.028,91,9,True,0.073074
7,0.005,0.028,92,9,False,0.096823
7,0.005,0.028,93,9,False,0.074263
7,0.005,0.028,94,9,False,0.072846
7,0.005,0.028,95,9,False,0.075869
7,0.005,0.028,96,9,True,0.074504
7,0.005,0.028,97,9,False,0.098969
7,0.005,0.028,98,9,False,0.075898
7,0.005,0.028,99,9,False,0.073253
7,0.007,0.028,0,9,False,0.217396
7,0.007,0.028,1,9,False,0.067926
7,0.007,0.028,2,9,False,0.067809
7,0.007,0.028,3,9,True,0.068242
7,0.007,0.028,4,9,False,0.087044
7,0.007,0.028,5,9,False,0.068645
7,0.007,0.028,6,9,False,0.068306
7,0.007,0.028,7,9,False,0.068476
7,0.007,0.028,8,9,False,0.069021
7,0.007,0.028,9,9,False,0.068608
7,0.007,0.028,10,9,False,0.086417
7,0.007,0.028,11,9,False,0.068398
7,0.007,0.028,12,9,False,0.069148
7,0.007,0.028,13,9,False,0.069406
7,0.007,0.028,14,9,True,0.069201
7,0.007,0.028,15,9,True,0.08644
7,0.007,0.028,16,9,False,0.069824
7,0.007,0.028,17,9,False,0.069414
7,0.007,0.028,18,9,True,0.069389
7,0.007,0.028,19,9,True,0.069949
7,0.007,0.028,20,9,False,0.069704
7,0.007,0.028,21,9,True,0.086832
7,0.007,0.028,22,9,True,0.070731
7,0.007,0.028,23,9,True,0.069462
7,0.007,0.028,24,9,True,0.069669
7,0.007,0.028,25,9,True,0.069461
7,0.007,0.028,26,9,False,0.087177
7,0.007,0.028,27,9,False,0.069818
7,0.007,0.028,28,9,False,0.069423
7,0.007,0.028,29,9,False,0.069494
7,0.007,0.028,30,9,False,0.069578
7,0.007,0.028,31,9,True,0.070439
7,0.007,0.028,32,9,False,0.087087
7,0.007,0.028,33,9,False,0.069454
7,0.007,0.028,34,9,False,0.069431
7,0.007,0.028,35,9,False,0.069702
7,0.007,0.028,36,9,False,0.070125
7,0.007,0.028,37,9,False,0.087695
7,0.007,0.028,38,9,True,0.07027
7,0.007,0.028,39,9,False,0.069924
7,0.007,0.028,40,9,False,0.069605
7,0.007,0.028,41,9,True,0.069733
7,0.007,0.028,42,9,False,0.069841
7,0.007,0.028,43,9,True,0.087535
7,0.007,0.028,44,9,True,0.070015
7,0.007,0.028,45,9,False,0.070167
7,0.007,0.028,46,9,False,0.070018
7,0.007,0.028,47,9,False,0.06989
7,0.007,0.028,48,9,False,0.087803
7,0.007,0.028,49,9,False,0.069894
7,0.007,0.028,50,9,True,0.070202
7,0.007,0.028,51,9,True,0.070035
7,0.007,0.028,52,9,False,0.070464
7,0.007,0.028,53,9,False,0.070336
7,0.007,0.028,54,9,False,0.087681
7,0.007,0.028,55,9,False,0.070108
7,0.007,0.028,56,9,False,0.070322
7,0.007,0.028,57,9,False,0.070176
7,0.007,0.028,58,9,True,0.071207
7,0.007,0.028,59,9,False,0.087473
7,0.007,0.028,60,9,False,0.070208
7,0.007,0.028,61,9,False,0.070189
7,0.007,0.028,62,9,False,0.069956
7,0.007,0.028,63,9,False,0.070157
7,0.007,0.028,64,9,False,0.070513
7,0.007,0.028,65,9,True,0.087793
7,0.007,0.028,66,9,False,0.069975
7,0.007,0.028,67,9,True,0.070155
7,0.007,0.028,68,9,True,0.070169
7,0.007,0.028,69,9,False,0.070093
7,0.007,0.028,70,9,False,0.087613
7,0.007,0.028,71,9,False,0.070238
7,0.007,0.028,72,9,False,0.070202
7,0.007,0.028,73,9,False,0.071045
7,0.007,0.028,74,9,False,0.071446
7,0.007,0.028,75,9,False,0.069889
7,0.007,0.028,76,9,False,0.087472
7,0.007,0.028,77,9,True,0.06937
7,0.007,0.028,78,9,True,0.0643
7,0.007,0.028,79,9,False,0.062183
7,0.007,0.028,80,9,True,0.061849
7,0.007,0.028,81,9,False,0.078428
7,0.007,0.028,82,9,False,0.061951
7,0.007,0.028,83,9,True,0.062008
7,0.007,0.028,84,9,True,0.06205
7,0.007,0.028,85,9,False,0.061811
7,0.007,0.028,86,9,False,0.061952
7,0.007,0.028,87,9,False,0.078847
7,0.007,0.028,88,9,True,0.062567
7,0.007,0.028,89,9,False,0.061991
7,0.007,0.028,90,9,False,0.061675
7,0.007,0.028,91,9,False,0.061483
7,0.007,0.028,92,9,False,0.078482
7,0.007,0.028,93,9,False,0.061972
7,0.007,0.028,94,9,False,0.062026
7,0.007,0.028,95,9,True,0.062113
7,0.007,0.028,96,9,False,0.061751
7,0.007,0.028,97,9,False,0.078884
7,0.007,0.028,98,9,False,0.062441
7,0.007,0.028,99,9,True,0.061911
7,0.01,0.028,0,9,False,0.224208
7,0.01,0.028,1,9,False,0.068973
7,0.01,0.028,2,9,False,0.069686
7,0.01,0.028,3,9,False,0.072133
7,0.01,0.028,4,9,False,0.101025
7,0.01,0.028,5,9,False,0.071549
7,0.01,0.028,6,9,False,0.073165
7,0.01,0.028,7,9,False,0.072752
7,0.01,0.028,8,9,False,0.071998
7,0.01,0.028,9,9,False,0.0709
7,0.01,0.028,10,9,False,0.099567
7,0.01,0.028,11,9,False,0.070759
7,0.01,0.028,12,9,True,0.070943
7,0.01,0.028,13,9,True,0.071351
7,0.01,0.028,14,9,False,0.070858
7,0.01,0.028,15,9,True,0.095545
7,0.01,0.028,16,9,False,0.071219
7,0.01,0.028,17,9,True,0.071155
7,0.01,0.028,18,9,False,0.070793
7,0.01,0.028,19,9,True,0.072892
7,0.01,0.028,20,9,False,0.071438
7,0.01,0.028,21,9,False,0.100899
7,0.01,0.028,22,9,True,0.072456
7,0.01,0.028,23,9,True,0.071063
7,0.01,0.028,24,9,False,0.071692
7,0.01,0.028,25,9,True,0.071421
7,0.01,0.028,26,9,False,0.101603
7,0.01,0.028,27,9,True,0.074492
7,0.01,0.028,28,9,True,0.071198
7,0.01,0.028,29,9,False,0.072343
7,0.01,0.028,30,9,True,0.072061
7,0.01,0.028,31,9,False,0.071911
7,0.01,0.028,32,9,True,0.09488
7,0.01,0.028,33,9,True,0.072475
7,0.01,0.028,34,9,True,0.072195
7,0.01,0.028,35,9,False,0.072276
7,0.01,0.028,36,9,True,0.072248
7,0.01,0.028,37,9,True,0.096855
7,0.01,0.028,38,9,True,0.072239
7,0.01,0.028,39,9,False,0.072502
7,0.01,0.028,40,9,True,0.071757
7,0.01,0.028,41,9,True,0.072013
7,0.01,0.028,42,9,True,0.072324
7,0.01,0.028,43,9,False,0.095803
7,0.01,0.028,44,9,True,0.072574
7,0.01,0.028,45,9,True,0.07279
7,0.01,0.028,46,9,False,0.072222
7,0.01,0.028,47,9,False,0.072579
7,0.01,0.028,48,9,False,0.09735
7,0.01,0.028,49,9,True,0.072366
7,0.01,0.028,50,9,True,0.072462
7,0.01,0.028,51,9,True,0.072677
7,0.01,0.028,52,9,False,0.072683
7,0.01,0.028,53,9,False,0.074026
7,0.01,0.028,54,9,True,0.094371
7,0.01,0.028,55,9,False,0.072888
7,0.01,0.028,56,9,True,0.072975
7,0.01,0.028,57,9,False,0.072521
7,0.01,0.028,58,9,True,0.072091
7,0.01,0.028,59,9,False,0.097264
7,0.01,0.028,60,9,False,0.072347
7,0.01,0.028,61,9,False,0.072753
7,0.01,0.028,62,9,True,0.073435
7,0.01,0.028,63,9,True,0.07279
7,0.01,0.028,64,9,False,0.07278
7,0.01,0.028,65,9,False,0.093335
7,0.01,0.028,66,9,True,0.072204
7,0.01,0.028,67,9,True,0.072872
7,0.01,0.028,68,9,False,0.074202
7,0.01,0.028,69,9,False,0.072706
7,0.01,0.028,70,9,False,0.098832
7,0.01,0.028,71,9,False,0.072985
7,0.01,0.028,72,9,True,0.067548
7,0.01,0.028,73,9,False,0.067171
7,0.01,0.028,74,9,False,0.065305
7,0.01,0.028,75,9,False,0.068116
7,0.01,0.028,76,9,True,0.093334
7,0.01,0.028,77,9,False,0.06537
7,0.01,0.028,78,9,False,0.065138
7,0.01,0.028,79,9,False,0.064008
7,0.01,0.028,80,9,True,0.069137
7,0.01,0.028,81,9,False,0.085822
7,0.01,0.028,82,9,False,0.062478
7,0.01,0.028,83,9,False,0.062703
7,0.01,0.028,84,9,True,0.062455
7,0.01,0.028,85,9,True,0.063984
7,0.01,0.028,86,9,True,0.063323
7,0.01,0.028,87,9,False,0.084958
7,0.01,0.028,88,9,False,0.063735
7,0.01,0.028,89,9,False,0.0634
7,0.01,0.028,90,9,False,0.06363
7,0.01,0.028,91,9,True,0.063086
7,0.01,0.028,92,9,False,0.083646
7,0.01,0.028,93,9,False,0.063084
7,0.01,0.028,94,9,False,0.06258
7,0.01,0.028,95,9,True,0.062216
7,0.01,0.028,96,9,True,0.062326
7,0.01,0.028,97,9,False,0.082768
7,0.01,0.028,98,9,True,0.062767
7,0.01,0.028,99,9,True,0.062923
9,0.0005,0.028,0,9,False,0.530962
9,0.0005,0.028,1,9,False,0.148282
9,0.0005,0.028,2,9,False,0.152416
9,0.0005,0.028,3,9,False,0.156252
9,0.0005,0.028,4,9,False,0.189744
9,0.0005,0.028,5,9,False,0.159544
9,0.0005,0.028,6,9,False,0.201374
9,0.0005,0.028,7,9,False,0.157326
9,0.0005,0.028,8,9,False,0.196535
9,0.0005,0.028,9,9,False,0.157543
9,0.0005,0.028,10,9,False,0.214629
9,0.0005,0.028,11,9,False,0.169311
9,0.0005,0.028,12,9,False,0.21132
9,0.0005,0.028,13,9,False,0.166759
9,0.0005,0.028,14,9,False,0.207872
9,0.0005,0.028,15,9,False,0.166844
9,0.0005,0.028,16,9,False,0.223742
9,0.0005,0.028,17,9,False,0.166768
9,0.0005,0.028,18,9,False,0.214994
9,0.0005,0.028,19,9,False,0.166062
9,0.0005,0.028,20,9,False,0.211812
9,0.0005,0.028,21,9,False,0.167249
9,0.0005,0.028,22,9,False,0.214194
9,0.0005,0.028,23,9,False,0.153424
9,0.0005,0.028,24,9,False,0.185974
9,0.0005,0.028,25,9,False,0.16039
9,0.0005,0.028,26,9,False,0.198228
9,0.0005,0.028,27,9,False,0.160298
9,0.0005,0.028,28,9,False,0.184018
9,0.0005,0.028,29,9,False,0.179755
9,0.0005,0.028,30,9,False,0.152354
9,0.0005,0.028,31,9,False,0.176646
9,0.0005,0.028,32,9,False,0.152438
9,0.0005,0.028,33,9,False,0.192476
9,0.0005,0.028,34,9,False,0.159619
9,0.0005,0.028,35,9,False,0.183567
9,0.0005,0.028,36,9,False,0.149633
9,0.0005,0.028,37,9,False,0.183429
9,0.0005,0.028,38,9,False,0.161767
9,0.0005,0.028,39,9,False,0.192547
9,0.0005,0.028,40,9,False,0.155921
9,0.0005,0.028,41,9,False,0.175948
9,0.0005,0.028,42,9,False,0.149983
9,0.0005,0.028,43,9,False,0.181699
9,0.0005,0.028,44,9,False,0.150431
9,0.0005,0.028,45,9,False,0.191864
9,0.0005,0.028,46,9,False,0.157849
9,0.0005,0.028,47,9,False,0.193225
9,0.0005,0.028,48,9,False,0.158624
9,0.0005,0.028,49,9,False,0.188593
9,0.0005,0.028,50,9,False,0.160118
9,0.0005,0.028,51,9,False,0.198504
9,0.0005,0.028,52,9,False,0.158061
9,0.0005,0.028,53,9,False,0.187791
9,0.0005,0.028,54,9,False,0.154355
9,0.0005,0.028,55,9,False,0.192262
9,0.0005,0.028,56,9,False,0.157258
9,0.0005,0.028,57,9,False,0.195714
9,0.0005,0.028,58,9,False,0.158522
9,0.0005,0.028,59,9,False,0.194814
9,0.0005,0.028,60,9,False,0.154165
9,0.0005,0.028,61,9,False,0.185265
9,0.0005,0.028,62,9,False,0.15313
9,0.0005,0.028,63,9,False,0.205413
9,0.0005,0.028,64,9,False,0.16851
9,0.0005,0.028,65,9,False,0.207336
9,0.0005,0.028,66,9,False,0.161575
9,0.0005,0.028,67,9,False,0.20372
9,0.0005,0.028,68,9,False,0.161221
9,0.0005,0.028,69,9,False,0.204556
9,0.0005,0.028,70,9,False,0.17153
9,0.0005,0.028,71,9,False,0.214977
9,0.0005,0.028,72,9,False,0.167369
9,0.0005,0.028,73,9,False,0.213039
9,0.0005,0.028,74,9,False,0.165728
9,0.0005,0.028,75,9,False,0.218119
9,0.0005,0.028,76,9,False,0.167883
9,0.0005,0.028,77,9,False,0.218851
9,0.0005,0.028,78,9,False,0.173954
9,0.0005,0.028,79,9,False,0.223802
9,0.0005,0.028,80,9,False,0.166632
9,0.0005,0.028,81,9,False,0.180357
9,0.0005,0.028,82,9,False,0.151791
9,0.0005,0.028,83,9,False,0.188073
9,0.0005,0.028,84,9,False,0.157669
9,0.0005,0.028,85,9,False,0.184948
9,0.0005,0.028,86,9,False,0.141297
9,0.0005,0.028,87,9,False,0.176921
9,0.0005,0.028,88,9,False,0.149167
9,0.0005,0.028,89,9,False,0.169423
9,0.0005,0.028,90,9,False,0.149794
9,0.0005,0.028,91,9,False,0.173912
9,0.0005,0.028,92,9,False,0.149343
9,0.0005,0.028,93,9,False,0.177308
9,0.0005,0.028,94,9,False,0.152948
9,0.0005,0.028,95,9,False,0.177029
9,0.0005,0.028,96,9,False,0.148142
9,0.0005,0.028,97,9,False,0.169507
9,0.0005,0.028,98,9,False,0.149713
9,0.0005,0.028,99,9,False,0.173799
9,0.001,0.028,0,9,False,0.537856
9,0.001,0.028,1,9,False,0.149504
9,0.001,0.028,2,9,False,0.151911
9,0.001,0.028,3,9,False,0.155541
9,0.001,0.028,4,9,False,0.19196
9,0.001,0.028,5,9,False,0.166009
9,0.001,0.028,6,9,False,0.205912
9,0.001,0.028,7,9,False,0.16266
9,0.001,0.028,8,9,False,0.199129
9,0.001,0.028,9,9,False,0.160574
9,0.001,0.028,10,9,False,0.206713
9,0.001,0.028,11,9,False,0.16799
9,0.001,0.028,12,9,False,0.207387
9,0.001,0.028,13,9,False,0.163429
9,0.001,0.028,14,9,False,0.206972
9,0.001,0.028,15,9,False,0.167124
9,0.001,0.028,16,9,False,0.223411
9,0.001,0.028,17,9,False,0.16409
9,0.001,0.028,18,9,False,0.208496
9,0.001,0.028,19,9,False,0.165571
9,0.001,0.028,20,9,False,0.220745
9,0.001,0.028,21,9,False,0.172584
9,0.001,0.028,22,9,False,0.214311
9,0.001,0.028,23,9,False,0.153102
9,0.001,0.028,24,9,False,0.184786
9,0.001,0.028,25,9,False,0.158538
9,0.001,0.028,26,9,False,0.187143
9,0.001,0.028,27,9,False,0.160212
9,0.001,0.028,28,9,False,0.186541
9,0.001,0.028,29,9,False,0.186606
9,0.001,0.028,30,9,False,0.155215
9,0.001,0.028,31,9,False,0.176341
9,0.001,0.028,32,9,False,0.152434
9,0.001,0.028,33,9,False,0.19055
9,0.001,0.028,34,9,False,0.158228
9,0.001,0.028,35,9,False,0.180867
9,0.001,0.028,36,9,False,0.149917
9,0.001,0.028,37,9,False,0.185872
9,0.001,0.028,38,9,False,0.160356
9,0.001,0.028,39,9,False,0.190901
9,0.001,0.028,40,9,False,0.155816
9,0.001,0.028,41,9,False,0.178811
9,0.001,0.028,42,9,False,0.152216
9,0.001,0.028,43,9,False,0.182654
9,0.001,0.028,44,9,False,0.151107
9,0.001,0.028,45,9,False,0.190014
9,0.001,0.028,46,9,False,0.158963
9,0.001,0.028,47,9,False,0.187168
9,0.001,0.028,48,9,False,0.156739
9,0.001,0.028,49,9,False,0.192394
9,0.001,0.028,50,9,False,0.159288
9,0.001,0.028,51,9,False,0.192486
9,0.001,0.028,52,9,False,0.15465
9,0.001,0.028,53,9,False,0.195509
9,0.001,0.028,54,9,False,0.156925
9,0.001,0.028,55,9,False,0.187099
9,0.001,0.028,56,9,False,0.157261
9,0.001,0.028,57,9,False,0.196459
9,0.001,0.028,58,9,False,0.160215
9,0.001,0.028,59,9,False,0.195908
9,0.001,0.028,60,9,False,0.153994
9,0.001,0.028,61,9,False,0.188875
9,0.001,0.028,62,9,False,0.154105
9,0.001,0.028,63,9,False,0.208786
9,0.001,0.028,64,9,False,0.173146
9,0.001,0.028,65,9,False,0.201883
9,0.001,0.028,66,9,False,0.164862
9,0.001,0.028,67,9,False,0.199923
9,0.001,0.028,68,9,False,0.164534
9,0.001,0.028,69,9,False,0.201698
9,0.001,0.028,70,9,False,0.173009
9,0.001,0.028,71,9,False,0.208903
9,0.001,0.028,72,9,False,0.166869
9,0.001,0.028,73,9,False,0.222878
9,0.001,0.028,74,9,False,0.17323
9,0.001,0.028,75,9,False,0.212234
9,0.001,0.028,76,9,False,0.168771
9,0.001,0.028,77,9,False,0.220968
9,0.001,0.028,78,9,False,0.174037
9,0.001,0.028,79,9,False,0.216256
9,0.001,0.028,80,9,False,0.163828
9,0.001,0.028,81,9,False,0.178042
9,0.001,0.028,82,9,False,0.151731
9,0.001,0.028,83,9,False,0.187104
9,0.001,0.028,84,9,False,0.15778
9,0.001,0.028,85,9,False,0.187862
9,0.001,0.028,86,9,False,0.142951
9,0.001,0.028,87,9,False,0.178449
9,0.001,0.028,88,9,False,0.146554
9,0.001,0.028,89,9,False,0.170787
9,0.001,0.028,90,9,False,0.151095
9,0.001,0.028,91,9,False,0.173266
9,0.001,0.028,92,9,False,0.150406
9,0.001,0.028,93,9,False,0.17651
9,0.001,0.028,94,9,False,0.154416
9,0.001,0.028,95,9,False,0.177279
9,0.001,0.028,96,9,False,0.149449
9,0.001,0.028,97,9,False,0.171771
9,0.001,0.028,98,9,False,0.149323
9,0.001,0.028,99,9,False,0.173407
9,0.002,0.028,0,9,False,0.550636
9,0.002,0.028,1,9,False,0.154108
9,0.002,0.028,2,9,False,0.154577
9,0.002,0.028,3,9,False,0.144708
9,0.002,0.028,4,9,False,0.180642
9,0.002,0.028,5,9,False,0.161256
9,0.002,0.028,6,9,False,0.191125
9,0.002,0.028,7,9,False,0.159469
9,0.002,0.028,8,9,False,0.183321
9,0.002,0.028,9,9,False,0.157681
9,0.002,0.028,10,9,False,0.185997
9,0.002,0.028,11,9,False,0.159375
9,0.002,0.028,12,9,False,0.186133
9,0.002,0.028,13,9,False,0.159738
9,0.002,0.028,14,9,False,0.19645
9,0.002,0.028,15,9,False,0.157919
9,0.002,0.028,16,9,False,0.190757
9,0.002,0.028,17,9,False,0.163851
9,0.002,0.028,18,9,False,0.196172
9,0.002,0.028,19,9,False,0.160813
9,0.002,0.028,20,9,False,0.187435
9,0.002,0.028,21,9,False,0.157741
9,0.002,0.028,22,9,False,0.195059
9,0.002,0.028,23,9,False,0.165427
9,0.002,0.028,24,9,False,0.194082
9,0.002,0.028,25,9,False,0.160261
9,0.002,0.028,26,9,False,0.192631
9,0.002,0.028,27,9,False,0.165193
9,0.002,0.028,28,9,False,0.198336
9,0.002,0.028,29,9,False,0.196772
9,0.002,0.028,30,9,False,0.164165
9,0.002,0.028,31,9,False,0.19684
9,0.002,0.028,32,9,False,0.163911
9,0.002,0.028,33,9,False,0.198746
9,0.002,0.028,34,9,False,0.168046
9,0.002,0.028,35,9,False,0.202327
9,0.002,0.028,36,9,False,0.159428
9,0.002,0.028,37,9,False,0.188228
9,0.002,0.028,38,9,False,0.161612
9,0.002,0.028,39,9,False,0.194672
9,0.002,0.028,40,9,False,0.163029
9,0.002,0.028,41,9,False,0.196911
9,0.002,0.028,42,9,False,0.166119
9,0.002,0.028,43,9,False,0.19178
9,0.002,0.028,44,9,False,0.161355
9,0.002,0.028,45,9,False,0.215574
9,0.002,0.028,46,9,False,0.170023
9,0.002,0.028,47,9,False,0.193236
9,0.002,0.028,48,9,False,0.153909
9,0.002,0.028,49,9,False,0.182154
9,0.002,0.028,50,9,False,0.160325
9,0.002,0.028,51,9,False,0.188232
9,0.002,0.028,52,9,False,0.160144
9,0.002,0.028,53,9,False,0.190441
9,0.002,0.028,54,9,False,0.163366
9,0.002,0.028,55,9,False,0.18659
9,0.002,0.028,56,9,False,0.15741
9,0.002,0.028,57,9,False,0.188692
9,0.002,0.028,58,9,False,0.166088
9,0.002,0.028,59,9,False,0.194779
9,0.002,0.028,60,9,False,0.159212
9,0.002,0.028,61,9,False,0.19235
9,0.002,0.028,62,9,False,0.158318
9,0.002,0.028,63,9,False,0.186747
9,0.002,0.028,64,9,False,0.163875
9,0.002,0.028,65,9,False,0.184461
9,0.002,0.028,66,9,False,0.159959
9,0.002,0.028,67,9,False,0.188754
9,0.002,0.028,68,9,False,0.157738
9,0.002,0.028,69,9,False,0.18888
9,0.002,0.028,70,9,False,0.16597
9,0.002,0.028,71,9,False,0.189033
9,0.002,0.028,72,9,False,0.156401
9,0.002,0.028,73,9,False,0.185588
9,0.002,0.028,74,9,False,0.164179
9,0.002,0.028,75,9,False,0.193768
9,0.002,0.028,76,9,False,0.166205
9,0.002,0.028,77,9,False,0.192131
9,0.002,0.028,78,9,False,0.169629
9,0.002,0.028,79,9,False,0.204991
9,0.002,0.028,80,9,False,0.166993
9,0.002,0.028,81,9,False,0.193748
9,0.002,0.028,82,9,False,0.16804
9,0.002,0.028,83,9,False,0.193943
9,0.002,0.028,84,9,False,0.165318
9,0.002,0.028,85,9,False,0.194295
9,0.002,0.028,86,9,False,0.163919
9,0.002,0.028,87,9,False,0.194944
9,0.002,0.028,88,9,False,0.164705
9,0.002,0.028,89,9,False,0.203957
9,0.002,0.028,90,9,False,0.168852
9,0.002,0.028,91,9,False,0.196814
9,0.002,0.028,92,9,False,0.167364
9,0.002,0.028,93,9,False,0.203398
9,0.002,0.028,94,9,False,0.162771
9,0.002,0.028,95,9,False,0.186962
9,0.002,0.028,96,9,False,0.165685
9,0.002,0.028,97,9,False,0.188598
9,0.002,0.028,98,9,False,0.16403
9,0.002,0.028,99,9,False,0.197144
9,0.003,0.028,0,9,False,0.428336
9,0.003,0.028,1,9,False,0.123298
9,0.003,0.028,2,9,False,0.123758
9,0.003,0.028,3,9,False,0.12357
9,0.003,0.028,4,9,False,0.142912
9,0.003,0.028,5,9,False,0.123745
9,0.003,0.028,6,9,False,0.140753
9,0.003,0.028,7,9,False,0.124191
9,0.003,0.028,8,9,False,0.141491
9,0.003,0.028,9,9,False,0.122859
9,0.003,0.028,10,9,False,0.14124
9,0.003,0.028,11,9,False,0.123569
9,0.003,0.028,12,9,False,0.140244
9,0.003,0.028,13,9,False,0.123926
9,0.003,0.028,14,9,False,0.1476
9,0.003,0.028,15,9,False,0.141261
9,0.003,0.028,16,9,False,0.15866
9,0.003,0.028,17,9,False,0.140451
9,0.003,0.028,18,9,False,0.159085
9,0.003,0.028,19,9,False,0.139574
9,0.003,0.028,20,9,False,0.159781
9,0.003,0.028,21,9,False,0.140482
9,0.003,0.028,22,9,False,0.159309
9,0.003,0.028,23,9,False,0.140644
9,0.003,0.028,24,9,False,0.159838
9,0.003,0.028,25,9,False,0.141764
9,0.003,0.028,26,9,False,0.160612
9,0.003,0.028,27,9,False,0.141307
9,0.003,0.028,28,9,False,0.160158
9,0.003,0.028,29,9,False,0.159475
9,0.003,0.028,30,9,False,0.142676
9,0.003,0.028,31,9,False,0.159382
9,0.003,0.028,32,9,False,0.142477
9,0.003,0.028,33,9,False,0.158947
9,0.003,0.028,34,9,False,0.1428
9,0.003,0.028,35,9,False,0.160385
9,0.003,0.028,36,9,False,0.142814
9,0.003,0.028,37,9,False,0.159777
9,0.003,0.028,38,9,False,0.142674
9,0.003,0.028,39,9,False,0.160638
9,0.003,0.028,40,9,False,0.142404
9,0.003,0.028,41,9,False,0.160064
9,0.003,0.028,42,9,False,0.142534
9,0.003,0.028,43,9,False,0.159126
9,0.003,0.028,44,9,False,0.142739
9,0.003,0.028,45,9,False,0.162052
9,0.003,0.028,46,9,False,0.142041
9,0.003,0.028,47,9,False,0.162474
9,0.003,0.028,48,9,False,0.141081
9,0.003,0.028,49,9,False,0.161367
9,0.003,0.028,50,9,False,0.141171
9,0.003,0.028,51,9,False,0.161576
9,0.003,0.028,52,9,False,0.142577
9,0.003,0.028,53,9,False,0.161467
9,0.003,0.028,54,9,False,0.142632
9,0.003,0.028,55,9,False,0.161679
9,0.003,0.028,56,9,False,0.142004
9,0.003,0.028,57,9,False,0.161218
9,0.003,0.028,58,9,False,0.141775
9,0.003,0.028,59,9,False,0.160397
9,0.003,0.028,60,9,False,0.142325
9,0.003,0.028,61,9,False,0.161888
9,0.003,0.028,62,9,False,0.141763
9,0.003,0.028,63,9,False,0.16137
9,0.003,0.028,64,9,False,0.142385
9,0.003,0.028,65,9,False,0.160952
9,0.003,0.028,66,9,False,0.14448
9,0.003,0.028,67,9,False,0.161619
9,0.003,0.028,68,9,False,0.142819
9,0.003,0.028,69,9,False,0.161521
9,0.003,0.028,70,9,False,0.142244
9,0.003,0.028,71,9,False,0.161238
9,0.003,0.028,72,9,False,0.142425
9,0.003,0.028,73,9,False,0.162508
9,0.003,0.028,74,9,False,0.142227
9,0.003,0.028,75,9,False,0.161164
9,0.003,0.028,76,9,False,0.143285
9,0.003,0.028,77,9,False,0.16175
9,0.003,0.028,78,9,False,0.142453
9,0.003,0.028,79,9,False,0.161016
9,0.003,0.028,80,9,False,0.142094
9,0.003,0.028,81,9,False,0.160729
9,0.003,0.028,82,9,False,0.142883
9,0.003,0.028,83,9,False,0.163002
9,0.003,0.028,84,9,False,0.142802
9,0.003,0.028,85,9,False,0.162108
9,0.003,0.028,86,9,False,0.142683
9,0.003,0.028,87,9,False,0.162381
9,0.003,0.028,88,9,False,0.14324
9,0.003,0.028,89,9,False,0.162284
9,0.003,0.028,90,9,False,0.133484
9,0.003,0.028,91,9,False,0.159094
9,0.003,0.028,92,9,False,0.126409
9,0.003,0.028,93,9,False,0.148055
9,0.003,0.028,94,9,False,0.127462
9,0.003,0.028,95,9,False,0.149278
9,0.003,0.028,96,9,False,0.127332
9,0.003,0.028,97,9,False,0.146472
9,0.003,0.028,98,9,False,0.127321
9,0.003,0.028,99,9,False,0.146502
9,0.005,0.028,0,9,False,0.450837
9,0.005,0.028,1,9,False,0.130319
9,0.005,0.028,2,9,False,0.130261
9,0.005,0.028,3,9,False,0.130097
9,0.005,0.028,4,9,True,0.160433
9,0.005,0.028,5,9,False,0.131413
9,0.005,0.028,6,9,False,0.161711
9,0.005,0.028,7,9,False,0.132484
9,0.005,0.028,8,9,False,0.159839
9,0.005,0.028,9,9,False,0.132089
9,0.005,0.028,10,9,False,0.159983
9,0.005,0.028,11,9,False,0.141472
9,0.005,0.028,12,9,False,0.172578
9,0.005,0.028,13,9,False,0.148147
9,0.005,0.028,14,9,True,0.171286
9,0.005,0.028,15,9,False,0.14811
9,0.005,0.028,16,9,False,0.177207
9,0.005,0.028,17,9,False,0.147463
9,0.005,0.028,18,9,False,0.172656
9,0.005,0.028,19,9,False,0.147291
9,0.005,0.028,20,9,False,0.170646
9,0.005,0.028,21,9,False,0.148315
9,0.005,0.028,22,9,False,0.171321
9,0.005,0.028,23,9,False,0.148334
9,0.005,0.028,24,9,False,0.16973
9,0.005,0.028,25,9,False,0.148575
9,0.005,0.028,26,9,False,0.174159
9,0.005,0.028,27,9,True,0.148224
9,0.005,0.028,28,9,False,0.174711
9,0.005,0.028,29,9,False,0.171628
9,0.005,0.028,30,9,True,0.148411
9,0.005,0.028,31,9,False,0.175944
9,0.005,0.028,32,9,False,0.148534
9,0.005,0.028,33,9,True,0.177665
9,0.005,0.028,34,9,False,0.148313
9,0.005,0.028,35,9,False,0.173109
9,0.005,0.028,36,9,False,0.148907
9,0.005,0.028,37,9,False,0.173068
9,0.005,0.028,38,9,False,0.148746
9,0.005,0.028,39,9,False,0.174871
9,0.005,0.028,40,9,False,0.148097
9,0.005,0.028,41,9,False,0.173095
9,0.005,0.028,42,9,False,0.147216
9,0.005,0.028,43,9,False,0.172742
9,0.005,0.028,44,9,False,0.149593
9,0.005,0.028,45,9,True,0.175735
9,0.005,0.028,46,9,False,0.14921
9,0.005,0.028,47,9,False,0.175412
9,0.005,0.028,48,9,False,0.148952
9,0.005,0.028,49,9,False,0.1783
9,0.005,0.028,50,9,False,0.151052
9,0.005,0.028,51,9,False,0.180412
9,0.005,0.028,52,9,True,0.149071
9,0.005,0.028,53,9,False,0.176245
9,0.005,0.028,54,9,False,0.150119
9,0.005,0.028,55,9,False,0.177788
9,0.005,0.028,56,9,False,0.150658
9,0.005,0.028,57,9,False,0.176579
9,0.005,0.028,58,9,False,0.149493
9,0.005,0.028,59,9,False,0.177895
9,0.005,0.028,60,9,False,0.150361
9,0.005,0.028,61,9,False,0.177724
9,0.005,0.028,62,9,False,0.150041
9,0.005,0.028,63,9,False,0.175626
9,0.005,0.028,64,9,False,0.149876
9,0.005,0.028,65,9,False,0.181486
9,0.005,0.028,66,9,False,0.14952
9,0.005,0.028,67,9,False,0.181396
9,0.005,0.028,68,9,False,0.150431
9,0.005,0.028,69,9,False,0.177517
9,0.005,0.028,70,9,False,0.149276
9,0.005,0.028,71,9,False,0.179701
9,0.005,0.028,72,9,False,0.149913
9,0.005,0.028,73,9,False,0.174354
9,0.005,0.028,74,9,False,0.148723
9,0.005,0.028,75,9,False,0.184376
9,0.005,0.028,76,9,False,0.152501
9,0.005,0.028,77,9,False,0.175442
9,0.005,0.028,78,9,False,0.151289
9,0.005,0.028,79,9,False,0.177428
9,0.005,0.028,80,9,False,0.150818
9,0.005,0.028,81,9,False,0.17539
9,0.005,0.028,82,9,False,0.13494
9,0.005,0.028,83,9,True,0.159361
9,0.005,0.028,84,9,False,0.136661
9,0.005,0.028,85,9,False,0.162641
9,0.005,0.028,86,9,False,0.135334
9,0.005,0.028,87,9,False,0.164607
9,0.005,0.028,88,9,False,0.13451
9,0.005,0.028,89,9,False,0.156652
9,0.005,0.028,90,9,False,0.134157
9,0.005,0.028,91,9,False,0.158163
9,0.005,0.028,92,9,False,0.134663
9,0.005,0.028,93,9,False,0.164455
9,0.005,0.028,94,9,False,0.134754
9,0.005,0.028,95,9,False,0.16281
9,0.005,0.028,96,9,False,0.135204
9,0.005,0.028,97,9,False,0.159827
9,0.005,0.028,98,9,False,0.144061
9,0.005,0.028,99,9,False,0.174124
9,0.007,0.028,0,9,True,0.448201
9,0.007,0.028,1,9,False,0.128702
9,0.007,0.028,2,9,False,0.132609
9,0.007,0.028,3,9,True,0.135869
9,0.007,0.028,4,9,False,0.165008
9,0.007,0.028,5,9,False,0.134479
9,0.007,0.028,6,9,False,0.158518
9,0.007,0.028,7,9,False,0.129287
9,0.007,0.028,8,9,False,0.15576
9,0.007,0.028,9,9,False,0.130171
9,0.007,0.028,10,9,False,0.152912
9,0.007,0.028,11,9,False,0.126698
9,0.007,0.028,12,9,True,0.151998
9,0.007,0.028,13,9,False,0.127156
9,0.007,0.028,14,9,False,0.154389
9,0.007,0.028,15,9,False,0.127091
9,0.007,0.028,16,9,False,0.149359
9,0.007,0.028,17,9,False,0.127309
9,0.007,0.028,18,9,True,0.145506
9,0.007,0.028,19,9,False,0.12912
9,0.007,0.028,20,9,False,0.149587
9,0.007,0.028,21,9,False,0.130953
9,0.007,0.028,22,9,False,0.150556
9,0.007,0.028,23,9,False,0.131599
9,0.007,0.028,24,9,False,0.150746
9,0.007,0.028,25,9,True,0.132563
9,0.007,0.028,26,9,True,0.156364
9,0.007,0.028,27,9,True,0.129558
9,0.007,0.028,28,9,False,0.153233
9,0.007,0.028,29,9,False,0.153586
9,0.007,0.028,30,9,False,0.129461
9,0.007,0.028,31,9,True,0.151901
9,0.007,0.028,32,9,True,0.128928
9,0.007,0.028,33,9,False,0.15442
9,0.007,0.028,34,9,False,0.12981
9,0.007,0.028,35,9,True,0.150982
9,0.007,0.028,36,9,False,0.128608
9,0.007,0.028,37,9,False,0.151329
9,0.007,0.028,38,9,False,0.129796
9,0.007,0.028,39,9,False,0.151499
9,0.007,0.028,40,9,False,0.131139
9,0.007,0.028,41,9,False,0.158844
9,0.007,0.028,42,9,False,0.132117
9,0.007,0.028,43,9,True,0.147899
9,0.007,0.028,44,9,False,0.130023
9,0.007,0.028,45,9,False,0.155236
9,0.007,0.028,46,9,False,0.128771
9,0.007,0.028,47,9,False,0.152587
9,0.007,0.028,48,9,False,0.127634
9,0.007,0.028,49,9,False,0.151345
9,0.007,0.028,50,9,False,0.129711
9,0.007,0.028,51,9,False,0.155509
9,0.007,0.028,52,9,False,0.128106
9,0.007,0.028,53,9,False,0.152726
9,0.007,0.028,54,9,True,0.127987
9,0.007,0.028,55,9,False,0.160768
9,0.007,0.028,56,9,False,0.131121
9,0.007,0.028,57,9,False,0.166436
9,0.007,0.028,58,9,False,0.135029
9,0.007,0.028,59,9,True,0.169172
9,0.007,0.028,60,9,False,0.133381
9,0.007,0.028,61,9,True,0.162744
9,0.007,0.028,62,9,False,0.128658
9,0.007,0.028,63,9,False,0.151526
9,0.007,0.028,64,9,False,0.128981
9,0.007,0.028,65,9,False,0.155307
9,0.007,0.028,66,9,False,0.129095
9,0.007,0.028,67,9,False,0.152058
9,0.007,0.028,68,9,False,0.132796
9,0.007,0.028,69,9,False,0.153117
9,0.007,0.028,70,9,False,0.13063
9,0.007,0.028,71,9,False,0.150828
9,0.007,0.028,72,9,False,0.130939
9,0.007,0.028,73,9,False,0.150093
9,0.007,0.028,74,9,False,0.129503
9,0.007,0.028,75,9,True,0.153338
9,0.007,0.028,76,9,True,0.129932
9,0.007,0.028,77,9,True,0.153658
9,0.007,0.028,78,9,False,0.132618
9,0.007,0.028,79,9,False,0.159924
9,0.007,0.028,80,9,False,0.130268
9,0.007,0.028,81,9,False,0.156776
9,0.007,0.028,82,9,False,0.131407
9,0.007,0.028,83,9,False,0.158235
9,0.007,0.028,84,9,True,0.130636
9,0.007,0.028,85,9,False,0.151312
9,0.007,0.028,86,9,True,0.131191
9,0.007,0.028,87,9,False,0.151849
9,0.007,0.028,88,9,False,0.131272
9,0.007,0.028,89,9,False,0.154636
9,0.007,0.028,90,9,False,0.130586
9,0.007,0.028,91,9,True,0.15133
9,0.007,0.028,92,9,True,0.130894
9,0.007,0.028,93,9,False,0.159058
9,0.007,0.028,94,9,False,0.129261
9,0.007,0.028,95,9,True,0.162345
9,0.007,0.028,96,9,False,0.129273
9,0.007,0.028,97,9,False,0.159419
9,0.007,0.028,98,9,True,0.130996
9,0.007,0.028,99,9,False,0.156515
9,0.01,0.028,0,9,False,0.512763
9,0.01,0.028,1,9,False,0.146893
9,0.01,0.028,2,9,True,0.148273
9,0.01,0.028,3,9,False,0.153098
9,0.01,0.028,4,9,False,0.188417
9,0.01,0.028,5,9,False,0.154009
9,0.01,0.028,6,9,True,0.175579
9,0.01,0.028,7,9,False,0.154114
9,0.01,0.028,8,9,True,0.185427
9,0.01,0.028,9,9,False,0.15192
9,0.01,0.028,10,9,False,0.182148
9,0.01,0.028,11,9,False,0.155366
9,0.01,0.028,12,9,True,0.182455
9,0.01,0.028,13,9,True,0.150018
9,0.01,0.028,14,9,False,0.180802
9,0.01,0.028,15,9,True,0.150934
9,0.01,0.028,16,9,True,0.184643
9,0.01,0.028,17,9,True,0.15392
9,0.01,0.028,18,9,False,0.179107
9,0.01,0.028,19,9,False,0.154985
9,0.01,0.028,20,9,True,0.183395
9,0.01,0.028,21,9,True,0.156807
9,0.01,0.028,22,9,False,0.183344
9,0.01,0.028,23,9,False,0.138295
9,0.01,0.028,24,9,True,0.159638
9,0.01,0.028,25,9,True,0.136121
9,0.01,0.028,26,9,True,0.156116
9,0.01,0.028,27,9,False,0.132528
9,0.01,0.028,28,9,False,0.156134
9,0.01,0.028,29,9,True,0.158453
9,0.01,0.028,30,9,False,0.132219
9,0.01,0.028,31,9,False,0.163628
9,0.01,0.028,32,9,False,0.139573
9,0.01,0.028,33,9,False,0.172356
9,0.01,0.028,34,9,False,0.153324
9,0.01,0.028,35,9,False,0.182864
9,0.01,0.028,36,9,False,0.148432
9,0.01,0.028,37,9,False,0.179217
9,0.01,0.028,38,9,False,0.150005
9,0.01,0.028,39,9,False,0.171463
9,0.01,0.028,40,9,True,0.147978
9,0.01,0.028,41,9,True,0.172677
9,0.01,0.028,42,9,True,0.148362
9,0.01,0.028,43,9,True,0.178467
9,0.01,0.028,44,9,False,0.151118
9,0.01,0.028,45,9,True,0.188352
9,0.01,0.028,46,9,False,0.155308
9,0.01,0.028,47,9,False,0.186913
9,0.01,0.028,48,9,True,0.151751
9,0.01,0.028,49,9,False,0.181545
9,0.01,0.028,50,9,False,0.155808
9,0.01,0.028,51,9,False,0.180466
9,0.01,0.028,52,9,True,0.149681
9,0.01,0.028,53,9,True,0.177589
9,0.01,0.028,54,9,True,0.149076
9,0.01,0.028,55,9,False,0.166912
9,0.01,0.028,56,9,False,0.133356
9,0.01,0.028,57,9,True,0.159491
9,0.01,0.028,58,9,False,0.135616
9,0.01,0.028,59,9,True,0.159074
9,0.01,0.028,60,9,True,0.133395
9,0.01,0.028,61,9,True,0.165409
9,0.01,0.028,62,9,False,0.136958
9,0.01,0.028,63,9,True,0.17166
9,0.01,0.028,64,9,False,0.141251
9,0.01,0.028,65,9,False,0.180932
9,0.01,0.028,66,9,False,0.15248
9,0.01,0.028,67,9,False,0.182276
9,0.01,0.028,68,9,False,0.156764
9,0.01,0.028,69,9,False,0.18199
9,0.01,0.028,70,9,False,0.152281
9,0.01,0.028,71,9,True,0.176291
9,0.01,0.028,72,9,False,0.151731
9,0.01,0.028,73,9,False,0.182475
9,0.01,0.028,74,9,False,0.152109
9,0.01,0.028,75,9,True,0.183586
9,0.01,0.028,76,9,False,0.154365
9,0.01,0.028,77,9,False,0.178519
9,0.01,0.028,78,9,False,0.155762
9,0.01,0.028,79,9,False,0.186224
9,0.01,0.028,80,9,True,0.156182
9,0.01,0.028,81,9,False,0.176076
9,0.01,0.028,82,9,False,0.150117
9,0.01,0.028,83,9,False,0.176105
9,0.01,0.028,84,9,False,0.149696
9,0.01,0.028,85,9,False,0.176106
9,0.01,0.028,86,9,True,0.150578
9,0.01,0.028,87,9,True,0.175166
9,0.01,0.028,88,9,True,0.152127
9,0.01,0.028,89,9,True,0.18377
9,0.01,0.028,90,9,False,0.150701
9,0.01,0.028,91,9,True,0.181819
9,0.01,0.028,92,9,True,0.156996
9,0.01,0.028,93,9,False,0.189042
9,0.01,0.028,94,9,True,0.154861
9,0.01,0.028,95,9,True,0.175191
9,0.01,0.028,96,9,True,0.157224
9,0.01,0.028,97,9,False,0.184363
9,0.01,0.028,98,9,False,0.155316
9,0.01,0.028,99,9,True,0.185858
11,0.0005,0.028,0,9,False,0.952322
11,0.0005,0.028,1,9,False,0.271535
11,0.0005,0.028,2,9,False,0.250764
11,0.0005,0.028,3,9,False,0.242971
11,0.0005,0.028,4,9,False,0.242303
11,0.0005,0.028,5,9,False,0.266018
11,0.0005,0.028,6,9,False,0.245671
11,0.0005,0.028,7,9,False,0.245408
11,0.0005,0.028,8,9,False,0.253521
11,0.0005,0.028,9,9,False,0.273811
11,0.0005,0.028,10,9,False,0.272696
11,0.0005,0.028,11,9,False,0.274899
11,0.0005,0.028,12,9,False,0.273188
11,0.0005,0.028,13,9,False,0.272498
11,0.0005,0.028,14,9,False,0.295007
11,0.0005,0.028,15,9,False,0.276722
11,0.0005,0.028,16,9,False,0.275013
11,0.0005,0.028,17,9,False,0.277945
11,0.0005,0.028,18,9,False,0.274044
11,0.0005,0.028,19,9,False,0.274261
11,0.0005,0.028,20,9,False,0.273739
11,0.0005,0.028,21,9,False,0.269074
11,0.0005,0.028,22,9,False,0.244116
11,0.0005,0.028,23,9,False,0.243436
11,0.0005,0.028,24,9,False,0.267224
11,0.0005,0.028,25,9,False,0.246115
11,0.0005,0.028,26,9,False,0.245367
11,0.0005,0.028,27,9,False,0.258643
11,0.0005,0.028,28,9,False,0.273068
11,0.0005,0.028,29,9,False,0.270887
11,0.0005,0.028,30,9,False,0.273725
11,0.0005,0.028,31,9,False,0.274022
11,0.0005,0.028,32,9,False,0.27416
11,0.0005,0.028,33,9,False,0.273383
11,0.0005,0.028,34,9,False,0.297307
11,0.0005,0.028,35,9,False,0.276485
11,0.0005,0.028,36,9,False,0.274789
11,0.0005,0.028,37,9,False,0.278477
11,0.0005,0.028,38,9,False,0.274685
11,0.0005,0.028,39,9,False,0.274139
11,0.0005,0.028,40,9,False,0.274215
11,0.0005,0.028,41,9,False,0.274664
11,0.0005,0.028,42,9,False,0.273939
11,0.0005,0.028,43,9,False,0.274366
11,0.0005,0.028,44,9,False,0.297054
11,0.0005,0.028,45,9,False,0.276244
11,0.0005,0.028,46,9,False,0.276784
11,0.0005,0.028,47,9,False,0.27828
11,0.0005,0.028,48,9,False,0.268044
11,0.0005,0.028,49,9,False,0.245214
11,0.0005,0.028,50,9,False,0.245797
11,0.0005,0.028,51,9,False,0.245322
11,0.0005,0.028,52,9,False,0.246067
11,0.0005,0.028,53,9,False,0.268555
11,0.0005,0.028,54,9,False,0.247641
11,0.0005,0.028,55,9,False,0.274327
11,0.0005,0.028,56,9,False,0.277701
11,0.0005,0.028,57,9,False,0.273622
11,0.0005,0.028,58,9,False,0.273057
11,0.0005,0.028,59,9,False,0.274252
11,0.0005,0.028,60,9,False,0.272921
11,0.0005,0.028,61,9,False,0.276653
11,0.0005,0.028,62,9,False,0.275672
11,0.0005,0.028,63,9,False,0.297373
11,0.0005,0.028,64,9,False,0.27643
11,0.0005,0.028,65,9,False,0.27643
11,0.0005,0.028,66,9,False,0.277663
11,0.0005,0.028,67,9,False,0.272677
11,0.0005,0.028,68,9,False,0.272471
11,0.0005,0.028,69,9,False,0.272328
11,0.0005,0.028,70,9,False,0.27244
11,0.0005,0.028,71,9,False,0.273121
11,0.0005,0.028,72,9,False,0.272262
11,0.0005,0.028,73,9,False,0.292333
11,0.0005,0.028,74,9,False,0.264935
11,0.0005,0.028,75,9,False,0.247503
11,0.0005,0.028,76,9,False,0.248253
11,0.0005,0.028,77,9,False,0.244413
11,0.0005,0.028,78,9,False,0.244015
11,0.0005,0.028,79,9,False,0.244222
11,0.0005,0.028,80,9,False,0.255602
11,0.0005,0.028,81,9,False,0.272784
11,0.0005,0.028,82,9,False,0.272854
11,0.0005,0.028,83,9,False,0.295421
11,0.0005,0.028,84,9,False,0.277165
11,0.0005,0.028,85,9,False,0.275928
11,0.0005,0.028,86,9,False,0.277048
11,0.0005,0.028,87,9,False,0.273691
11,0.0005,0.028,88,9,False,0.2733
11,0.0005,0.028,89,9,False,0.274278
11,0.0005,0.028,90,9,False,0.274637
11,0.0005,0.028,91,9,False,0.274204
11,0.0005,0.028,92,9,False,0.297111
11,0.0005,0.028,93,9,False,0.277405
11,0.0005,0.028,94,9,False,0.274863
11,0.0005,0.028,95,9,False,0.277048
11,0.0005,0.028,96,9,False,0.274325
11,0.0005,0.028,97,9,False,0.260717
11,0.0005,0.028,98,9,False,0.245111
11,0.0005,0.028,99,9,False,0.245349
11,0.001,0.028,0,9,False,0.844386
11,0.001,0.028,1,9,False,0.245712
11,0.001,0.028,2,9,False,0.247154
11,0.001,0.028,3,9,False,0.251138
11,0.001,0.028,4,9,False,0.258546
11,0.001,0.028,5,9,False,0.285563
11,0.001,0.028,6,9,False,0.262252
11,0.001,0.028,7,9,False,0.25771
11,0.001,0.028,8,9,False,0.263091
11,0.001,0.028,9,9,False,0.266767
11,0.001,0.028,10,9,False,0.26342
11,0.001,0.028,11,9,False,0.249142
11,0.001,0.028,12,9,False,0.253132
11,0.001,0.028,13,9,False,0.263245
11,0.001,0.028,14,9,False,0.292279
11,0.001,0.028,15,9,False,0.257595
11,0.001,0.028,16,9,False,0.253591
11,0.001,0.028,17,9,False,0.260767
11,0.001,0.028,18,9,False,0.26228
11,0.001,0.028,19,9,False,0.260891
11,0.001,0.028,20,9,False,0.252053
11,0.001,0.028,21,9,False,0.264852
11,0.001,0.028,22,9,False,0.261764
11,0.001,0.028,23,9,False,0.255083
11,0.001,0.028,24,9,False,0.279256
11,0.001,0.028,25,9,False,0.260596
11,0.001,0.028,26,9,False,0.261512
11,0.001,0.028,27,9,False,0.260626
11,0.001,0.028,28,9,False,0.256018
11,0.001,0.028,29,9,False,0.24785
11,0.001,0.028,30,9,False,0.246696
11,0.001,0.028,31,9,False,0.246917
11,0.001,0.028,32,9,False,0.248848
11,0.001,0.028,33,9,False,0.245501
11,0.001,0.028,34,9,False,0.267735
11,0.001,0.028,35,9,False,0.249935
11,0.001,0.028,36,9,False,0.246044
11,0.001,0.028,37,9,False,0.250054
11,0.001,0.028,38,9,False,0.247494
11,0.001,0.028,39,9,False,0.246543
11,0.001,0.028,40,9,False,0.249169
11,0.001,0.028,41,9,False,0.24886
11,0.001,0.028,42,9,False,0.248625
11,0.001,0.028,43,9,False,0.248908
11,0.001,0.028,44,9,False,0.269953
11,0.001,0.028,45,9,False,0.249967
11,0.001,0.028,46,9,False,0.247514
11,0.001,0.028,47,9,False,0.246883
11,0.001,0.028,48,9,False,0.245811
11,0.001,0.028,49,9,False,0.247835
11,0.001,0.028,50,9,False,0.248284
11,0.001,0.028,51,9,False,0.248496
11,0.001,0.028,52,9,False,0.246522
11,0.001,0.028,53,9,False,0.269436
11,0.001,0.028,54,9,False,0.249541
11,0.001,0.028,55,9,False,0.248106
11,0.001,0.028,56,9,False,0.249643
11,0.001,0.028,57,9,False,0.246551
11,0.001,0.028,58,9,False,0.245089
11,0.001,0.028,59,9,False,0.247207
11,0.001,0.028,60,9,False,0.250145
11,0.001,0.028,61,9,False,0.248068
11,0.001,0.028,62,9,False,0.245905
11,0.001,0.028,63,9,False,0.269081
11,0.001,0.028,64,9,False,0.248788
11,0.001,0.028,65,9,False,0.246152
11,0.001,0.028,66,9,False,0.251164
11,0.001,0.028,67,9,False,0.246939
11,0.001,0.028,68,9,False,0.24597
11,0.001,0.028,69,9,False,0.247111
11,0.001,0.028,70,9,False,0.248934
11,0.001,0.028,71,9,False,0.247775
11,0.001,0.028,72,9,False,0.248749
11,0.001,0.028,73,9,False,0.268911
11,0.001,0.028,74,9,False,0.248808
11,0.001,0.028,75,9,False,0.248062
11,0.001,0.028,76,9,False,0.249774
11,0.001,0.028,77,9,False,0.246532
11,0.001,0.028,78,9,False,0.251581
11,0.001,0.028,79,9,False,0.248179
11,0.001,0.028,80,9,False,0.248057
11,0.001,0.028,81,9,False,0.249597
11,0.001,0.028,82,9,False,0.245396
11,0.001,0.028,83,9,False,0.270591
11,0.001,0.028,84,9,False,0.249542
11,0.001,0.028,85,9,False,0.248535
11,0.001,0.028,86,9,False,0.262221
11,0.001,0.028,87,9,False,0.26666
11,0.001,0.028,88,9,False,0.270533
11,0.001,0.028,89,9,False,0.262571
11,0.001,0.028,90,9,False,0.25861
11,0.001,0.028,91,9,False,0.252894
11,0.001,0.028,92,9,False,0.27959
11,0.001,0.028,93,9,False,0.255959
11,0.001,0.028,94,9,False,0.254584
11,0.001,0.028,95,9,False,0.253777
11,0.001,0.028,96,9,False,0.257936
11,0.001,0.028,97,9,False,0.259091
11,0.001,0.028,98,9,False,0.258081
11,0.001,0.028,99,9,False,0.250553
11,0.002,0.028,0,9,False,1.033776
11,0.002,0.028,1,9,False,0.294809
11,0.002,0.028,2,9,False,0.292079
11,0.002,0.028,3,9,False,0.288003
11,0.002,0.028,4,9,False,0.282637
11,0.002,0.028,5,9,False,0.343512
11,0.002,0.028,6,9,False,0.305072
11,0.002,0.028,7,9,False,0.298613
11,0.002,0.028,8,9,False,0.295265
11,0.002,0.028,9,9,False,0.29911
11,0.002,0.028,10,9,False,0.296507
11,0.002,0.028,11,9,False,0.296915
11,0.002,0.028,12,9,False,0.299684
11,0.002,0.028,13,9,False,0.297709
11,0.002,0.028,14,9,False,0.338251
11,0.002,0.028,15,9,False,0.291294
11,0.002,0.028,16,9,False,0.290315
11,0.002,0.028,17,9,False,0.292733
11,0.002,0.028,18,9,False,0.299392
11,0.002,0.028,19,9,False,0.290096
11,0.002,0.028,20,9,False,0.294734
11,0.002,0.028,21,9,False,0.30224
11,0.002,0.028,22,9,False,0.296531
11,0.002,0.028,23,9,False,0.29271
11,0.002,0.028,24,9,False,0.338409
11,0.002,0.028,25,9,False,0.295428
11,0.002,0.028,26,9,False,0.29005
11,0.002,0.028,27,9,False,0.297215
11,0.002,0.028,28,9,False,0.30155
11,0.002,0.028,29,9,False,0.294865
11,0.002,0.028,30,9,False,0.295796
11,0.002,0.028,31,9,False,0.294723
11,0.002,0.028,32,9,False,0.285932
11,0.002,0.028,33,9,False,0.298902
11,0.002,0.028,34,9,False,0.329807
11,0.002,0.028,35,9,False,0.301025
11,0.002,0.028,36,9,False,0.296059
11,0.002,0.028,37,9,False,0.302251
11,0.002,0.028,38,9,False,0.298261
11,0.002,0.028,39,9,False,0.293386
11,0.002,0.028,40,9,False,0.323602
11,0.002,0.028,41,9,False,0.30691
11,0.002,0.028,42,9,False,0.296364
11,0.002,0.028,43,9,False,0.285165
11,0.002,0.028,44,9,False,0.330031
11,0.002,0.028,45,9,False,0.287205
11,0.002,0.028,46,9,False,0.297423
11,0.002,0.028,47,9,False,0.298007
11,0.002,0.028,48,9,False,0.29459
11,0.002,0.028,49,9,False,0.302689
11,0.002,0.028,50,9,False,0.299067
11,0.002,0.028,51,9,False,0.288448
11,0.002,0.028,52,9,False,0.290658
11,0.002,0.028,53,9,False,0.328601
11,0.002,0.028,54,9,False,0.294234
11,0.002,0.028,55,9,False,0.291758
11,0.002,0.028,56,9,False,0.301693
11,0.002,0.028,57,9,False,0.293044
11,0.002,0.028,58,9,False,0.288951
11,0.002,0.028,59,9,False,0.292011
11,0.002,0.028,60,9,False,0.288884
11,0.002,0.028,61,9,False,0.288009
11,0.002,0.028,62,9,False,0.284545
11,0.002,0.028,63,9,False,0.329336
11,0.002,0.028,64,9,False,0.292086
11,0.002,0.028,65,9,False,0.290599
11,0.002,0.028,66,9,False,0.295252
11,0.002,0.028,67,9,False,0.293608
11,0.002,0.028,68,9,False,0.290271
11,0.002,0.028,69,9,False,0.293197
11,0.002,0.028,70,9,False,0.288832
11,0.002,0.028,71,9,False,0.295856
11,0.002,0.028,72,9,False,0.292477
11,0.002,0.028,73,9,False,0.323989
11,0.002,0.028,74,9,False,0.300964
11,0.002,0.028,75,9,False,0.30219
11,0.002,0.028,76,9,False,0.314139
11,0.002,0.028,77,9,False,0.300983
11,0.002,0.028,78,9,False,0.297339
11,0.002,0.028,79,9,False,0.301326
11,0.002,0.028,80,9,False,0.293215
11,0.002,0.028,81,9,False,0.292788
11,0.002,0.028,82,9,False,0.287442
11,0.002,0.028,83,9,False,0.341785
11,0.002,0.028,84,9,False,0.307646
11,0.002,0.028,85,9,False,0.306523
11,0.002,0.028,86,9,False,0.303625
11,0.002,0.028,87,9,False,0.301115
11,0.002,0.028,88,9,False,0.302513
11,0.002,0.028,89,9,False,0.302024
11,0.002,0.028,90,9,False,0.299062
11,0.002,0.028,91,9,False,0.306176
11,0.002,0.028,92,9,False,0.341061
11,0.002,0.028,93,9,False,0.301029
11,0.002,0.028,94,9,False,0.297531
11,0.002,0.028,95,9,False,0.299157
11,0.002,0.028,96,9,False,0.297772
11,0.002,0.028,97,9,False,0.294235
11,0.002,0.028,98,9,False,0.302129
11,0.002,0.028,99,9,False,0.308787
11,0.003,0.028,0,9,False,1.10941
11,0.003,0.028,1,9,False,0.313553
11,0.003,0.028,2,9,False,0.327827
11,0.003,0.028,3,9,False,0.310159
11,0.003,0.028,4,9,False,0.29989
11,0.003,0.028,5,9,False,0.346231
11,0.003,0.028,6,9,False,0.2895
11,0.003,0.028,7,9,False,0.283266
11,0.003,0.028,8,9,False,0.283532
11,0.003,0.028,9,9,False,0.276124
11,0.003,0.028,10,9,False,0.280472
11,0.003,0.028,11,9,False,0.271595
11,0.003,0.028,12,9,False,0.265204
11,0.003,0.028,13,9,False,0.256355
11,0.003,0.028,14,9,False,0.298459
11,0.003,0.028,15,9,False,0.294637
11,0.003,0.028,16,9,False,0.342883
11,0.003,0.028,17,9,False,0.36951
11,0.003,0.028,18,9,False,0.408879
11,0.003,0.028,19,9,False,0.404169
11,0.003,0.028,20,9,False,0.399539
11,0.003,0.028,21,9,False,0.401886
11,0.003,0.028,22,9,False,0.397098
11,0.003,0.028,23,9,False,0.400337
11,0.003,0.028,24,9,False,0.469919
11,0.003,0.028,25,9,False,0.379838
11,0.003,0.028,26,9,False,0.302247
11,0.003,0.028,27,9,False,0.304252
11,0.003,0.028,28,9,False,0.333974
11,0.003,0.028,29,9,False,0.326435
11,0.003,0.028,30,9,False,0.319046
11,0.003,0.028,31,9,False,0.310033
11,0.003,0.028,32,9,False,0.307181
11,0.003,0.028,33,9,False,0.311261
11,0.003,0.028,34,9,False,0.342489
11,0.003,0.028,35,9,False,0.318954
11,0.003,0.028,36,9,False,0.337301
11,0.003,0.028,37,9,False,0.325402
11,0.003,0.028,38,9,False,0.328719
11,0.003,0.028,39,9,False,0.341816
11,0.003,0.028,40,9,False,0.313208
11,0.003,0.028,41,9,False,0.324885
11,0.003,0.028,42,9,False,0.323166
11,0.003,0.028,43,9,False,0.325966
11,0.003,0.028,44,9,False,0.394548
11,0.003,0.028,45,9,False,0.308399
11,0.003,0.028,46,9,False,0.318211
11,0.003,0.028,47,9,False,0.315349
11,0.003,0.028,48,9,False,0.308643
11,0.003,0.028,49,9,False,0.28444
11,0.003,0.028,50,9,False,0.286111
11,0.003,0.028,51,9,False,0.327342
11,0.003,0.028,52,9,False,0.319145
11,0.003,0.028,53,9,False,0.359461
11,0.003,0.028,54,9,False,0.305795
11,0.003,0.028,55,9,False,0.304675
11,0.003,0.028,56,9,False,0.302964
11,0.003,0.028,57,9,False,0.304483
11,0.003,0.028,58,9,False,0.300503
11,0.003,0.028,59,9,False,0.25033
11,0.003,0.028,60,9,False,0.267243
11,0.003,0.028,61,9,False,0.337945
11,0.003,0.028,62,9,False,0.320258
11,0.003,0.028,63,9,False,0.348003
11,0.003,0.028,64,9,False,0.32663
11,0.003,0.028,65,9,False,0.323059
11,0.003,0.028,66,9,False,0.336524
11,0.003,0.028,67,9,False,0.324492
11,0.003,0.028,68,9,False,0.330242
11,0.003,0.028,69,9,False,0.324701
11,0.003,0.028,70,9,False,0.325941
11,0.003,0.028,71,9,False,0.331656
11,0.003,0.028,72,9,False,0.330023
11,0.003,0.028,73,9,False,0.37157
11,0.003,0.028,74,9,False,0.327876
11,0.003,0.028,75,9,False,0.33964
11,0.003,0.028,76,9,False,0.34587
11,0.003,0.028,77,9,False,0.358923
11,0.003,0.028,78,9,False,0.345532
11,0.003,0.028,79,9,False,0.34629
11,0.003,0.028,80,9,False,0.340189
11,0.003,0.028,81,9,False,0.353866
11,0.003,0.028,82,9,False,0.330125
11,0.003,0.028,83,9,False,0.427371
11,0.003,0.028,84,9,False,0.412377
11,0.003,0.028,85,9,False,0.400746
11,0.003,0.028,86,9,False,0.414533
11,0.003,0.028,87,9,False,0.384538
11,0.003,0.028,88,9,False,0.406414
11,0.003,0.028,89,9,False,0.39246
11,0.003,0.028,90,9,False,0.405984
11,0.003,0.028,91,9,False,0.363824
11,0.003,0.028,92,9,False,0.329701
11,0.003,0.028,93,9,False,0.313249
11,0.003,0.028,94,9,False,0.334446
11,0.003,0.028,95,9,False,0.323097
11,0.003,0.028,96,9,False,0.313247
11,0.003,0.028,97,9,True,0.319107
11,0.003,0.028,98,9,False,0.319594
11,0.003,0.028,99,9,False,0.306079
11,0.005,0.028,0,9,False,0.943896
11,0.005,0.028,1,9,False,0.261518
11,0.005,0.028,2,9,False,0.27483
11,0.005,0.028,3,9,False,0.282452
11,0.005,0.028,4,9,False,0.266536
11,0.005,0.028,5,9,False,0.310622
11,0.005,0.028,6,9,False,0.291408
11,0.005,0.028,7,9,False,0.284329
11,0.005,0.028,8,9,False,0.300536
11,0.005,0.028,9,9,False,0.286997
11,0.005,0.028,10,9,False,0.287855
11,0.005,0.028,11,9,False,0.279727
11,0.005,0.028,12,9,False,0.287853
11,0.005,0.028,13,9,False,0.271304
11,0.005,0.028,14,9,False,0.313946
11,0.005,0.028,15,9,False,0.295135
11,0.005,0.028,16,9,False,0.288218
11,0.005,0.028,17,9,False,0.284862
11,0.005,0.028,18,9,False,0.276849
11,0.005,0.028,19,9,False,0.27352
11,0.005,0.028,20,9,False,0.284006
11,0.005,0.028,21,9,False,0.299836
11,0.005,0.028,22,9,False,0.28861
11,0.005,0.028,23,9,False,0.280982
11,0.005,0.028,24,9,False,0.31464
11,0.005,0.028,25,9,False,0.29228
11,0.005,0.028,26,9,False,0.295235
11,0.005,0.028,27,9,False,0.291552
11,0.005,0.028,28,9,True,0.291306
11,0.005,0.028,29,9,False,0.275758
11,0.005,0.028,30,9,False,0.286498
11,0.005,0.028,31,9,False,0.282222
11,0.005,0.028,32,9,False,0.28743
11,0.005,0.028,33,9,False,0.269693
11,0.005,0.028,34,9,False,0.323572
11,0.005,0.028,35,9,False,0.289477
11,0.005,0.028,36,9,False,0.284862
11,0.005,0.028,37,9,False,0.29008
11,0.005,0.028,38,9,True,0.28585
11,0.005,0.028,39,9,False,0.282084
11,0.005,0.028,40,9,False,0.285645
11,0.005,0.028,41,9,False,0.275716
11,0.005,0.028,42,9,False,0.282492
11,0.005,0.028,43,9,False,0.278329
11,0.005,0.028,44,9,False,0.310752
11,0.005,0.028,45,9,False,0.284138
11,0.005,0.028,46,9,False,0.285292
11,0.005,0.028,47,9,False,0.290376
11,0.005,0.028,48,9,False,0.285689
11,0.005,0.028,49,9,False,0.273984
11,0.005,0.028,50,9,False,0.275208
11,0.005,0.028,51,9,False,0.281434
11,0.005,0.028,52,9,False,0.271199
11,0.005,0.028,53,9,False,0.315789
11,0.005,0.028,54,9,False,0.283309
11,0.005,0.028,55,9,False,0.282612
11,0.005,0.028,56,9,False,0.269326
11,0.005,0.028,57,9,False,0.290921
11,0.005,0.028,58,9,False,0.281773
11,0.005,0.028,59,9,False,0.270412
11,0.005,0.028,60,9,False,0.277555
11,0.005,0.028,61,9,False,0.277669
11,0.005,0.028,62,9,False,0.266336
11,0.005,0.028,63,9,False,0.312846
11,0.005,0.028,64,9,False,0.282035
11,0.005,0.028,65,9,False,0.279886
11,0.005,0.028,66,9,False,0.279369
11,0.005,0.028,67,9,False,0.289043
11,0.005,0.028,68,9,True,0.266741
11,0.005,0.028,69,9,False,0.280334
11,0.005,0.028,70,9,False,0.271333
11,0.005,0.028,71,9,False,0.270089
11,0.005,0.028,72,9,False,0.269659
11,0.005,0.028,73,9,False,0.308289
11,0.005,0.028,74,9,False,0.283202
11,0.005,0.028,75,9,False,0.279567
11,0.005,0.028,76,9,False,0.279092
11,0.005,0.028,77,9,False,0.283641
11,0.005,0.028,78,9,False,0.283902
11,0.005,0.028,79,9,False,0.276962
11,0.005,0.028,80,9,False,0.276789
11,0.005,0.028,81,9,False,0.282642
11,0.005,0.028,82,9,False,0.278468
11,0.005,0.028,83,9,False,0.308046
11,0.005,0.028,84,9,False,0.282106
11,0.005,0.028,85,9,False,0.270399
11,0.005,0.028,86,9,False,0.266502
11,0.005,0.028,87,9,True,0.278953
11,0.005,0.028,88,9,False,0.281802
11,0.005,0.028,89,9,False,0.275834
11,0.005,0.028,90,9,False,0.275098
11,0.005,0.028,91,9,True,0.275057
11,0.005,0.028,92,9,False,0.304128
11,0.005,0.028,93,9,False,0.28442
11,0.005,0.028,94,9,False,0.282125
11,0.005,0.028,95,9,False,0.270498
11,0.005,0.028,96,9,False,0.270669
11,0.005,0.028,97,9,False,0.269072
11,0.005,0.028,98,9,False,0.28763
11,0.005,0.028,99,9,False,0.281559
11,0.007,0.028,0,9,False,1.137167
11,0.007,0.028,1,9,True,0.332474
11,0.007,0.028,2,9,True,0.31572
11,0.007,0.028,3,9,False,0.312616
11,0.007,0.028,4,9,False,0.340674
11,0.007,0.028,5,9,False,0.398953
11,0.007,0.028,6,9,True,0.340901
11,0.007,0.028,7,9,False,0.34588
11,0.007,0.028,8,9,False,0.343656
11,0.007,0.028,9,9,True,0.349672
11,0.007,0.028,10,9,False,0.354011
11,0.007,0.028,11,9,False,0.354102
11,0.007,0.028,12,9,False,0.342568
11,0.007,0.028,13,9,False,0.326636
11,0.007,0.028,14,9,False,0.338078
11,0.007,0.028,15,9,True,0.316678
11,0.007,0.028,16,9,True,0.321719
11,0.007,0.028,17,9,True,0.332218
11,0.007,0.028,18,9,True,0.316925
11,0.007,0.028,19,9,False,0.312185
11,0.007,0.028,20,9,False,0.313742
11,0.007,0.028,21,9,False,0.308628
11,0.007,0.028,22,9,True,0.328936
11,0.007,0.028,23,9,False,0.316188
11,0.007,0.028,24,9,True,0.358451
11,0.007,0.028,25,9,True,0.322131
11,0.007,0.028,26,9,False,0.333825
11,0.007,0.028,27,9,False,0.341688
11,0.007,0.028,28,9,False,0.33994
11,0.007,0.028,29,9,False,0.350372
11,0.007,0.028,30,9,False,0.349295
11,0.007,0.028,31,9,True,0.342699
11,0.007,0.028,32,9,False,0.313076
11,0.007,0.028,33,9,False,0.325557
11,0.007,0.028,34,9,False,0.361564
11,0.007,0.028,35,9,False,0.352742
11,0.007,0.028,36,9,False,0.355325
11,0.007,0.028,37,9,True,0.351459
11,0.007,0.028,38,9,False,0.344168
11,0.007,0.028,39,9,True,0.349573
11,0.007,0.028,40,9,True,0.346298
11,0.007,0.028,41,9,False,0.348483
11,0.007,0.028,42,9,False,0.339169
11,0.007,0.028,43,9,True,0.338132
11,0.007,0.028,44,9,False,0.400483
11,0.007,0.028,45,9,False,0.331848
11,0.007,0.028,46,9,False,0.309677
11,0.007,0.028,47,9,False,0.313356
11,0.007,0.028,48,9,True,0.324675
11,0.007,0.028,49,9,False,0.310663
11,0.007,0.028,50,9,False,0.314057
11,0.007,0.028,51,9,False,0.320482
11,0.007,0.028,52,9,True,0.310487
11,0.007,0.028,53,9,False,0.340036
11,0.007,0.028,54,9,True,0.331445
11,0.007,0.028,55,9,True,0.319935
11,0.007,0.028,56,9,False,0.335797
11,0.007,0.028,57,9,False,0.3313
11,0.007,0.028,58,9,True,0.327502
11,0.007,0.028,59,9,True,0.328694
11,0.007,0.028,60,9,False,0.335173
11,0.007,0.028,61,9,True,0.342253
11,0.007,0.028,62,9,False,0.339734
11,0.007,0.028,63,9,True,0.38607
11,0.007,0.028,64,9,False,0.33894
11,0.007,0.028,65,9,False,0.324188
11,0.007,0.028,66,9,False,0.325594
11,0.007,0.028,67,9,False,0.332568
11,0.007,0.028,68,9,False,0.339591
11,0.007,0.028,69,9,False,0.353419
11,0.007,0.028,70,9,True,0.337733
11,0.007,0.028,71,9,True,0.335214
11,0.007,0.028,72,9,False,0.347374
11,0.007,0.028,73,9,False,0.372856
11,0.007,0.028,74,9,False,0.328812
11,0.007,0.028,75,9,False,0.335597
11,0.007,0.028,76,9,False,0.348408
11,0.007,0.028,77,9,True,0.352691
11,0.007,0.028,78,9,True,0.313046
11,0.007,0.028,79,9,True,0.29685
11,0.007,0.028,80,9,False,0.308036
11,0.007,0.028,81,9,False,0.320499
11,0.007,0.028,82,9,False,0.309092
11,0.007,0.028,83,9,False,0.336843
11,0.007,0.028,84,9,True,0.30621
11,0.007,0.028,85,9,False,0.305078
11,0.007,0.028,86,9,False,0.322632
11,0.007,0.028,87,9,False,0.337587
11,0.007,0.028,88,9,False,0.308189
11,0.007,0.028,89,9,True,0.314816
11,0.007,0.028,90,9,True,0.318985
11,0.007,0.028,91,9,False,0.323775
11,0.007,0.028,92,9,False,0.369676
11,0.007,0.028,93,9,False,0.330828
11,0.007,0.028,94,9,False,0.326769
11,0.007,0.028,95,9,True,0.342986
11,0.007,0.028,96,9,True,0.338072
11,0.007,0.028,97,9,True,0.335463
11,0.007,0.028,98,9,True,0.338329
11,0.007,0.028,99,9,False,0.327908
11,0.01,0.028,0,9,False,0.981107
11,0.01,0.028,1,9,False,0.286851
11,0.01,0.028,2,9,True,0.28751
11,0.01,0.028,3,9,True,0.289004
11,0.01,0.028,4,9,True,0.287128
11,0.01,0.028,5,9,True,0.311324
11,0.01,0.028,6,9,False,0.290563
11,0.01,0.028,7,9,True,0.289175
11,0.01,0.028,8,9,False,0.292607
11,0.01,0.028,9,9,True,0.289177
11,0.01,0.028,10,9,True,0.290697
11,0.01,0.028,11,9,True,0.289538
11,0.01,0.028,12,9,True,0.292877
11,0.01,0.028,13,9,True,0.289835
11,0.01,0.028,14,9,False,0.311536
11,0.01,0.028,15,9,False,0.289317
11,0.01,0.028,16,9,True,0.288119
11,0.01,0.028,17,9,True,0.294016
11,0.01,0.028,18,9,True,0.293743
11,0.01,0.028,19,9,False,0.291891
11,0.01,0.028,20,9,True,0.291606
11,0.01,0.028,21,9,True,0.27181
11,0.01,0.028,22,9,False,0.2565
11,0.01,0.028,23,9,False,0.2519
11,0.01,0.028,24,9,True,0.274096
11,0.01,0.028,25,9,False,0.253289
11,0.01,0.028,26,9,False,0.252917
11,0.01,0.028,27,9,True,0.253772
11,0.01,0.028,28,9,False,0.252282
11,0.01,0.028,29,9,True,0.26193
11,0.01,0.028,30,9,True,0.278028
11,0.01,0.028,31,9,True,0.254674
11,0.01,0.028,32,9,False,0.251747
11,0.01,0.028,33,9,False,0.251545
11,0.01,0.028,34,9,True,0.272548
11,0.01,0.028,35,9,False,0.25274
11,0.01,0.028,36,9,True,0.279022
11,0.01,0.028,37,9,True,0.296498
11,0.01,0.028,38,9,False,0.291928
11,0.01,0.028,39,9,False,0.292423
11,0.01,0.028,40,9,True,0.2934
11,0.01,0.028,41,9,False,0.292578
11,0.01,0.028,42,9,False,0.29117
11,0.01,0.028,43,9,True,0.29011
11,0.01,0.028,44,9,False,0.312347
11,0.01,0.028,45,9,True,0.292484
11,0.01,0.028,46,9,False,0.291161
11,0.01,0.028,47,9,True,0.292067
11,0.01,0.028,48,9,False,0.294472
11,0.01,0.028,49,9,True,0.294204
11,0.01,0.028,50,9,True,0.292004
11,0.01,0.028,51,9,True,0.292074
11,0.01,0.028,52,9,False,0.291697
11,0.01,0.028,53,9,False,0.312229
11,0.01,0.028,54,9,False,0.291639
11,0.01,0.028,55,9,True,0.29094
11,0.01,0.028,56,9,False,0.295666
11,0.01,0.028,57,9,True,0.292329
11,0.01,0.028,58,9,True,0.296309
11,0.01,0.028,59,9,False,0.292284
11,0.01,0.028,60,9,True,0.293275
11,0.01,0.028,61,9,False,0.292857
11,0.01,0.028,62,9,False,0.290168
11,0.01,0.028,63,9,False,0.317014
11,0.01,0.028,64,9,False,0.292752
11,0.01,0.028,65,9,False,0.291235
11,0.01,0.028,66,9,False,0.291752
11,0.01,0.028,67,9,True,0.291897
11,0.01,0.028,68,9,False,0.291779
11,0.01,0.028,69,9,True,0.292306
11,0.01,0.028,70,9,True,0.264054
11,0.01,0.028,71,9,False,0.255296
11,0.01,0.028,72,9,False,0.256365
11,0.01,0.028,73,9,True,0.276469
11,0.01,0.028,74,9,True,0.255296
11,0.01,0.028,75,9,True,0.251779
11,0.01,0.028,76,9,True,0.253821
11,0.01,0.028,77,9,True,0.25818
11,0.01,0.028,78,9,False,0.258689
11,0.01,0.028,79,9,True,0.251762
11,0.01,0.028,80,9,False,0.251465
11,0.01,0.028,81,9,True,0.251976
11,0.01,0.028,82,9,False,0.250505
11,0.01,0.028,83,9,True,0.270967
11,0.01,0.028,84,9,False,0.252654
11,0.01,0.028,85,9,False,0.27291
11,0.01,0.028,86,9,False,0.286911
11,0.01,0.028,87,9,True,0.288041
11,0.01,0.028,88,9,True,0.286521
11,0.01,0.028,89,9,False,0.288992
11,0.01,0.028,90,9,True,0.287882
11,0.01,0.028,91,9,False,0.286794
11,0.01,0.028,92,9,False,0.312027
11,0.01,0.028,93,9,True,0.290415
11,0.01,0.028,94,9,True,0.291234
11,0.01,0.028,95,9,False,0.29507
11,0.01,0.028,96,9,False,0.292897
11,0.01,0.028,97,9,True,0.293682
11,0.01,0.028,98,9,False,0.29326
11,0.01,0.028,99,9,True,0.293276
