distance,physical_error_rate,detection_events,union_find_answer,windows
5,0.002,0,right,2721
5,0.002,1,right,1248
5,0.002,1,wrong_paired,11
5,0.002,2,right,5269
5,0.002,2,wrong_paired,4
5,0.002,3,right,3129
5,0.002,3,wrong_paired,18
5,0.002,4,right,6550
5,0.002,4,wrong_paired,6
5,0.002,5,right,4489
5,0.002,5,wrong_paired,33
5,0.002,5,wrong_partner_unseen,1
5,0.002,6,right,6459
5,0.002,6,wrong_paired,20
5,0.002,7,right,4427
5,0.002,7,wrong_paired,38
5,0.002,7,wrong_partner_unseen,2
5,0.002,8,right,5229
5,0.002,8,wrong_paired,18
5,0.002,8,wrong_partner_unseen,1
5,0.002,9,right,3681
5,0.002,9,wrong_paired,33
5,0.002,10,right,3552
5,0.002,10,wrong_paired,24
5,0.002,10,wrong_partner_unseen,1
5,0.002,11,right,2527
5,0.002,11,wrong_paired,24
5,0.002,11,wrong_partner_unseen,1
5,0.002,12,right,2221
5,0.002,12,wrong_alone,1
5,0.002,12,wrong_paired,14
5,0.002,13,right,1518
5,0.002,13,wrong_alone,1
5,0.002,13,wrong_paired,7
5,0.002,13,wrong_partner_unseen,2
5,0.002,14,right,1128
5,0.002,14,wrong_alone,1
5,0.002,14,wrong_paired,18
5,0.002,15,right,827
5,0.002,15,wrong_alone,1
5,0.002,15,wrong_paired,8
5,0.002,16,right,619
5,0.002,16,wrong_paired,7
5,0.002,16,wrong_partner_unseen,1
5,0.002,17,right,399
5,0.002,18,right,278
5,0.002,18,wrong_paired,4
5,0.002,19,right,193
5,0.002,19,wrong_paired,2
5,0.002,20,right,119
5,0.002,20,wrong_paired,1
5,0.002,21,right,97
5,0.002,21,wrong_paired,1
5,0.002,22,right,87
5,0.002,23,right,39
5,0.002,24,right,24
5,0.002,25,right,15
5,0.002,26,right,9
5,0.002,27,right,4
5,0.002,28,right,7
5,0.002,29,right,1
5,0.002,30,right,2
5,0.002,31,right,1
5,0.002,34,right,1
5,0.003,0,right,220
5,0.003,1,right,119
5,0.003,1,wrong_paired,1
5,0.003,2,right,525
5,0.003,2,wrong_paired,3
5,0.003,3,right,421
5,0.003,3,wrong_paired,1
5,0.003,4,right,898
5,0.003,5,right,746
5,0.003,5,wrong_paired,4
5,0.003,6,right,1239
5,0.003,6,wrong_paired,5
5,0.003,7,right,1149
5,0.003,7,wrong_paired,12
5,0.003,8,right,1412
5,0.003,8,wrong_paired,12
5,0.003,9,right,1213
5,0.003,9,wrong_paired,9
5,0.003,10,right,1367
5,0.003,10,wrong_paired,12
5,0.003,11,right,1185
5,0.003,11,wrong_alone,1
5,0.003,11,wrong_paired,11
5,0.003,11,wrong_partner_unseen,1
5,0.003,12,right,1157
5,0.003,12,wrong_paired,11
5,0.003,12,wrong_partner_unseen,1
5,0.003,13,right,947
5,0.003,13,wrong_alone,1
5,0.003,13,wrong_paired,6
5,0.003,14,right,842
5,0.003,14,wrong_paired,11
5,0.003,15,right,635
5,0.003,15,wrong_alone,1
5,0.003,15,wrong_paired,6
5,0.003,16,right,579
5,0.003,16,wrong_paired,3
5,0.003,16,wrong_partner_unseen,1
5,0.003,17,right,485
5,0.003,17,wrong_paired,6
5,0.003,18,right,385
5,0.003,18,wrong_paired,4
5,0.003,18,wrong_partner_unseen,1
5,0.003,19,right,264
5,0.003,19,wrong_paired,6
5,0.003,19,wrong_partner_unseen,1
5,0.003,20,right,235
5,0.003,20,wrong_paired,4
5,0.003,20,wrong_partner_unseen,1
5,0.003,21,right,149
5,0.003,21,wrong_paired,1
5,0.003,22,right,136
5,0.003,22,wrong_paired,2
5,0.003,23,right,89
5,0.003,23,wrong_paired,1
5,0.003,23,wrong_partner_unseen,1
5,0.003,24,right,69
5,0.003,24,wrong_paired,2
5,0.003,24,wrong_partner_unseen,1
5,0.003,25,right,45
5,0.003,25,wrong_paired,2
5,0.003,26,right,47
5,0.003,26,wrong_paired,1
5,0.003,27,right,26
5,0.003,27,wrong_partner_unseen,1
5,0.003,28,right,21
5,0.003,29,right,20
5,0.003,30,right,10
5,0.003,31,right,8
5,0.003,32,right,5
5,0.003,32,wrong_partner_unseen,1
5,0.003,33,right,7
5,0.003,33,wrong_paired,1
5,0.003,34,right,5
5,0.003,35,right,1
5,0.003,36,right,2
5,0.003,37,right,1
5,0.003,38,wrong_paired,1
5,0.003,39,right,1
5,0.004,0,right,21
5,0.004,1,right,7
5,0.004,2,right,50
5,0.004,3,right,61
5,0.004,3,wrong_paired,1
5,0.004,4,right,138
5,0.004,5,right,125
5,0.004,6,right,228
5,0.004,7,right,213
5,0.004,7,wrong_paired,2
5,0.004,8,right,293
5,0.004,8,wrong_paired,2
5,0.004,9,right,309
5,0.004,9,wrong_paired,2
5,0.004,10,right,358
5,0.004,10,wrong_paired,1
5,0.004,11,right,342
5,0.004,12,right,373
5,0.004,12,wrong_alone,1
5,0.004,12,wrong_paired,3
5,0.004,13,right,363
5,0.004,13,wrong_alone,1
5,0.004,13,wrong_paired,1
5,0.004,14,right,305
5,0.004,14,wrong_paired,3
5,0.004,14,wrong_partner_unseen,2
5,0.004,15,right,349
5,0.004,15,wrong_paired,7
5,0.004,16,right,290
5,0.004,16,wrong_paired,4
5,0.004,16,wrong_partner_unseen,1
5,0.004,17,right,263
5,0.004,17,wrong_paired,2
5,0.004,17,wrong_partner_unseen,1
5,0.004,18,right,203
5,0.004,18,wrong_paired,3
5,0.004,18,wrong_partner_unseen,1
5,0.004,19,right,181
5,0.004,19,wrong_paired,4
5,0.004,20,right,156
5,0.004,20,wrong_paired,1
5,0.004,21,right,154
5,0.004,21,wrong_paired,3
5,0.004,21,wrong_partner_unseen,3
5,0.004,22,right,114
5,0.004,22,wrong_paired,4
5,0.004,23,right,76
5,0.004,23,wrong_paired,1
5,0.004,23,wrong_partner_unseen,2
5,0.004,24,right,76
5,0.004,24,wrong_paired,3
5,0.004,24,wrong_partner_unseen,2
5,0.004,25,right,75
5,0.004,25,wrong_alone,1
5,0.004,25,wrong_paired,2
5,0.004,25,wrong_partner_unseen,1
5,0.004,26,right,46
5,0.004,26,wrong_paired,2
5,0.004,26,wrong_partner_unseen,2
5,0.004,27,right,31
5,0.004,27,wrong_partner_unseen,1
5,0.004,28,right,23
5,0.004,28,wrong_partner_unseen,1
5,0.004,29,right,28
5,0.004,29,wrong_paired,1
5,0.004,29,wrong_partner_unseen,1
5,0.004,30,right,24
5,0.004,31,right,13
5,0.004,32,right,14
5,0.004,33,right,10
5,0.004,33,wrong_partner_unseen,2
5,0.004,34,right,4
5,0.004,35,right,3
5,0.004,35,wrong_partner_unseen,1
5,0.004,36,right,4
5,0.004,36,wrong_paired,1
5,0.004,37,right,3
5,0.004,38,right,3
5,0.004,39,right,1
5,0.004,40,right,1
5,0.004,42,wrong_paired,1
5,0.004,47,right,1
5,0.005,0,right,3
5,0.005,1,right,2
5,0.005,2,right,14
5,0.005,3,right,10
5,0.005,4,right,29
5,0.005,5,right,26
5,0.005,6,right,59
5,0.005,7,right,44
5,0.005,7,wrong_paired,1
5,0.005,8,right,97
5,0.005,8,wrong_paired,1
5,0.005,9,right,72
5,0.005,9,wrong_paired,1
5,0.005,10,right,110
5,0.005,11,right,122
5,0.005,11,wrong_paired,1
5,0.005,12,right,110
5,0.005,13,right,122
5,0.005,13,wrong_paired,1
5,0.005,14,right,149
5,0.005,14,wrong_paired,2
5,0.005,15,right,137
5,0.005,15,wrong_alone,1
5,0.005,16,right,125
5,0.005,16,wrong_paired,2
5,0.005,17,right,110
5,0.005,17,wrong_paired,2
5,0.005,18,right,112
5,0.005,18,wrong_paired,4
5,0.005,19,right,128
5,0.005,19,wrong_paired,1
5,0.005,19,wrong_partner_unseen,1
5,0.005,20,right,103
5,0.005,20,wrong_paired,1
5,0.005,21,right,101
5,0.005,21,wrong_paired,1
5,0.005,22,right,91
5,0.005,22,wrong_paired,1
5,0.005,22,wrong_partner_unseen,1
5,0.005,23,right,66
5,0.005,23,wrong_partner_unseen,1
5,0.005,24,right,72
5,0.005,24,wrong_paired,1
5,0.005,25,right,45
5,0.005,25,wrong_paired,2
5,0.005,25,wrong_partner_unseen,1
5,0.005,26,right,55
5,0.005,26,wrong_paired,1
5,0.005,27,right,30
5,0.005,27,wrong_paired,1
5,0.005,28,right,38
5,0.005,28,wrong_partner_unseen,2
5,0.005,29,right,26
5,0.005,30,right,19
5,0.005,30,wrong_partner_unseen,2
5,0.005,31,right,18
5,0.005,32,right,16
5,0.005,33,right,11
5,0.005,33,wrong_paired,1
5,0.005,33,wrong_partner_unseen,1
5,0.005,34,right,8
5,0.005,35,right,12
5,0.005,37,right,2
5,0.005,38,right,5
5,0.005,39,right,4
5,0.005,40,right,2
5,0.005,41,right,3
5,0.005,42,right,1
5,0.005,44,right,2
5,0.005,45,right,1
7,0.002,0,right,2602
7,0.002,1,right,918
7,0.002,1,wrong_paired,9
7,0.002,2,right,2627
7,0.002,2,wrong_paired,6
7,0.002,3,right,1337
7,0.002,3,wrong_paired,13
7,0.002,4,right,2195
7,0.002,4,wrong_paired,7
7,0.002,5,right,1423
7,0.002,5,wrong_paired,11
7,0.002,6,right,2093
7,0.002,6,wrong_paired,6
7,0.002,7,right,1713
7,0.002,7,wrong_paired,12
7,0.002,8,right,2676
7,0.002,8,wrong_paired,11
7,0.002,9,right,2528
7,0.002,9,wrong_paired,14
7,0.002,9,wrong_partner_unseen,1
7,0.002,10,right,3711
7,0.002,10,wrong_paired,16
7,0.002,11,right,3652
7,0.002,11,wrong_paired,26
7,0.002,12,right,5023
7,0.002,12,wrong_paired,27
7,0.002,13,right,5131
7,0.002,13,wrong_paired,35
7,0.002,14,right,6447
7,0.002,14,wrong_alone,1
7,0.002,14,wrong_paired,30
7,0.002,14,wrong_partner_unseen,1
7,0.002,15,right,6292
7,0.002,15,wrong_paired,46
7,0.002,16,right,7392
7,0.002,16,wrong_alone,2
7,0.002,16,wrong_paired,49
7,0.002,17,right,7381
7,0.002,17,wrong_alone,1
7,0.002,17,wrong_paired,47
7,0.002,17,wrong_partner_unseen,2
7,0.002,18,right,8002
7,0.002,18,wrong_alone,1
7,0.002,18,wrong_paired,65
7,0.002,19,right,7590
7,0.002,19,wrong_alone,1
7,0.002,19,wrong_paired,66
7,0.002,19,wrong_partner_unseen,2
7,0.002,20,right,7927
7,0.002,20,wrong_paired,47
7,0.002,20,wrong_partner_unseen,4
7,0.002,21,right,7554
7,0.002,21,wrong_alone,1
7,0.002,21,wrong_paired,58
7,0.002,21,wrong_partner_unseen,1
7,0.002,22,right,7499
7,0.002,22,wrong_alone,1
7,0.002,22,wrong_paired,69
7,0.002,22,wrong_partner_unseen,6
7,0.002,23,right,6967
7,0.002,23,wrong_paired,63
7,0.002,23,wrong_partner_unseen,3
7,0.002,24,right,6773
7,0.002,24,wrong_alone,1
7,0.002,24,wrong_paired,40
7,0.002,24,wrong_partner_unseen,2
7,0.002,25,right,6090
7,0.002,25,wrong_paired,54
7,0.002,25,wrong_partner_unseen,2
7,0.002,26,right,5638
7,0.002,26,wrong_alone,1
7,0.002,26,wrong_paired,46
7,0.002,26,wrong_partner_unseen,4
7,0.002,27,right,4962
7,0.002,27,wrong_paired,57
7,0.002,27,wrong_partner_unseen,5
7,0.002,28,right,4611
7,0.002,28,wrong_alone,2
7,0.002,28,wrong_paired,46
7,0.002,28,wrong_partner_unseen,4
7,0.002,29,right,4082
7,0.002,29,wrong_alone,1
7,0.002,29,wrong_paired,46
7,0.002,30,right,3615
7,0.002,30,wrong_paired,39
7,0.002,30,wrong_partner_unseen,3
7,0.002,31,right,3115
7,0.002,31,wrong_alone,1
7,0.002,31,wrong_paired,30
7,0.002,31,wrong_partner_unseen,3
7,0.002,32,right,2535
7,0.002,32,wrong_alone,1
7,0.002,32,wrong_paired,18
7,0.002,32,wrong_partner_unseen,6
7,0.002,33,right,2330
7,0.002,33,wrong_paired,23
7,0.002,33,wrong_partner_unseen,6
7,0.002,34,right,1906
7,0.002,34,wrong_alone,1
7,0.002,34,wrong_paired,19
7,0.002,34,wrong_partner_unseen,3
7,0.002,35,right,1617
7,0.002,35,wrong_paired,15
7,0.002,35,wrong_partner_unseen,7
7,0.002,36,right,1478
7,0.002,36,wrong_alone,2
7,0.002,36,wrong_paired,12
7,0.002,36,wrong_partner_unseen,1
7,0.002,37,right,1216
7,0.002,37,wrong_paired,16
7,0.002,37,wrong_partner_unseen,3
7,0.002,38,right,1020
7,0.002,38,wrong_paired,15
7,0.002,38,wrong_partner_unseen,1
7,0.002,39,right,874
7,0.002,39,wrong_alone,1
7,0.002,39,wrong_paired,6
7,0.002,39,wrong_partner_unseen,4
7,0.002,40,right,659
7,0.002,40,wrong_alone,1
7,0.002,40,wrong_paired,5
7,0.002,40,wrong_partner_unseen,3
7,0.002,41,right,608
7,0.002,41,wrong_paired,8
7,0.002,41,wrong_partner_unseen,3
7,0.002,42,right,486
7,0.002,42,wrong_paired,7
7,0.002,42,wrong_partner_unseen,3
7,0.002,43,right,409
7,0.002,43,wrong_paired,7
7,0.002,43,wrong_partner_unseen,4
7,0.002,44,right,340
7,0.002,44,wrong_paired,3
7,0.002,44,wrong_partner_unseen,2
7,0.002,45,right,268
7,0.002,45,wrong_paired,1
7,0.002,45,wrong_partner_unseen,1
7,0.002,46,right,268
7,0.002,46,wrong_paired,3
7,0.002,46,wrong_partner_unseen,3
7,0.002,47,right,176
7,0.002,47,wrong_paired,2
7,0.002,48,right,178
7,0.002,48,wrong_partner_unseen,3
7,0.002,49,right,133
7,0.002,49,wrong_paired,1
7,0.002,49,wrong_partner_unseen,2
7,0.002,50,right,115
7,0.002,50,wrong_paired,1
7,0.002,51,right,56
7,0.002,51,wrong_paired,1
7,0.002,52,right,70
7,0.002,52,wrong_paired,1
7,0.002,53,right,49
7,0.002,53,wrong_partner_unseen,1
7,0.002,54,right,52
7,0.002,55,right,28
7,0.002,56,right,23
7,0.002,57,right,23
7,0.002,58,right,12
7,0.002,59,right,17
7,0.002,60,right,10
7,0.002,61,right,7
7,0.002,62,right,3
7,0.002,63,right,4
7,0.002,64,right,3
7,0.002,65,right,3
7,0.002,66,right,2
7,0.002,67,right,2
7,0.002,68,right,2
7,0.002,71,right,1
7,0.002,73,right,1
7,0.003,0,right,228
7,0.003,1,right,101
7,0.003,1,wrong_paired,2
7,0.003,2,right,282
7,0.003,2,wrong_paired,1
7,0.003,3,right,192
7,0.003,3,wrong_paired,3
7,0.003,4,right,293
7,0.003,4,wrong_paired,1
7,0.003,5,right,186
7,0.003,5,wrong_paired,4
7,0.003,6,right,217
7,0.003,6,wrong_paired,3
7,0.003,7,right,159
7,0.003,7,wrong_paired,1
7,0.003,8,right,167
7,0.003,9,right,128
7,0.003,9,wrong_paired,3
7,0.003,10,right,134
7,0.003,11,right,131
7,0.003,11,wrong_paired,1
7,0.003,12,right,127
7,0.003,13,right,205
7,0.003,14,right,232
7,0.003,14,wrong_paired,1
7,0.003,15,right,257
7,0.003,15,wrong_paired,2
7,0.003,16,right,310
7,0.003,16,wrong_paired,4
7,0.003,16,wrong_partner_unseen,1
7,0.003,17,right,403
7,0.003,17,wrong_paired,3
7,0.003,18,right,447
7,0.003,18,wrong_paired,3
7,0.003,19,right,539
7,0.003,19,wrong_paired,7
7,0.003,19,wrong_partner_unseen,1
7,0.003,20,right,648
7,0.003,20,wrong_paired,7
7,0.003,21,right,665
7,0.003,21,wrong_paired,7
7,0.003,22,right,748
7,0.003,22,wrong_paired,9
7,0.003,23,right,783
7,0.003,23,wrong_paired,9
7,0.003,24,right,884
7,0.003,24,wrong_paired,9
7,0.003,25,right,818
7,0.003,25,wrong_paired,12
7,0.003,26,right,955
7,0.003,26,wrong_paired,16
7,0.003,26,wrong_partner_unseen,1
7,0.003,27,right,954
7,0.003,27,wrong_alone,1
7,0.003,27,wrong_paired,14
7,0.003,28,right,957
7,0.003,28,wrong_paired,15
7,0.003,29,right,975
7,0.003,29,wrong_paired,12
7,0.003,30,right,1012
7,0.003,30,wrong_paired,15
7,0.003,31,right,965
7,0.003,31,wrong_alone,2
7,0.003,31,wrong_paired,18
7,0.003,31,wrong_partner_unseen,1
7,0.003,32,right,952
7,0.003,32,wrong_paired,15
7,0.003,33,right,925
7,0.003,33,wrong_paired,10
7,0.003,33,wrong_partner_unseen,1
7,0.003,34,right,883
7,0.003,34,wrong_alone,1
7,0.003,34,wrong_paired,12
7,0.003,35,right,793
7,0.003,35,wrong_paired,7
7,0.003,35,wrong_partner_unseen,1
7,0.003,36,right,768
7,0.003,36,wrong_paired,13
7,0.003,36,wrong_partner_unseen,1
7,0.003,37,right,736
7,0.003,37,wrong_paired,5
7,0.003,37,wrong_partner_unseen,1
7,0.003,38,right,644
7,0.003,38,wrong_alone,1
7,0.003,38,wrong_paired,9
7,0.003,38,wrong_partner_unseen,1
7,0.003,39,right,579
7,0.003,39,wrong_paired,6
7,0.003,39,wrong_partner_unseen,1
7,0.003,40,right,573
7,0.003,40,wrong_paired,12
7,0.003,40,wrong_partner_unseen,1
7,0.003,41,right,514
7,0.003,41,wrong_paired,10
7,0.003,42,right,424
7,0.003,42,wrong_paired,10
7,0.003,42,wrong_partner_unseen,2
7,0.003,43,right,400
7,0.003,43,wrong_alone,1
7,0.003,43,wrong_paired,11
7,0.003,43,wrong_partner_unseen,1
7,0.003,44,right,393
7,0.003,44,wrong_paired,7
7,0.003,45,right,371
7,0.003,45,wrong_paired,5
7,0.003,46,right,323
7,0.003,46,wrong_paired,4
7,0.003,47,right,259
7,0.003,47,wrong_paired,6
7,0.003,47,wrong_partner_unseen,3
7,0.003,48,right,258
7,0.003,48,wrong_paired,2
7,0.003,48,wrong_partner_unseen,1
7,0.003,49,right,226
7,0.003,49,wrong_paired,4
7,0.003,49,wrong_partner_unseen,1
7,0.003,50,right,205
7,0.003,50,wrong_paired,2
7,0.003,50,wrong_partner_unseen,1
7,0.003,51,right,180
7,0.003,51,wrong_paired,3
7,0.003,51,wrong_partner_unseen,4
7,0.003,52,right,174
7,0.003,52,wrong_paired,2
7,0.003,52,wrong_partner_unseen,1
7,0.003,53,right,146
7,0.003,53,wrong_paired,4
7,0.003,53,wrong_partner_unseen,1
7,0.003,54,right,143
7,0.003,54,wrong_paired,1
7,0.003,55,right,105
7,0.003,55,wrong_paired,3
7,0.003,55,wrong_partner_unseen,1
7,0.003,56,right,118
7,0.003,56,wrong_partner_unseen,2
7,0.003,57,right,91
7,0.003,58,right,58
7,0.003,58,wrong_paired,1
7,0.003,58,wrong_partner_unseen,2
7,0.003,59,right,75
7,0.003,59,wrong_paired,1
7,0.003,60,right,54
7,0.003,60,wrong_partner_unseen,1
7,0.003,61,right,59
7,0.003,61,wrong_partner_unseen,1
7,0.003,62,right,45
7,0.003,62,wrong_paired,1
7,0.003,62,wrong_partner_unseen,1
7,0.003,63,right,51
7,0.003,64,right,29
7,0.003,64,wrong_partner_unseen,1
7,0.003,65,right,40
7,0.003,65,wrong_partner_unseen,2
7,0.003,66,right,29
7,0.003,67,right,27
7,0.003,67,wrong_partner_unseen,1
7,0.003,68,right,19
7,0.003,69,right,16
7,0.003,70,right,17
7,0.003,71,right,5
7,0.003,72,right,11
7,0.003,73,right,5
7,0.003,73,wrong_partner_unseen,2
7,0.003,74,right,5
7,0.003,74,wrong_partner_unseen,1
7,0.003,75,right,7
7,0.003,76,right,4
7,0.003,77,right,4
7,0.003,78,right,1
7,0.003,79,right,1
7,0.003,80,right,3
7,0.003,81,right,2
7,0.003,83,right,2
7,0.004,0,right,22
7,0.004,1,right,25
7,0.004,2,right,43
7,0.004,3,right,46
7,0.004,3,wrong_paired,1
7,0.004,4,right,61
7,0.004,5,right,54
7,0.004,5,wrong_paired,1
7,0.004,6,right,52
7,0.004,7,right,41
7,0.004,7,wrong_paired,1
7,0.004,8,right,40
7,0.004,9,right,35
7,0.004,9,wrong_paired,1
7,0.004,10,right,21
7,0.004,10,wrong_paired,1
7,0.004,11,right,15
7,0.004,12,right,18
7,0.004,13,right,19
7,0.004,14,right,17
7,0.004,14,wrong_paired,1
7,0.004,15,right,14
7,0.004,16,right,17
7,0.004,16,wrong_paired,1
7,0.004,17,right,19
7,0.004,18,right,23
7,0.004,19,right,38
7,0.004,19,wrong_paired,1
7,0.004,20,right,33
7,0.004,20,wrong_paired,1
7,0.004,21,right,46
7,0.004,21,wrong_paired,1
7,0.004,22,right,60
7,0.004,22,wrong_paired,1
7,0.004,23,right,73
7,0.004,24,right,86
7,0.004,25,right,71
7,0.004,25,wrong_partner_unseen,1
7,0.004,26,right,75
7,0.004,27,right,111
7,0.004,27,wrong_alone,1
7,0.004,27,wrong_paired,3
7,0.004,27,wrong_partner_unseen,1
7,0.004,28,right,114
7,0.004,28,wrong_paired,1
7,0.004,29,right,125
7,0.004,29,wrong_paired,4
7,0.004,30,right,134
7,0.004,30,wrong_paired,2
7,0.004,31,right,147
7,0.004,31,wrong_paired,3
7,0.004,32,right,170
7,0.004,32,wrong_paired,4
7,0.004,33,right,158
7,0.004,33,wrong_paired,3
7,0.004,34,right,148
7,0.004,34,wrong_paired,3
7,0.004,35,right,158
7,0.004,35,wrong_paired,2
7,0.004,36,right,161
7,0.004,36,wrong_paired,6
7,0.004,37,right,195
7,0.004,37,wrong_alone,1
7,0.004,37,wrong_paired,2
7,0.004,38,right,174
7,0.004,38,wrong_paired,4
7,0.004,39,right,168
7,0.004,39,wrong_paired,1
7,0.004,40,right,170
7,0.004,40,wrong_paired,3
7,0.004,41,right,183
7,0.004,41,wrong_paired,8
7,0.004,42,right,169
7,0.004,42,wrong_paired,2
7,0.004,42,wrong_partner_unseen,1
7,0.004,43,right,183
7,0.004,43,wrong_paired,6
7,0.004,43,wrong_partner_unseen,1
7,0.004,44,right,185
7,0.004,44,wrong_paired,3
7,0.004,45,right,152
7,0.004,45,wrong_paired,2
7,0.004,46,right,143
7,0.004,46,wrong_alone,1
7,0.004,46,wrong_paired,5
7,0.004,46,wrong_partner_unseen,1
7,0.004,47,right,126
7,0.004,47,wrong_paired,5
7,0.004,48,right,136
7,0.004,48,wrong_paired,3
7,0.004,49,right,113
7,0.004,49,wrong_paired,1
7,0.004,49,wrong_partner_unseen,1
7,0.004,50,right,131
7,0.004,51,right,91
7,0.004,51,wrong_paired,2
7,0.004,51,wrong_partner_unseen,1
7,0.004,52,right,105
7,0.004,52,wrong_paired,1
7,0.004,53,right,103
7,0.004,53,wrong_paired,2
7,0.004,53,wrong_partner_unseen,2
7,0.004,54,right,74
7,0.004,54,wrong_paired,1
7,0.004,55,right,78
7,0.004,56,right,80
7,0.004,56,wrong_partner_unseen,2
7,0.004,57,right,64
7,0.004,58,right,60
7,0.004,59,right,61
7,0.004,60,right,60
7,0.004,60,wrong_paired,2
7,0.004,61,right,54
7,0.004,61,wrong_paired,2
7,0.004,62,right,46
7,0.004,62,wrong_partner_unseen,4
7,0.004,63,right,49
7,0.004,64,right,39
7,0.004,64,wrong_partner_unseen,1
7,0.004,65,right,37
7,0.004,65,wrong_paired,1
7,0.004,65,wrong_partner_unseen,2
7,0.004,66,right,29
7,0.004,66,wrong_paired,2
7,0.004,67,right,38
7,0.004,67,wrong_paired,1
7,0.004,67,wrong_partner_unseen,1
7,0.004,68,right,30
7,0.004,68,wrong_partner_unseen,1
7,0.004,69,right,26
7,0.004,69,wrong_paired,1
7,0.004,69,wrong_partner_unseen,1
7,0.004,70,right,35
7,0.004,70,wrong_paired,1
7,0.004,70,wrong_partner_unseen,1
7,0.004,71,right,22
7,0.004,71,wrong_partner_unseen,2
7,0.004,72,right,20
7,0.004,72,wrong_paired,2
7,0.004,72,wrong_partner_unseen,1
7,0.004,73,right,21
7,0.004,73,wrong_paired,1
7,0.004,73,wrong_partner_unseen,1
7,0.004,74,right,15
7,0.004,74,wrong_paired,1
7,0.004,75,right,10
7,0.004,75,wrong_partner_unseen,1
7,0.004,76,right,12
7,0.004,77,right,24
7,0.004,77,wrong_partner_unseen,1
7,0.004,78,right,13
7,0.004,78,wrong_paired,1
7,0.004,79,right,14
7,0.004,79,wrong_partner_unseen,1
7,0.004,80,right,11
7,0.004,81,right,5
7,0.004,82,right,11
7,0.004,83,right,11
7,0.004,84,right,5
7,0.004,84,wrong_paired,1
7,0.004,85,right,4
7,0.004,85,wrong_paired,1
7,0.004,86,right,1
7,0.004,87,right,5
7,0.004,88,right,6
7,0.004,88,wrong_paired,1
7,0.004,89,right,2
7,0.004,90,right,2
7,0.004,91,right,2
7,0.004,92,right,1
7,0.004,93,wrong_partner_unseen,1
7,0.004,94,right,2
7,0.004,95,right,1
7,0.004,96,right,1
7,0.004,100,right,1
7,0.004,105,right,1
7,0.005,0,right,3
7,0.005,2,right,12
7,0.005,3,right,9
7,0.005,4,right,15
7,0.005,5,right,9
7,0.005,6,right,22
7,0.005,7,right,16
7,0.005,8,right,12
7,0.005,9,right,12
7,0.005,10,right,13
7,0.005,11,right,15
7,0.005,11,wrong_paired,2
7,0.005,12,right,10
7,0.005,13,right,5
7,0.005,14,right,2
7,0.005,15,right,3
7,0.005,16,right,4
7,0.005,17,right,2
7,0.005,18,right,3
7,0.005,19,right,7
7,0.005,19,wrong_alone,1
7,0.005,20,right,3
7,0.005,21,right,4
7,0.005,22,right,1
7,0.005,23,right,5
7,0.005,24,right,8
7,0.005,25,right,4
7,0.005,26,right,9
7,0.005,27,right,6
7,0.005,28,right,21
7,0.005,29,right,10
7,0.005,30,right,18
7,0.005,31,right,27
7,0.005,32,right,17
7,0.005,32,wrong_paired,2
7,0.005,33,right,17
7,0.005,33,wrong_paired,1
7,0.005,34,right,38
7,0.005,34,wrong_paired,1
7,0.005,35,right,33
7,0.005,35,wrong_paired,2
7,0.005,36,right,35
7,0.005,37,right,34
7,0.005,37,wrong_paired,1
7,0.005,38,right,37
7,0.005,38,wrong_paired,1
7,0.005,39,right,43
7,0.005,39,wrong_paired,1
7,0.005,40,right,42
7,0.005,41,right,48
7,0.005,41,wrong_paired,3
7,0.005,42,right,38
7,0.005,42,wrong_paired,2
7,0.005,43,right,49
7,0.005,43,wrong_paired,1
7,0.005,44,right,54
7,0.005,45,right,45
7,0.005,46,right,54
7,0.005,47,right,53
7,0.005,48,right,57
7,0.005,48,wrong_paired,2
7,0.005,49,right,48
7,0.005,49,wrong_paired,1
7,0.005,50,right,71
7,0.005,51,right,49
7,0.005,51,wrong_paired,1
7,0.005,52,right,45
7,0.005,52,wrong_paired,3
7,0.005,53,right,44
7,0.005,54,right,42
7,0.005,54,wrong_paired,2
7,0.005,55,right,49
7,0.005,55,wrong_paired,1
7,0.005,56,right,39
7,0.005,57,right,34
7,0.005,58,right,42
7,0.005,58,wrong_paired,1
7,0.005,58,wrong_partner_unseen,1
7,0.005,59,right,44
7,0.005,60,right,35
7,0.005,61,right,27
7,0.005,62,right,18
7,0.005,63,right,24
7,0.005,63,wrong_paired,1
7,0.005,64,right,31
7,0.005,65,right,22
7,0.005,66,right,25
7,0.005,67,right,13
7,0.005,68,right,23
7,0.005,69,right,20
7,0.005,70,right,24
7,0.005,71,right,17
7,0.005,72,right,16
7,0.005,73,right,12
7,0.005,73,wrong_paired,1
7,0.005,74,right,11
7,0.005,75,right,19
7,0.005,75,wrong_paired,2
7,0.005,75,wrong_partner_unseen,1
7,0.005,76,right,18
7,0.005,76,wrong_paired,1
7,0.005,76,wrong_partner_unseen,2
7,0.005,77,right,12
7,0.005,77,wrong_paired,2
7,0.005,78,right,10
7,0.005,78,wrong_paired,1
7,0.005,79,right,13
7,0.005,80,right,16
7,0.005,80,wrong_paired,1
7,0.005,81,right,11
7,0.005,81,wrong_partner_unseen,1
7,0.005,82,right,11
7,0.005,83,right,16
7,0.005,84,right,10
7,0.005,85,right,6
7,0.005,86,right,7
7,0.005,86,wrong_paired,2
7,0.005,86,wrong_partner_unseen,1
7,0.005,87,right,3
7,0.005,87,wrong_partner_unseen,1
7,0.005,88,right,11
7,0.005,89,right,9
7,0.005,89,wrong_partner_unseen,1
7,0.005,90,right,4
7,0.005,90,wrong_paired,1
7,0.005,91,right,1
7,0.005,92,right,6
7,0.005,92,wrong_paired,1
7,0.005,93,right,8
7,0.005,94,right,3
7,0.005,95,right,7
7,0.005,97,right,2
7,0.005,98,right,2
7,0.005,98,wrong_partner_unseen,1
7,0.005,99,right,2
7,0.005,100,right,2
7,0.005,102,right,1
7,0.005,103,right,1
7,0.005,105,right,1
7,0.005,106,right,1
7,0.005,109,right,1
7,0.005,111,right,1
9,0.002,0,right,12629
9,0.002,0,wrong_paired,2
9,0.002,1,right,5978
9,0.002,1,wrong_paired,95
9,0.002,2,right,10585
9,0.002,2,wrong_alone,1
9,0.002,2,wrong_paired,40
9,0.002,3,right,6657
9,0.002,3,wrong_alone,1
9,0.002,3,wrong_paired,77
9,0.002,4,right,6453
9,0.002,4,wrong_paired,45
9,0.002,5,right,3970
9,0.002,5,wrong_paired,50
9,0.002,6,right,2959
9,0.002,6,wrong_paired,17
9,0.002,7,right,1772
9,0.002,7,wrong_paired,24
9,0.002,8,right,1230
9,0.002,8,wrong_alone,1
9,0.002,8,wrong_paired,6
9,0.002,9,right,813
9,0.002,9,wrong_paired,14
9,0.002,10,right,640
9,0.002,10,wrong_paired,3
9,0.002,11,right,469
9,0.002,11,wrong_paired,3
9,0.002,12,right,648
9,0.002,12,wrong_paired,2
9,0.002,13,right,720
9,0.002,13,wrong_paired,7
9,0.002,14,right,869
9,0.002,14,wrong_paired,3
9,0.002,14,wrong_partner_unseen,2
9,0.002,15,right,1024
9,0.002,15,wrong_paired,6
9,0.002,15,wrong_partner_unseen,1
9,0.002,16,right,1396
9,0.002,16,wrong_paired,7
9,0.002,17,right,1490
9,0.002,17,wrong_paired,16
9,0.002,18,right,1909
9,0.002,18,wrong_paired,13
9,0.002,18,wrong_partner_unseen,1
9,0.002,19,right,2123
9,0.002,19,wrong_paired,16
9,0.002,19,wrong_partner_unseen,1
9,0.002,20,right,2540
9,0.002,20,wrong_paired,13
9,0.002,20,wrong_partner_unseen,3
9,0.002,21,right,2797
9,0.002,21,wrong_paired,24
9,0.002,22,right,3335
9,0.002,22,wrong_paired,30
9,0.002,22,wrong_partner_unseen,5
9,0.002,23,right,3542
9,0.002,23,wrong_paired,33
9,0.002,23,wrong_partner_unseen,1
9,0.002,24,right,4221
9,0.002,24,wrong_paired,29
9,0.002,25,right,4365
9,0.002,25,wrong_paired,29
9,0.002,25,wrong_partner_unseen,3
9,0.002,26,right,4985
9,0.002,26,wrong_paired,39
9,0.002,26,wrong_partner_unseen,3
9,0.002,27,right,5300
9,0.002,27,wrong_paired,30
9,0.002,27,wrong_partner_unseen,3
9,0.002,28,right,5940
9,0.002,28,wrong_paired,50
9,0.002,28,wrong_partner_unseen,4
9,0.002,29,right,6647
9,0.002,29,wrong_paired,58
9,0.002,29,wrong_partner_unseen,3
9,0.002,30,right,7375
9,0.002,30,wrong_alone,1
9,0.002,30,wrong_paired,68
9,0.002,30,wrong_partner_unseen,2
9,0.002,31,right,7995
9,0.002,31,wrong_alone,1
9,0.002,31,wrong_paired,58
9,0.002,31,wrong_partner_unseen,1
9,0.002,32,right,8782
9,0.002,32,wrong_paired,58
9,0.002,32,wrong_partner_unseen,4
9,0.002,33,right,9355
9,0.002,33,wrong_paired,100
9,0.002,33,wrong_partner_unseen,4
9,0.002,34,right,10382
9,0.002,34,wrong_alone,1
9,0.002,34,wrong_paired,84
9,0.002,34,wrong_partner_unseen,4
9,0.002,35,right,11082
9,0.002,35,wrong_alone,1
9,0.002,35,wrong_paired,96
9,0.002,35,wrong_partner_unseen,6
9,0.002,36,right,11926
9,0.002,36,wrong_alone,1
9,0.002,36,wrong_paired,117
9,0.002,36,wrong_partner_unseen,2
9,0.002,37,right,12659
9,0.002,37,wrong_alone,1
9,0.002,37,wrong_paired,123
9,0.002,37,wrong_partner_unseen,3
9,0.002,38,right,13643
9,0.002,38,wrong_paired,148
9,0.002,38,wrong_partner_unseen,3
9,0.002,39,right,14243
9,0.002,39,wrong_alone,1
9,0.002,39,wrong_paired,118
9,0.002,39,wrong_partner_unseen,2
9,0.002,40,right,14931
9,0.002,40,wrong_paired,124
9,0.002,40,wrong_partner_unseen,2
9,0.002,41,right,15440
9,0.002,41,wrong_alone,1
9,0.002,41,wrong_paired,172
9,0.002,41,wrong_partner_unseen,3
9,0.002,42,right,15872
9,0.002,42,wrong_alone,2
9,0.002,42,wrong_paired,151
9,0.002,42,wrong_partner_unseen,6
9,0.002,43,right,16175
9,0.002,43,wrong_paired,157
9,0.002,43,wrong_partner_unseen,7
9,0.002,44,right,16436
9,0.002,44,wrong_alone,2
9,0.002,44,wrong_paired,192
9,0.002,44,wrong_partner_unseen,2
9,0.002,45,right,16686
9,0.002,45,wrong_paired,175
9,0.002,45,wrong_partner_unseen,2
9,0.002,46,right,16987
9,0.002,46,wrong_alone,1
9,0.002,46,wrong_paired,190
9,0.002,46,wrong_partner_unseen,3
9,0.002,47,right,16684
9,0.002,47,wrong_alone,2
9,0.002,47,wrong_paired,195
9,0.002,47,wrong_partner_unseen,4
9,0.002,48,right,16184
9,0.002,48,wrong_alone,1
9,0.002,48,wrong_paired,164
9,0.002,48,wrong_partner_unseen,3
9,0.002,49,right,15909
9,0.002,49,wrong_paired,167
9,0.002,49,wrong_partner_unseen,3
9,0.002,50,right,15577
9,0.002,50,wrong_paired,158
9,0.002,50,wrong_partner_unseen,3
9,0.002,51,right,15082
9,0.002,51,wrong_paired,170
9,0.002,51,wrong_partner_unseen,7
9,0.002,52,right,14231
9,0.002,52,wrong_paired,186
9,0.002,52,wrong_partner_unseen,5
9,0.002,53,right,13610
9,0.002,53,wrong_alone,1
9,0.002,53,wrong_paired,148
9,0.002,53,wrong_partner_unseen,7
9,0.002,54,right,13017
9,0.002,54,wrong_alone,2
9,0.002,54,wrong_paired,139
9,0.002,54,wrong_partner_unseen,4
9,0.002,55,right,11940
9,0.002,55,wrong_alone,3
9,0.002,55,wrong_paired,152
9,0.002,55,wrong_partner_unseen,7
9,0.002,56,right,11637
9,0.002,56,wrong_alone,1
9,0.002,56,wrong_paired,125
9,0.002,56,wrong_partner_unseen,9
9,0.002,57,right,10904
9,0.002,57,wrong_paired,151
9,0.002,57,wrong_partner_unseen,7
9,0.002,58,right,9956
9,0.002,58,wrong_paired,133
9,0.002,58,wrong_partner_unseen,7
9,0.002,59,right,9244
9,0.002,59,wrong_paired,126
9,0.002,59,wrong_partner_unseen,4
9,0.002,60,right,8609
9,0.002,60,wrong_alone,2
9,0.002,60,wrong_paired,107
9,0.002,60,wrong_partner_unseen,8
9,0.002,61,right,7670
9,0.002,61,wrong_alone,1
9,0.002,61,wrong_paired,90
9,0.002,61,wrong_partner_unseen,9
9,0.002,62,right,7244
9,0.002,62,wrong_alone,2
9,0.002,62,wrong_paired,93
9,0.002,62,wrong_partner_unseen,6
9,0.002,63,right,6559
9,0.002,63,wrong_paired,86
9,0.002,63,wrong_partner_unseen,11
9,0.002,64,right,5792
9,0.002,64,wrong_alone,2
9,0.002,64,wrong_paired,70
9,0.002,64,wrong_partner_unseen,12
9,0.002,65,right,5416
9,0.002,65,wrong_paired,54
9,0.002,65,wrong_partner_unseen,8
9,0.002,66,right,4986
9,0.002,66,wrong_paired,60
9,0.002,66,wrong_partner_unseen,7
9,0.002,67,right,4554
9,0.002,67,wrong_alone,1
9,0.002,67,wrong_paired,55
9,0.002,67,wrong_partner_unseen,11
9,0.002,68,right,4035
9,0.002,68,wrong_alone,1
9,0.002,68,wrong_paired,51
9,0.002,68,wrong_partner_unseen,15
9,0.002,69,right,3847
9,0.002,69,wrong_paired,48
9,0.002,69,wrong_partner_unseen,11
9,0.002,70,right,3491
9,0.002,70,wrong_paired,34
9,0.002,70,wrong_partner_unseen,11
9,0.002,71,right,3109
9,0.002,71,wrong_paired,30
9,0.002,71,wrong_partner_unseen,18
9,0.002,72,right,2903
9,0.002,72,wrong_paired,31
9,0.002,72,wrong_partner_unseen,16
9,0.002,73,right,2604
9,0.002,73,wrong_paired,32
9,0.002,73,wrong_partner_unseen,7
9,0.002,74,right,2511
9,0.002,74,wrong_paired,22
9,0.002,74,wrong_partner_unseen,15
9,0.002,75,right,2244
9,0.002,75,wrong_paired,18
9,0.002,75,wrong_partner_unseen,13
9,0.002,76,right,2069
9,0.002,76,wrong_paired,20
9,0.002,76,wrong_partner_unseen,7
9,0.002,77,right,1865
9,0.002,77,wrong_paired,18
9,0.002,77,wrong_partner_unseen,17
9,0.002,78,right,1730
9,0.002,78,wrong_paired,15
9,0.002,78,wrong_partner_unseen,23
9,0.002,79,right,1602
9,0.002,79,wrong_paired,12
9,0.002,79,wrong_partner_unseen,12
9,0.002,80,right,1434
9,0.002,80,wrong_paired,19
9,0.002,80,wrong_partner_unseen,14
9,0.002,81,right,1375
9,0.002,81,wrong_paired,13
9,0.002,81,wrong_partner_unseen,14
9,0.002,82,right,1358
9,0.002,82,wrong_paired,10
9,0.002,82,wrong_partner_unseen,14
9,0.002,83,right,1235
9,0.002,83,wrong_paired,8
9,0.002,83,wrong_partner_unseen,14
9,0.002,84,right,1102
9,0.002,84,wrong_paired,7
9,0.002,84,wrong_partner_unseen,10
9,0.002,85,right,950
9,0.002,85,wrong_paired,8
9,0.002,85,wrong_partner_unseen,6
9,0.002,86,right,928
9,0.002,86,wrong_paired,4
9,0.002,86,wrong_partner_unseen,8
9,0.002,87,right,846
9,0.002,87,wrong_paired,8
9,0.002,87,wrong_partner_unseen,9
9,0.002,88,right,795
9,0.002,88,wrong_paired,15
9,0.002,88,wrong_partner_unseen,7
9,0.002,89,right,681
9,0.002,89,wrong_paired,8
9,0.002,89,wrong_partner_unseen,4
9,0.002,90,right,631
9,0.002,90,wrong_paired,8
9,0.002,90,wrong_partner_unseen,6
9,0.002,91,right,590
9,0.002,91,wrong_paired,8
9,0.002,91,wrong_partner_unseen,7
9,0.002,92,right,503
9,0.002,92,wrong_paired,7
9,0.002,92,wrong_partner_unseen,6
9,0.002,93,right,450
9,0.002,93,wrong_paired,8
9,0.002,93,wrong_partner_unseen,6
9,0.002,94,right,398
9,0.002,94,wrong_partner_unseen,2
9,0.002,95,right,341
9,0.002,95,wrong_paired,4
9,0.002,95,wrong_partner_unseen,2
9,0.002,96,right,344
9,0.002,96,wrong_paired,5
9,0.002,96,wrong_partner_unseen,5
9,0.002,97,right,271
9,0.002,97,wrong_paired,1
9,0.002,97,wrong_partner_unseen,3
9,0.002,98,right,233
9,0.002,98,wrong_paired,3
9,0.002,98,wrong_partner_unseen,3
9,0.002,99,right,248
9,0.002,99,wrong_paired,1
9,0.002,99,wrong_partner_unseen,1
9,0.002,100,right,187
9,0.002,100,wrong_partner_unseen,3
9,0.002,101,right,160
9,0.002,101,wrong_paired,1
9,0.002,101,wrong_partner_unseen,2
9,0.002,102,right,150
9,0.002,102,wrong_paired,1
9,0.002,102,wrong_partner_unseen,1
9,0.002,103,right,123
9,0.002,103,wrong_paired,1
9,0.002,103,wrong_partner_unseen,2
9,0.002,104,right,111
9,0.002,105,right,93
9,0.002,105,wrong_paired,2
9,0.002,105,wrong_partner_unseen,2
9,0.002,106,right,85
9,0.002,106,wrong_paired,1
9,0.002,106,wrong_partner_unseen,2
9,0.002,107,right,66
9,0.002,107,wrong_paired,1
9,0.002,108,right,63
9,0.002,109,right,62
9,0.002,110,right,31
9,0.002,111,right,27
9,0.002,111,wrong_paired,1
9,0.002,111,wrong_partner_unseen,1
9,0.002,112,right,26
9,0.002,113,right,14
9,0.002,113,wrong_partner_unseen,1
9,0.002,114,right,27
9,0.002,114,wrong_paired,2
9,0.002,114,wrong_partner_unseen,1
9,0.002,115,right,11
9,0.002,115,wrong_partner_unseen,1
9,0.002,116,right,15
9,0.002,117,right,10
9,0.002,118,right,10
9,0.002,119,right,7
9,0.002,120,right,9
9,0.002,121,right,6
9,0.002,122,right,3
9,0.002,123,right,9
9,0.002,124,right,4
9,0.002,125,right,4
9,0.002,126,right,1
9,0.002,126,wrong_paired,1
9,0.002,127,right,2
9,0.002,128,right,1
9,0.002,130,right,1
9,0.002,131,right,1
9,0.002,139,right,1
9,0.003,0,right,589
9,0.003,1,right,407
9,0.003,1,wrong_paired,4
9,0.003,2,right,770
9,0.003,2,wrong_paired,3
9,0.003,3,right,614
9,0.003,3,wrong_paired,6
9,0.003,4,right,676
9,0.003,4,wrong_paired,6
9,0.003,5,right,486
9,0.003,5,wrong_paired,6
9,0.003,6,right,426
9,0.003,6,wrong_paired,4
9,0.003,7,right,331
9,0.003,7,wrong_paired,3
9,0.003,8,right,233
9,0.003,8,wrong_paired,1
9,0.003,9,right,138
9,0.003,9,wrong_paired,1
9,0.003,10,right,91
9,0.003,10,wrong_paired,1
9,0.003,11,right,59
9,0.003,12,right,24
9,0.003,13,right,19
9,0.003,13,wrong_paired,1
9,0.003,14,right,17
9,0.003,15,right,5
9,0.003,16,right,16
9,0.003,17,right,15
9,0.003,18,right,12
9,0.003,19,right,11
9,0.003,20,right,21
9,0.003,21,right,28
9,0.003,21,wrong_paired,1
9,0.003,22,right,40
9,0.003,22,wrong_paired,1
9,0.003,22,wrong_partner_unseen,1
9,0.003,23,right,42
9,0.003,23,wrong_paired,2
9,0.003,24,right,55
9,0.003,25,right,76
9,0.003,26,right,85
9,0.003,27,right,93
9,0.003,27,wrong_paired,1
9,0.003,28,right,124
9,0.003,28,wrong_paired,1
9,0.003,29,right,107
9,0.003,29,wrong_alone,1
9,0.003,29,wrong_paired,2
9,0.003,30,right,151
9,0.003,30,wrong_paired,2
9,0.003,31,right,153
9,0.003,31,wrong_paired,1
9,0.003,32,right,175
9,0.003,32,wrong_paired,3
9,0.003,33,right,180
9,0.003,33,wrong_paired,1
9,0.003,34,right,197
9,0.003,34,wrong_paired,5
9,0.003,35,right,203
9,0.003,36,right,209
9,0.003,36,wrong_paired,3
9,0.003,37,right,227
9,0.003,37,wrong_paired,3
9,0.003,37,wrong_partner_unseen,2
9,0.003,38,right,232
9,0.003,38,wrong_paired,4
9,0.003,38,wrong_partner_unseen,1
9,0.003,39,right,249
9,0.003,39,wrong_paired,1
9,0.003,39,wrong_partner_unseen,1
9,0.003,40,right,258
9,0.003,40,wrong_paired,2
9,0.003,40,wrong_partner_unseen,2
9,0.003,41,right,273
9,0.003,41,wrong_paired,5
9,0.003,41,wrong_partner_unseen,2
9,0.003,42,right,317
9,0.003,42,wrong_paired,4
9,0.003,42,wrong_partner_unseen,2
9,0.003,43,right,294
9,0.003,43,wrong_paired,8
9,0.003,44,right,334
9,0.003,44,wrong_paired,3
9,0.003,45,right,353
9,0.003,45,wrong_paired,4
9,0.003,46,right,375
9,0.003,46,wrong_paired,5
9,0.003,46,wrong_partner_unseen,2
9,0.003,47,right,381
9,0.003,47,wrong_paired,7
9,0.003,47,wrong_partner_unseen,2
9,0.003,48,right,412
9,0.003,48,wrong_paired,6
9,0.003,48,wrong_partner_unseen,1
9,0.003,49,right,440
9,0.003,49,wrong_paired,4
9,0.003,50,right,449
9,0.003,50,wrong_paired,6
9,0.003,50,wrong_partner_unseen,1
9,0.003,51,right,517
9,0.003,51,wrong_paired,4
9,0.003,51,wrong_partner_unseen,1
9,0.003,52,right,553
9,0.003,52,wrong_paired,4
9,0.003,53,right,608
9,0.003,53,wrong_paired,7
9,0.003,54,right,697
9,0.003,54,wrong_paired,9
9,0.003,55,right,731
9,0.003,55,wrong_paired,12
9,0.003,56,right,758
9,0.003,56,wrong_paired,9
9,0.003,57,right,768
9,0.003,57,wrong_paired,5
9,0.003,57,wrong_partner_unseen,1
9,0.003,58,right,790
9,0.003,58,wrong_paired,10
9,0.003,59,right,931
9,0.003,59,wrong_paired,12
9,0.003,60,right,864
9,0.003,60,wrong_paired,20
9,0.003,60,wrong_partner_unseen,1
9,0.003,61,right,930
9,0.003,61,wrong_alone,1
9,0.003,61,wrong_paired,17
9,0.003,62,right,1001
9,0.003,62,wrong_paired,14
9,0.003,63,right,1047
9,0.003,63,wrong_paired,18
9,0.003,63,wrong_partner_unseen,1
9,0.003,64,right,1086
9,0.003,64,wrong_paired,15
9,0.003,65,right,1075
9,0.003,65,wrong_paired,10
9,0.003,65,wrong_partner_unseen,1
9,0.003,66,right,1085
9,0.003,66,wrong_paired,10
9,0.003,66,wrong_partner_unseen,1
9,0.003,67,right,1128
9,0.003,67,wrong_paired,13
9,0.003,68,right,1137
9,0.003,68,wrong_paired,15
9,0.003,69,right,1112
9,0.003,69,wrong_paired,16
9,0.003,70,right,1092
9,0.003,70,wrong_paired,14
9,0.003,71,right,1095
9,0.003,71,wrong_paired,21
9,0.003,72,right,1069
9,0.003,72,wrong_paired,22
9,0.003,72,wrong_partner_unseen,1
9,0.003,73,right,1060
9,0.003,73,wrong_paired,20
9,0.003,74,right,1044
9,0.003,74,wrong_paired,16
9,0.003,75,right,928
9,0.003,75,wrong_alone,1
9,0.003,75,wrong_paired,19
9,0.003,75,wrong_partner_unseen,1
9,0.003,76,right,904
9,0.003,76,wrong_alone,1
9,0.003,76,wrong_paired,21
9,0.003,76,wrong_partner_unseen,1
9,0.003,77,right,909
9,0.003,77,wrong_alone,1
9,0.003,77,wrong_paired,16
9,0.003,77,wrong_partner_unseen,1
9,0.003,78,right,836
9,0.003,78,wrong_paired,15
9,0.003,78,wrong_partner_unseen,2
9,0.003,79,right,802
9,0.003,79,wrong_paired,10
9,0.003,79,wrong_partner_unseen,1
9,0.003,80,right,756
9,0.003,80,wrong_paired,20
9,0.003,80,wrong_partner_unseen,1
9,0.003,81,right,716
9,0.003,81,wrong_paired,15
9,0.003,81,wrong_partner_unseen,1
9,0.003,82,right,621
9,0.003,82,wrong_paired,15
9,0.003,83,right,637
9,0.003,83,wrong_paired,9
9,0.003,83,wrong_partner_unseen,2
9,0.003,84,right,638
9,0.003,84,wrong_alone,1
9,0.003,84,wrong_paired,16
9,0.003,84,wrong_partner_unseen,1
9,0.003,85,right,604
9,0.003,85,wrong_paired,13
9,0.003,86,right,506
9,0.003,86,wrong_paired,7
9,0.003,86,wrong_partner_unseen,2
9,0.003,87,right,511
9,0.003,87,wrong_paired,7
9,0.003,87,wrong_partner_unseen,2
9,0.003,88,right,412
9,0.003,88,wrong_paired,3
9,0.003,88,wrong_partner_unseen,1
9,0.003,89,right,403
9,0.003,89,wrong_paired,8
9,0.003,89,wrong_partner_unseen,2
9,0.003,90,right,403
9,0.003,90,wrong_paired,5
9,0.003,90,wrong_partner_unseen,1
9,0.003,91,right,355
9,0.003,91,wrong_paired,8
9,0.003,91,wrong_partner_unseen,3
9,0.003,92,right,334
9,0.003,92,wrong_paired,7
9,0.003,92,wrong_partner_unseen,2
9,0.003,93,right,344
9,0.003,93,wrong_paired,5
9,0.003,93,wrong_partner_unseen,1
9,0.003,94,right,312
9,0.003,94,wrong_paired,3
9,0.003,94,wrong_partner_unseen,2
9,0.003,95,right,290
9,0.003,95,wrong_paired,4
9,0.003,96,right,252
9,0.003,96,wrong_paired,6
9,0.003,96,wrong_partner_unseen,1
9,0.003,97,right,240
9,0.003,97,wrong_paired,4
9,0.003,97,wrong_partner_unseen,1
9,0.003,98,right,213
9,0.003,98,wrong_paired,3
9,0.003,98,wrong_partner_unseen,2
9,0.003,99,right,220
9,0.003,99,wrong_paired,5
9,0.003,100,right,199
9,0.003,100,wrong_paired,2
9,0.003,100,wrong_partner_unseen,1
9,0.003,101,right,220
9,0.003,101,wrong_paired,5
9,0.003,101,wrong_partner_unseen,3
9,0.003,102,right,215
9,0.003,102,wrong_paired,3
9,0.003,102,wrong_partner_unseen,2
9,0.003,103,right,229
9,0.003,103,wrong_paired,4
9,0.003,103,wrong_partner_unseen,7
9,0.003,104,right,164
9,0.003,104,wrong_paired,2
9,0.003,104,wrong_partner_unseen,2
9,0.003,105,right,191
9,0.003,105,wrong_paired,2
9,0.003,105,wrong_partner_unseen,1
9,0.003,106,right,198
9,0.003,106,wrong_paired,2
9,0.003,106,wrong_partner_unseen,1
9,0.003,107,right,195
9,0.003,107,wrong_paired,3
9,0.003,107,wrong_partner_unseen,2
9,0.003,108,right,162
9,0.003,108,wrong_paired,3
9,0.003,108,wrong_partner_unseen,4
9,0.003,109,right,196
9,0.003,109,wrong_paired,6
9,0.003,109,wrong_partner_unseen,2
9,0.003,110,right,174
9,0.003,110,wrong_paired,4
9,0.003,110,wrong_partner_unseen,1
9,0.003,111,right,166
9,0.003,111,wrong_paired,6
9,0.003,111,wrong_partner_unseen,3
9,0.003,112,right,166
9,0.003,112,wrong_paired,1
9,0.003,112,wrong_partner_unseen,2
9,0.003,113,right,142
9,0.003,113,wrong_paired,3
9,0.003,113,wrong_partner_unseen,2
9,0.003,114,right,156
9,0.003,114,wrong_paired,2
9,0.003,114,wrong_partner_unseen,4
9,0.003,115,right,126
9,0.003,115,wrong_paired,1
9,0.003,115,wrong_partner_unseen,1
9,0.003,116,right,117
9,0.003,116,wrong_paired,3
9,0.003,117,right,117
9,0.003,117,wrong_paired,2
9,0.003,117,wrong_partner_unseen,3
9,0.003,118,right,121
9,0.003,118,wrong_paired,1
9,0.003,119,right,110
9,0.003,119,wrong_paired,1
9,0.003,120,right,112
9,0.003,120,wrong_paired,1
9,0.003,120,wrong_partner_unseen,1
9,0.003,121,right,102
9,0.003,121,wrong_partner_unseen,1
9,0.003,122,right,97
9,0.003,122,wrong_paired,1
9,0.003,123,right,91
9,0.003,123,wrong_paired,1
9,0.003,123,wrong_partner_unseen,2
9,0.003,124,right,96
9,0.003,124,wrong_partner_unseen,1
9,0.003,125,right,70
9,0.003,125,wrong_paired,1
9,0.003,125,wrong_partner_unseen,3
9,0.003,126,right,62
9,0.003,126,wrong_partner_unseen,2
9,0.003,127,right,57
9,0.003,127,wrong_paired,1
9,0.003,128,right,47
9,0.003,128,wrong_paired,3
9,0.003,128,wrong_partner_unseen,1
9,0.003,129,right,50
9,0.003,130,right,43
9,0.003,130,wrong_paired,1
9,0.003,130,wrong_partner_unseen,3
9,0.003,131,right,43
9,0.003,131,wrong_partner_unseen,2
9,0.003,132,right,54
9,0.003,132,wrong_paired,2
9,0.003,132,wrong_partner_unseen,1
9,0.003,133,right,42
9,0.003,133,wrong_paired,1
9,0.003,133,wrong_partner_unseen,1
9,0.003,134,right,33
9,0.003,134,wrong_paired,2
9,0.003,135,right,31
9,0.003,136,right,26
9,0.003,136,wrong_partner_unseen,2
9,0.003,137,right,19
9,0.003,137,wrong_paired,2
9,0.003,138,right,28
9,0.003,139,right,19
9,0.003,139,wrong_paired,1
9,0.003,140,right,16
9,0.003,141,right,14
9,0.003,141,wrong_paired,1
9,0.003,141,wrong_partner_unseen,1
9,0.003,142,right,14
9,0.003,143,right,5
9,0.003,144,right,9
9,0.003,144,wrong_paired,1
9,0.003,145,right,16
9,0.003,146,right,7
9,0.003,147,right,10
9,0.003,148,right,3
9,0.003,149,right,3
9,0.003,150,right,1
9,0.003,151,right,1
9,0.003,152,right,7
9,0.003,153,right,6
9,0.003,156,right,1
9,0.003,157,right,3
9,0.003,158,right,3
9,0.003,159,right,2
9,0.003,160,right,1
9,0.003,163,right,3
9,0.003,164,right,1
9,0.003,165,right,2
9,0.003,170,right,1
9,0.003,175,right,1
9,0.003,180,right,1
9,0.004,0,right,41
9,0.004,1,right,60
9,0.004,1,wrong_paired,4
9,0.004,2,right,88
9,0.004,2,wrong_paired,2
9,0.004,3,right,98
9,0.004,4,right,126
9,0.004,5,right,91
9,0.004,5,wrong_paired,1
9,0.004,6,right,92
9,0.004,6,wrong_paired,1
9,0.004,7,right,75
9,0.004,8,right,63
9,0.004,9,right,42
9,0.004,10,right,34
9,0.004,11,right,21
9,0.004,12,right,15
9,0.004,12,wrong_paired,1
9,0.004,13,right,3
9,0.004,14,right,6
9,0.004,15,right,6
9,0.004,17,right,2
9,0.004,18,right,4
9,0.004,19,right,1
9,0.004,22,right,1
9,0.004,25,right,3
9,0.004,26,right,4
9,0.004,28,right,6
9,0.004,29,right,1
9,0.004,30,right,5
9,0.004,30,wrong_partner_unseen,1
9,0.004,31,right,3
9,0.004,32,right,7
9,0.004,32,wrong_paired,1
9,0.004,33,right,4
9,0.004,34,right,4
9,0.004,35,right,9
9,0.004,36,right,13
9,0.004,37,right,19
9,0.004,38,right,17
9,0.004,38,wrong_paired,1
9,0.004,39,right,10
9,0.004,39,wrong_paired,1
9,0.004,39,wrong_partner_unseen,1
9,0.004,40,right,21
9,0.004,40,wrong_paired,1
9,0.004,41,right,17
9,0.004,41,wrong_partner_unseen,1
9,0.004,42,right,20
9,0.004,43,right,24
9,0.004,44,right,26
9,0.004,44,wrong_partner_unseen,1
9,0.004,45,right,30
9,0.004,46,right,25
9,0.004,46,wrong_paired,1
9,0.004,47,right,25
9,0.004,47,wrong_paired,2
9,0.004,48,right,32
9,0.004,48,wrong_partner_unseen,1
9,0.004,49,right,32
9,0.004,50,right,25
9,0.004,51,right,33
9,0.004,52,right,26
9,0.004,52,wrong_paired,1
9,0.004,52,wrong_partner_unseen,1
9,0.004,53,right,31
9,0.004,54,right,43
9,0.004,54,wrong_paired,2
9,0.004,55,right,32
9,0.004,55,wrong_paired,1
9,0.004,56,right,21
9,0.004,56,wrong_paired,2
9,0.004,57,right,36
9,0.004,57,wrong_paired,1
9,0.004,58,right,33
9,0.004,58,wrong_paired,1
9,0.004,59,right,40
9,0.004,60,right,31
9,0.004,61,right,40
9,0.004,61,wrong_paired,2
9,0.004,62,right,41
9,0.004,62,wrong_paired,1
9,0.004,63,right,41
9,0.004,64,right,42
9,0.004,65,right,30
9,0.004,65,wrong_paired,2
9,0.004,66,right,52
9,0.004,67,right,44
9,0.004,67,wrong_paired,1
9,0.004,68,right,72
9,0.004,68,wrong_paired,1
9,0.004,69,right,59
9,0.004,69,wrong_paired,1
9,0.004,69,wrong_partner_unseen,1
9,0.004,70,right,69
9,0.004,71,right,81
9,0.004,71,wrong_paired,3
9,0.004,72,right,75
9,0.004,73,right,68
9,0.004,73,wrong_paired,3
9,0.004,74,right,95
9,0.004,74,wrong_paired,4
9,0.004,75,right,78
9,0.004,75,wrong_paired,2
9,0.004,76,right,93
9,0.004,76,wrong_paired,2
9,0.004,77,right,110
9,0.004,77,wrong_paired,1
9,0.004,78,right,117
9,0.004,78,wrong_paired,2
9,0.004,79,right,115
9,0.004,79,wrong_paired,2
9,0.004,80,right,140
9,0.004,80,wrong_paired,4
9,0.004,80,wrong_partner_unseen,1
9,0.004,81,right,123
9,0.004,81,wrong_paired,4
9,0.004,82,right,124
9,0.004,82,wrong_paired,3
9,0.004,83,right,129
9,0.004,83,wrong_paired,3
9,0.004,84,right,145
9,0.004,84,wrong_paired,8
9,0.004,85,right,124
9,0.004,85,wrong_paired,9
9,0.004,86,right,136
9,0.004,86,wrong_paired,2
9,0.004,87,right,141
9,0.004,87,wrong_paired,3
9,0.004,88,right,144
9,0.004,88,wrong_alone,1
9,0.004,88,wrong_paired,6
9,0.004,88,wrong_partner_unseen,1
9,0.004,89,right,139
9,0.004,89,wrong_paired,5
9,0.004,90,right,143
9,0.004,90,wrong_paired,5
9,0.004,91,right,135
9,0.004,91,wrong_paired,2
9,0.004,92,right,142
9,0.004,92,wrong_paired,6
9,0.004,92,wrong_partner_unseen,1
9,0.004,93,right,130
9,0.004,93,wrong_paired,5
9,0.004,94,right,133
9,0.004,94,wrong_paired,2
9,0.004,95,right,148
9,0.004,95,wrong_paired,2
9,0.004,96,right,136
9,0.004,96,wrong_paired,3
9,0.004,97,right,121
9,0.004,97,wrong_paired,4
9,0.004,98,right,130
9,0.004,98,wrong_paired,4
9,0.004,98,wrong_partner_unseen,2
9,0.004,99,right,104
9,0.004,99,wrong_paired,4
9,0.004,100,right,115
9,0.004,100,wrong_paired,3
9,0.004,101,right,122
9,0.004,101,wrong_paired,2
9,0.004,102,right,100
9,0.004,102,wrong_paired,4
9,0.004,102,wrong_partner_unseen,1
9,0.004,103,right,91
9,0.004,103,wrong_paired,1
9,0.004,104,right,95
9,0.004,104,wrong_paired,1
9,0.004,105,right,80
9,0.004,105,wrong_paired,1
9,0.004,106,right,88
9,0.004,106,wrong_alone,1
9,0.004,106,wrong_paired,4
9,0.004,107,right,85
9,0.004,107,wrong_paired,3
9,0.004,108,right,59
9,0.004,108,wrong_paired,3
9,0.004,109,right,61
9,0.004,109,wrong_paired,2
9,0.004,109,wrong_partner_unseen,1
9,0.004,110,right,67
9,0.004,110,wrong_paired,2
9,0.004,110,wrong_partner_unseen,2
9,0.004,111,right,54
9,0.004,111,wrong_paired,1
9,0.004,112,right,56
9,0.004,112,wrong_paired,3
9,0.004,113,right,39
9,0.004,113,wrong_paired,3
9,0.004,114,right,58
9,0.004,114,wrong_partner_unseen,1
9,0.004,115,right,46
9,0.004,115,wrong_paired,1
9,0.004,116,right,40
9,0.004,116,wrong_partner_unseen,1
9,0.004,117,right,38
9,0.004,117,wrong_paired,1
9,0.004,118,right,44
9,0.004,118,wrong_paired,1
9,0.004,119,right,27
9,0.004,119,wrong_paired,3
9,0.004,120,right,36
9,0.004,121,right,35
9,0.004,122,right,30
9,0.004,123,right,30
9,0.004,123,wrong_partner_unseen,2
9,0.004,124,right,38
9,0.004,124,wrong_partner_unseen,1
9,0.004,125,right,33
9,0.004,125,wrong_paired,2
9,0.004,126,right,32
9,0.004,126,wrong_paired,1
9,0.004,126,wrong_partner_unseen,2
9,0.004,127,right,31
9,0.004,127,wrong_paired,1
9,0.004,128,right,24
9,0.004,128,wrong_partner_unseen,2
9,0.004,129,right,28
9,0.004,129,wrong_paired,1
9,0.004,129,wrong_partner_unseen,1
9,0.004,130,right,31
9,0.004,130,wrong_paired,2
9,0.004,131,right,46
9,0.004,131,wrong_paired,1
9,0.004,131,wrong_partner_unseen,4
9,0.004,132,right,35
9,0.004,132,wrong_paired,2
9,0.004,133,right,25
9,0.004,134,right,35
9,0.004,134,wrong_paired,2
9,0.004,135,right,40
9,0.004,135,wrong_paired,3
9,0.004,135,wrong_partner_unseen,1
9,0.004,136,right,31
9,0.004,136,wrong_paired,1
9,0.004,136,wrong_partner_unseen,2
9,0.004,137,right,47
9,0.004,138,right,38
9,0.004,138,wrong_partner_unseen,1
9,0.004,139,right,28
9,0.004,139,wrong_paired,1
9,0.004,140,right,27
9,0.004,140,wrong_paired,2
9,0.004,140,wrong_partner_unseen,1
9,0.004,141,right,26
9,0.004,141,wrong_paired,2
9,0.004,141,wrong_partner_unseen,1
9,0.004,142,right,31
9,0.004,143,right,29
9,0.004,143,wrong_paired,1
9,0.004,144,right,30
9,0.004,144,wrong_partner_unseen,2
9,0.004,145,right,26
9,0.004,145,wrong_paired,2
9,0.004,146,right,31
9,0.004,147,right,23
9,0.004,147,wrong_paired,2
9,0.004,148,right,31
9,0.004,148,wrong_paired,2
9,0.004,149,right,26
9,0.004,149,wrong_paired,1
9,0.004,150,right,19
9,0.004,150,wrong_paired,1
9,0.004,150,wrong_partner_unseen,1
9,0.004,151,right,26
9,0.004,151,wrong_partner_unseen,1
9,0.004,152,right,13
9,0.004,153,right,19
9,0.004,153,wrong_paired,1
9,0.004,154,right,18
9,0.004,154,wrong_paired,2
9,0.004,154,wrong_partner_unseen,1
9,0.004,155,right,20
9,0.004,155,wrong_paired,3
9,0.004,155,wrong_partner_unseen,1
9,0.004,156,right,21
9,0.004,157,right,17
9,0.004,158,right,12
9,0.004,158,wrong_partner_unseen,1
9,0.004,159,right,12
9,0.004,159,wrong_partner_unseen,1
9,0.004,160,right,9
9,0.004,161,right,9
9,0.004,161,wrong_paired,1
9,0.004,161,wrong_partner_unseen,2
9,0.004,162,right,19
9,0.004,162,wrong_partner_unseen,1
9,0.004,163,right,17
9,0.004,163,wrong_paired,1
9,0.004,163,wrong_partner_unseen,2
9,0.004,164,right,12
9,0.004,165,right,13
9,0.004,166,right,12
9,0.004,167,right,10
9,0.004,168,right,8
9,0.004,169,right,6
9,0.004,170,right,7
9,0.004,171,right,4
9,0.004,172,right,6
9,0.004,172,wrong_paired,1
9,0.004,173,right,4
9,0.004,173,wrong_paired,2
9,0.004,174,right,2
9,0.004,175,right,4
9,0.004,175,wrong_paired,1
9,0.004,176,right,4
9,0.004,177,right,1
9,0.004,178,right,2
9,0.004,178,wrong_paired,1
9,0.004,179,wrong_partner_unseen,1
9,0.004,181,right,4
9,0.004,182,right,3
9,0.004,183,right,5
9,0.004,185,right,1
9,0.004,189,right,1
9,0.004,190,right,1
9,0.004,191,right,1
9,0.004,192,right,1
9,0.004,211,right,1
9,0.004,213,right,1
9,0.005,0,right,6
9,0.005,1,right,6
9,0.005,2,right,13
9,0.005,2,wrong_paired,1
9,0.005,3,right,21
9,0.005,3,wrong_paired,1
9,0.005,4,right,23
9,0.005,5,right,22
9,0.005,6,right,28
9,0.005,6,wrong_paired,1
9,0.005,7,right,21
9,0.005,7,wrong_paired,1
9,0.005,8,right,28
9,0.005,9,right,21
9,0.005,10,right,15
9,0.005,10,wrong_paired,2
9,0.005,11,right,11
9,0.005,11,wrong_paired,1
9,0.005,12,right,5
9,0.005,13,right,5
9,0.005,14,right,7
9,0.005,15,right,3
9,0.005,16,right,1
9,0.005,34,right,2
9,0.005,38,right,2
9,0.005,39,right,1
9,0.005,41,right,1
9,0.005,42,right,1
9,0.005,44,right,1
9,0.005,45,right,5
9,0.005,46,right,2
9,0.005,46,wrong_paired,1
9,0.005,47,right,3
9,0.005,48,right,4
9,0.005,49,right,3
9,0.005,49,wrong_paired,1
9,0.005,50,right,5
9,0.005,51,right,5
9,0.005,52,right,4
9,0.005,52,wrong_partner_unseen,1
9,0.005,53,right,6
9,0.005,54,right,2
9,0.005,55,right,7
9,0.005,56,right,7
9,0.005,57,right,8
9,0.005,58,right,2
9,0.005,59,right,7
9,0.005,59,wrong_partner_unseen,1
9,0.005,60,right,4
9,0.005,61,right,14
9,0.005,62,right,5
9,0.005,63,right,10
9,0.005,64,right,7
9,0.005,64,wrong_paired,1
9,0.005,65,right,10
9,0.005,65,wrong_partner_unseen,1
9,0.005,66,right,8
9,0.005,66,wrong_paired,1
9,0.005,67,right,4
9,0.005,67,wrong_paired,1
9,0.005,68,right,4
9,0.005,69,right,5
9,0.005,70,right,8
9,0.005,70,wrong_paired,2
9,0.005,71,right,8
9,0.005,72,right,4
9,0.005,73,right,5
9,0.005,73,wrong_paired,1
9,0.005,74,right,6
9,0.005,75,right,9
9,0.005,76,right,8
9,0.005,77,right,4
9,0.005,77,wrong_paired,1
9,0.005,78,right,8
9,0.005,78,wrong_paired,1
9,0.005,79,right,10
9,0.005,80,right,5
9,0.005,81,right,9
9,0.005,82,right,10
9,0.005,82,wrong_paired,1
9,0.005,83,right,8
9,0.005,84,right,9
9,0.005,84,wrong_paired,1
9,0.005,84,wrong_partner_unseen,1
9,0.005,85,right,9
9,0.005,86,right,13
9,0.005,87,right,8
9,0.005,87,wrong_paired,2
9,0.005,88,right,14
9,0.005,89,right,14
9,0.005,90,right,20
9,0.005,91,right,11
9,0.005,92,right,24
9,0.005,92,wrong_paired,1
9,0.005,93,right,10
9,0.005,93,wrong_paired,1
9,0.005,94,right,27
9,0.005,94,wrong_paired,2
9,0.005,95,right,30
9,0.005,96,right,26
9,0.005,97,right,19
9,0.005,97,wrong_paired,2
9,0.005,98,right,29
9,0.005,98,wrong_paired,2
9,0.005,99,right,31
9,0.005,100,right,30
9,0.005,101,right,35
9,0.005,101,wrong_paired,2
9,0.005,102,right,29
9,0.005,102,wrong_paired,1
9,0.005,103,right,33
9,0.005,103,wrong_paired,2
9,0.005,104,right,37
9,0.005,104,wrong_alone,1
9,0.005,105,right,39
9,0.005,106,right,23
9,0.005,106,wrong_paired,2
9,0.005,107,right,39
9,0.005,107,wrong_paired,2
9,0.005,108,right,46
9,0.005,108,wrong_paired,2
9,0.005,109,right,40
9,0.005,109,wrong_paired,1
9,0.005,110,right,29
9,0.005,111,right,33
9,0.005,112,right,25
9,0.005,113,right,38
9,0.005,113,wrong_paired,2
9,0.005,114,right,30
9,0.005,114,wrong_paired,1
9,0.005,115,right,27
9,0.005,115,wrong_paired,1
9,0.005,116,right,30
9,0.005,116,wrong_partner_unseen,1
9,0.005,117,right,21
9,0.005,117,wrong_paired,4
9,0.005,117,wrong_partner_unseen,1
9,0.005,118,right,27
9,0.005,118,wrong_paired,2
9,0.005,119,right,27
9,0.005,120,right,23
9,0.005,120,wrong_paired,3
9,0.005,121,right,26
9,0.005,122,right,23
9,0.005,122,wrong_paired,3
9,0.005,123,right,31
9,0.005,123,wrong_paired,4
9,0.005,124,right,28
9,0.005,124,wrong_paired,1
9,0.005,125,right,20
9,0.005,125,wrong_paired,1
9,0.005,125,wrong_partner_unseen,1
9,0.005,126,right,22
9,0.005,126,wrong_paired,1
9,0.005,127,right,18
9,0.005,128,right,17
9,0.005,128,wrong_paired,1
9,0.005,129,right,19
9,0.005,130,right,20
9,0.005,130,wrong_paired,1
9,0.005,130,wrong_partner_unseen,1
9,0.005,131,right,14
9,0.005,131,wrong_paired,1
9,0.005,132,right,16
9,0.005,132,wrong_paired,2
9,0.005,133,right,14
9,0.005,134,right,11
9,0.005,134,wrong_paired,1
9,0.005,135,right,17
9,0.005,135,wrong_paired,1
9,0.005,136,right,13
9,0.005,136,wrong_paired,2
9,0.005,137,right,12
9,0.005,138,right,15
9,0.005,138,wrong_partner_unseen,1
9,0.005,139,right,11
9,0.005,139,wrong_paired,1
9,0.005,140,right,8
9,0.005,140,wrong_paired,1
9,0.005,141,right,8
9,0.005,141,wrong_paired,1
9,0.005,142,right,11
9,0.005,142,wrong_paired,1
9,0.005,143,right,13
9,0.005,143,wrong_paired,1
9,0.005,144,right,4
9,0.005,145,right,12
9,0.005,146,right,8
9,0.005,147,right,9
9,0.005,148,right,7
9,0.005,149,right,6
9,0.005,150,right,10
9,0.005,151,right,6
9,0.005,151,wrong_paired,1
9,0.005,152,right,6
9,0.005,153,right,7
9,0.005,154,right,8
9,0.005,155,right,6
9,0.005,155,wrong_partner_unseen,1
9,0.005,156,right,8
9,0.005,157,right,5
9,0.005,158,right,9
9,0.005,159,right,8
9,0.005,159,wrong_paired,1
9,0.005,160,right,7
9,0.005,161,right,6
9,0.005,161,wrong_partner_unseen,1
9,0.005,162,right,10
9,0.005,162,wrong_paired,1
9,0.005,163,right,8
9,0.005,163,wrong_paired,1
9,0.005,164,right,8
9,0.005,165,right,5
9,0.005,166,right,11
9,0.005,167,right,5
9,0.005,168,right,12
9,0.005,168,wrong_partner_unseen,1
9,0.005,169,right,12
9,0.005,170,right,13
9,0.005,170,wrong_paired,1
9,0.005,170,wrong_partner_unseen,1
9,0.005,171,right,9
9,0.005,172,right,9
9,0.005,172,wrong_paired,2
9,0.005,173,right,7
9,0.005,174,right,4
9,0.005,174,wrong_paired,1
9,0.005,175,right,3
9,0.005,175,wrong_partner_unseen,1
9,0.005,176,right,5
9,0.005,176,wrong_partner_unseen,1
9,0.005,177,right,10
9,0.005,177,wrong_partner_unseen,1
9,0.005,178,right,5
9,0.005,178,wrong_paired,2
9,0.005,179,right,9
9,0.005,180,right,6
9,0.005,181,right,4
9,0.005,182,right,12
9,0.005,183,right,9
9,0.005,184,right,6
9,0.005,184,wrong_paired,1
9,0.005,185,right,6
9,0.005,186,right,5
9,0.005,187,right,10
9,0.005,187,wrong_paired,1
9,0.005,188,right,4
9,0.005,188,wrong_paired,2
9,0.005,189,right,3
9,0.005,190,right,2
9,0.005,191,right,6
9,0.005,192,right,5
9,0.005,193,right,2
9,0.005,193,wrong_paired,1
9,0.005,194,right,1
9,0.005,195,right,2
9,0.005,196,right,4
9,0.005,197,right,2
9,0.005,198,right,1
9,0.005,199,right,1
9,0.005,200,right,1
9,0.005,201,right,2
9,0.005,202,right,1
9,0.005,204,right,5
9,0.005,205,right,3
9,0.005,206,right,3
9,0.005,206,wrong_paired,1
9,0.005,207,right,2
9,0.005,207,wrong_partner_unseen,1
9,0.005,209,right,1
9,0.005,209,wrong_partner_unseen,1
9,0.005,211,right,1
9,0.005,212,right,1
9,0.005,220,right,2
9,0.005,226,right,1
11,0.002,0,right,23734
11,0.002,0,wrong_paired,3
11,0.002,1,right,15903
11,0.002,1,wrong_alone,1
11,0.002,1,wrong_paired,184
11,0.002,2,right,31783
11,0.002,2,wrong_paired,126
11,0.002,3,right,25257
11,0.002,3,wrong_alone,1
11,0.002,3,wrong_paired,227
11,0.002,4,right,28839
11,0.002,4,wrong_alone,1
11,0.002,4,wrong_paired,188
11,0.002,5,right,21657
11,0.002,5,wrong_alone,1
11,0.002,5,wrong_paired,246
11,0.002,6,right,19068
11,0.002,6,wrong_alone,1
11,0.002,6,wrong_paired,127
11,0.002,7,right,13655
11,0.002,7,wrong_paired,138
11,0.002,8,right,10175
11,0.002,8,wrong_alone,2
11,0.002,8,wrong_paired,80
11,0.002,9,right,6833
11,0.002,9,wrong_paired,78
11,0.002,10,right,4611
11,0.002,10,wrong_paired,54
11,0.002,11,right,2924
11,0.002,11,wrong_paired,34
11,0.002,12,right,1764
11,0.002,12,wrong_paired,19
11,0.002,13,right,1007
11,0.002,13,wrong_paired,13
11,0.002,14,right,614
11,0.002,14,wrong_paired,6
11,0.002,15,right,354
11,0.002,15,wrong_paired,4
11,0.002,16,right,202
11,0.002,16,wrong_paired,3
11,0.002,17,right,143
11,0.002,17,wrong_paired,1
11,0.002,18,right,119
11,0.002,18,wrong_paired,1
11,0.002,19,right,127
11,0.002,19,wrong_paired,1
11,0.002,20,right,149
11,0.002,20,wrong_paired,1
11,0.002,21,right,202
11,0.002,21,wrong_paired,1
11,0.002,22,right,271
11,0.002,22,wrong_paired,1
11,0.002,23,right,378
11,0.002,23,wrong_paired,1
11,0.002,24,right,443
11,0.002,24,wrong_paired,4
11,0.002,24,wrong_partner_unseen,1
11,0.002,25,right,606
11,0.002,25,wrong_paired,5
11,0.002,26,right,759
11,0.002,26,wrong_paired,4
11,0.002,27,right,905
11,0.002,27,wrong_paired,6
11,0.002,27,wrong_partner_unseen,1
11,0.002,28,right,1230
11,0.002,28,wrong_paired,11
11,0.002,28,wrong_partner_unseen,1
11,0.002,29,right,1392
11,0.002,29,wrong_paired,16
11,0.002,29,wrong_partner_unseen,1
11,0.002,30,right,1712
11,0.002,30,wrong_paired,11
11,0.002,30,wrong_partner_unseen,2
11,0.002,31,right,2022
11,0.002,31,wrong_paired,19
11,0.002,31,wrong_partner_unseen,3
11,0.002,32,right,2360
11,0.002,32,wrong_alone,1
11,0.002,32,wrong_paired,17
11,0.002,32,wrong_partner_unseen,3
11,0.002,33,right,2801
11,0.002,33,wrong_paired,21
11,0.002,33,wrong_partner_unseen,2
11,0.002,34,right,3301
11,0.002,34,wrong_paired,28
11,0.002,34,wrong_partner_unseen,3
11,0.002,35,right,3627
11,0.002,35,wrong_paired,34
11,0.002,35,wrong_partner_unseen,3
11,0.002,36,right,4191
11,0.002,36,wrong_paired,47
11,0.002,36,wrong_partner_unseen,7
11,0.002,37,right,4531
11,0.002,37,wrong_alone,1
11,0.002,37,wrong_paired,47
11,0.002,37,wrong_partner_unseen,6
11,0.002,38,right,4895
11,0.002,38,wrong_paired,50
11,0.002,38,wrong_partner_unseen,8
11,0.002,39,right,5447
11,0.002,39,wrong_paired,62
11,0.002,39,wrong_partner_unseen,9
11,0.002,40,right,6076
11,0.002,40,wrong_paired,53
11,0.002,40,wrong_partner_unseen,6
11,0.002,41,right,6274
11,0.002,41,wrong_paired,60
11,0.002,41,wrong_partner_unseen,10
11,0.002,42,right,6684
11,0.002,42,wrong_paired,82
11,0.002,42,wrong_partner_unseen,9
11,0.002,43,right,6992
11,0.002,43,wrong_paired,56
11,0.002,43,wrong_partner_unseen,14
11,0.002,44,right,7438
11,0.002,44,wrong_alone,2
11,0.002,44,wrong_paired,67
11,0.002,44,wrong_partner_unseen,13
11,0.002,45,right,7809
11,0.002,45,wrong_paired,88
11,0.002,45,wrong_partner_unseen,18
11,0.002,46,right,7857
11,0.002,46,wrong_alone,1
11,0.002,46,wrong_paired,88
11,0.002,46,wrong_partner_unseen,17
11,0.002,47,right,8108
11,0.002,47,wrong_alone,1
11,0.002,47,wrong_paired,90
11,0.002,47,wrong_partner_unseen,13
11,0.002,48,right,8270
11,0.002,48,wrong_alone,1
11,0.002,48,wrong_paired,92
11,0.002,48,wrong_partner_unseen,7
11,0.002,49,right,8565
11,0.002,49,wrong_paired,85
11,0.002,49,wrong_partner_unseen,13
11,0.002,50,right,8683
11,0.002,50,wrong_alone,2
11,0.002,50,wrong_paired,91
11,0.002,50,wrong_partner_unseen,15
11,0.002,51,right,8588
11,0.002,51,wrong_paired,113
11,0.002,51,wrong_partner_unseen,8
11,0.002,52,right,8732
11,0.002,52,wrong_paired,105
11,0.002,52,wrong_partner_unseen,12
11,0.002,53,right,8750
11,0.002,53,wrong_alone,1
11,0.002,53,wrong_paired,101
11,0.002,53,wrong_partner_unseen,19
11,0.002,54,right,8835
11,0.002,54,wrong_alone,1
11,0.002,54,wrong_paired,111
11,0.002,54,wrong_partner_unseen,19
11,0.002,55,right,8941
11,0.002,55,wrong_paired,93
11,0.002,55,wrong_partner_unseen,19
11,0.002,56,right,9128
11,0.002,56,wrong_alone,1
11,0.002,56,wrong_paired,106
11,0.002,56,wrong_partner_unseen,18
11,0.002,57,right,9455
11,0.002,57,wrong_alone,1
11,0.002,57,wrong_paired,94
11,0.002,57,wrong_partner_unseen,17
11,0.002,58,right,9458
11,0.002,58,wrong_paired,101
11,0.002,58,wrong_partner_unseen,10
11,0.002,59,right,10005
11,0.002,59,wrong_paired,111
11,0.002,59,wrong_partner_unseen,11
11,0.002,60,right,10509
11,0.002,60,wrong_alone,1
11,0.002,60,wrong_paired,124
11,0.002,60,wrong_partner_unseen,12
11,0.002,61,right,11210
11,0.002,61,wrong_paired,132
11,0.002,61,wrong_partner_unseen,11
11,0.002,62,right,11442
11,0.002,62,wrong_alone,2
11,0.002,62,wrong_paired,114
11,0.002,62,wrong_partner_unseen,8
11,0.002,63,right,12206
11,0.002,63,wrong_paired,128
11,0.002,63,wrong_partner_unseen,13
11,0.002,64,right,12923
11,0.002,64,wrong_paired,134
11,0.002,64,wrong_partner_unseen,9
11,0.002,65,right,13816
11,0.002,65,wrong_alone,1
11,0.002,65,wrong_paired,132
11,0.002,65,wrong_partner_unseen,12
11,0.002,66,right,14855
11,0.002,66,wrong_alone,1
11,0.002,66,wrong_paired,148
11,0.002,66,wrong_partner_unseen,7
11,0.002,67,right,16124
11,0.002,67,wrong_paired,177
11,0.002,67,wrong_partner_unseen,7
11,0.002,68,right,17279
11,0.002,68,wrong_alone,1
11,0.002,68,wrong_paired,203
11,0.002,68,wrong_partner_unseen,7
11,0.002,69,right,18648
11,0.002,69,wrong_alone,1
11,0.002,69,wrong_paired,188
11,0.002,69,wrong_partner_unseen,3
11,0.002,70,right,19958
11,0.002,70,wrong_paired,208
11,0.002,70,wrong_partner_unseen,6
11,0.002,71,right,21491
11,0.002,71,wrong_alone,2
11,0.002,71,wrong_paired,224
11,0.002,71,wrong_partner_unseen,10
11,0.002,72,right,22964
11,0.002,72,wrong_alone,1
11,0.002,72,wrong_paired,249
11,0.002,72,wrong_partner_unseen,6
11,0.002,73,right,24356
11,0.002,73,wrong_alone,3
11,0.002,73,wrong_paired,260
11,0.002,73,wrong_partner_unseen,7
11,0.002,74,right,25706
11,0.002,74,wrong_alone,3
11,0.002,74,wrong_paired,343
11,0.002,74,wrong_partner_unseen,6
11,0.002,75,right,26998
11,0.002,75,wrong_alone,1
11,0.002,75,wrong_paired,311
11,0.002,75,wrong_partner_unseen,8
11,0.002,76,right,28801
11,0.002,76,wrong_paired,339
11,0.002,76,wrong_partner_unseen,6
11,0.002,77,right,30189
11,0.002,77,wrong_paired,366
11,0.002,77,wrong_partner_unseen,9
11,0.002,78,right,31555
11,0.002,78,wrong_alone,1
11,0.002,78,wrong_paired,377
11,0.002,78,wrong_partner_unseen,13
11,0.002,79,right,32465
11,0.002,79,wrong_alone,1
11,0.002,79,wrong_paired,402
11,0.002,79,wrong_partner_unseen,5
11,0.002,80,right,33516
11,0.002,80,wrong_alone,2
11,0.002,80,wrong_paired,403
11,0.002,80,wrong_partner_unseen,6
11,0.002,81,right,34788
11,0.002,81,wrong_alone,3
11,0.002,81,wrong_paired,411
11,0.002,81,wrong_partner_unseen,5
11,0.002,82,right,35603
11,0.002,82,wrong_alone,1
11,0.002,82,wrong_paired,442
11,0.002,82,wrong_partner_unseen,8
11,0.002,83,right,36438
11,0.002,83,wrong_alone,1
11,0.002,83,wrong_paired,446
11,0.002,83,wrong_partner_unseen,7
11,0.002,84,right,36654
11,0.002,84,wrong_alone,3
11,0.002,84,wrong_paired,440
11,0.002,84,wrong_partner_unseen,10
11,0.002,85,right,37329
11,0.002,85,wrong_alone,1
11,0.002,85,wrong_paired,486
11,0.002,85,wrong_partner_unseen,13
11,0.002,86,right,38324
11,0.002,86,wrong_alone,2
11,0.002,86,wrong_paired,497
11,0.002,86,wrong_partner_unseen,7
11,0.002,87,right,37814
11,0.002,87,wrong_alone,2
11,0.002,87,wrong_paired,501
11,0.002,87,wrong_partner_unseen,3
11,0.002,88,right,37908
11,0.002,88,wrong_alone,3
11,0.002,88,wrong_paired,533
11,0.002,88,wrong_partner_unseen,6
11,0.002,89,right,37938
11,0.002,89,wrong_alone,1
11,0.002,89,wrong_paired,502
11,0.002,89,wrong_partner_unseen,14
11,0.002,90,right,37054
11,0.002,90,wrong_alone,2
11,0.002,90,wrong_paired,492
11,0.002,90,wrong_partner_unseen,12
11,0.002,91,right,37143
11,0.002,91,wrong_alone,2
11,0.002,91,wrong_paired,571
11,0.002,91,wrong_partner_unseen,13
11,0.002,92,right,36356
11,0.002,92,wrong_alone,3
11,0.002,92,wrong_paired,470
11,0.002,92,wrong_partner_unseen,11
11,0.002,93,right,35771
11,0.002,93,wrong_alone,1
11,0.002,93,wrong_paired,515
11,0.002,93,wrong_partner_unseen,6
11,0.002,94,right,34257
11,0.002,94,wrong_alone,3
11,0.002,94,wrong_paired,503
11,0.002,94,wrong_partner_unseen,7
11,0.002,95,right,33714
11,0.002,95,wrong_alone,3
11,0.002,95,wrong_paired,508
11,0.002,95,wrong_partner_unseen,10
11,0.002,96,right,32977
11,0.002,96,wrong_alone,3
11,0.002,96,wrong_paired,420
11,0.002,96,wrong_partner_unseen,13
11,0.002,97,right,31422
11,0.002,97,wrong_alone,1
11,0.002,97,wrong_paired,426
11,0.002,97,wrong_partner_unseen,14
11,0.002,98,right,30055
11,0.002,98,wrong_alone,3
11,0.002,98,wrong_paired,442
11,0.002,98,wrong_partner_unseen,11
11,0.002,99,right,29095
11,0.002,99,wrong_alone,5
11,0.002,99,wrong_paired,406
11,0.002,99,wrong_partner_unseen,19
11,0.002,100,right,27807
11,0.002,100,wrong_alone,4
11,0.002,100,wrong_paired,421
11,0.002,100,wrong_partner_unseen,10
11,0.002,101,right,26262
11,0.002,101,wrong_alone,1
11,0.002,101,wrong_paired,394
11,0.002,101,wrong_partner_unseen,22
11,0.002,102,right,24946
11,0.002,102,wrong_alone,5
11,0.002,102,wrong_paired,388
11,0.002,102,wrong_partner_unseen,18
11,0.002,103,right,23749
11,0.002,103,wrong_alone,4
11,0.002,103,wrong_paired,347
11,0.002,103,wrong_partner_unseen,19
11,0.002,104,right,22267
11,0.002,104,wrong_alone,3
11,0.002,104,wrong_paired,306
11,0.002,104,wrong_partner_unseen,14
11,0.002,105,right,21039
11,0.002,105,wrong_alone,5
11,0.002,105,wrong_paired,292
11,0.002,105,wrong_partner_unseen,24
11,0.002,106,right,19646
11,0.002,106,wrong_alone,5
11,0.002,106,wrong_paired,299
11,0.002,106,wrong_partner_unseen,11
11,0.002,107,right,18653
11,0.002,107,wrong_paired,283
11,0.002,107,wrong_partner_unseen,18
11,0.002,108,right,17239
11,0.002,108,wrong_alone,2
11,0.002,108,wrong_paired,263
11,0.002,108,wrong_partner_unseen,16
11,0.002,109,right,15958
11,0.002,109,wrong_alone,1
11,0.002,109,wrong_paired,241
11,0.002,109,wrong_partner_unseen,27
11,0.002,110,right,14813
11,0.002,110,wrong_alone,4
11,0.002,110,wrong_paired,237
11,0.002,110,wrong_partner_unseen,22
11,0.002,111,right,13965
11,0.002,111,wrong_alone,1
11,0.002,111,wrong_paired,199
11,0.002,111,wrong_partner_unseen,16
11,0.002,112,right,12927
11,0.002,112,wrong_alone,1
11,0.002,112,wrong_paired,184
11,0.002,112,wrong_partner_unseen,17
11,0.002,113,right,12104
11,0.002,113,wrong_alone,1
11,0.002,113,wrong_paired,172
11,0.002,113,wrong_partner_unseen,20
11,0.002,114,right,11142
11,0.002,114,wrong_alone,4
11,0.002,114,wrong_paired,176
11,0.002,114,wrong_partner_unseen,19
11,0.002,115,right,10270
11,0.002,115,wrong_paired,166
11,0.002,115,wrong_partner_unseen,24
11,0.002,116,right,9463
11,0.002,116,wrong_paired,123
11,0.002,116,wrong_partner_unseen,25
11,0.002,117,right,9051
11,0.002,117,wrong_alone,1
11,0.002,117,wrong_paired,136
11,0.002,117,wrong_partner_unseen,13
11,0.002,118,right,8276
11,0.002,118,wrong_alone,2
11,0.002,118,wrong_paired,106
11,0.002,118,wrong_partner_unseen,24
11,0.002,119,right,7821
11,0.002,119,wrong_alone,1
11,0.002,119,wrong_paired,99
11,0.002,119,wrong_partner_unseen,26
11,0.002,120,right,7224
11,0.002,120,wrong_paired,102
11,0.002,120,wrong_partner_unseen,23
11,0.002,121,right,6975
11,0.002,121,wrong_paired,91
11,0.002,121,wrong_partner_unseen,28
11,0.002,122,right,6418
11,0.002,122,wrong_alone,1
11,0.002,122,wrong_paired,90
11,0.002,122,wrong_partner_unseen,27
11,0.002,123,right,6199
11,0.002,123,wrong_alone,1
11,0.002,123,wrong_paired,117
11,0.002,123,wrong_partner_unseen,22
11,0.002,124,right,5785
11,0.002,124,wrong_paired,83
11,0.002,124,wrong_partner_unseen,29
11,0.002,125,right,5526
11,0.002,125,wrong_paired,73
11,0.002,125,wrong_partner_unseen,21
11,0.002,126,right,5335
11,0.002,126,wrong_paired,65
11,0.002,126,wrong_partner_unseen,33
11,0.002,127,right,5160
11,0.002,127,wrong_paired,63
11,0.002,127,wrong_partner_unseen,29
11,0.002,128,right,5077
11,0.002,128,wrong_paired,56
11,0.002,128,wrong_partner_unseen,29
11,0.002,129,right,4810
11,0.002,129,wrong_paired,58
11,0.002,129,wrong_partner_unseen,30
11,0.002,130,right,4647
11,0.002,130,wrong_paired,57
11,0.002,130,wrong_partner_unseen,30
11,0.002,131,right,4507
11,0.002,131,wrong_paired,61
11,0.002,131,wrong_partner_unseen,35
11,0.002,132,right,4390
11,0.002,132,wrong_paired,51
11,0.002,132,wrong_partner_unseen,31
11,0.002,133,right,4351
11,0.002,133,wrong_paired,49
11,0.002,133,wrong_partner_unseen,38
11,0.002,134,right,4116
11,0.002,134,wrong_paired,42
11,0.002,134,wrong_partner_unseen,34
11,0.002,135,right,4054
11,0.002,135,wrong_paired,34
11,0.002,135,wrong_partner_unseen,37
11,0.002,136,right,4019
11,0.002,136,wrong_paired,41
11,0.002,136,wrong_partner_unseen,30
11,0.002,137,right,3963
11,0.002,137,wrong_paired,43
11,0.002,137,wrong_partner_unseen,43
11,0.002,138,right,3746
11,0.002,138,wrong_paired,42
11,0.002,138,wrong_partner_unseen,34
11,0.002,139,right,3710
11,0.002,139,wrong_paired,38
11,0.002,139,wrong_partner_unseen,35
11,0.002,140,right,3605
11,0.002,140,wrong_paired,41
11,0.002,140,wrong_partner_unseen,44
11,0.002,141,right,3518
11,0.002,141,wrong_paired,35
11,0.002,141,wrong_partner_unseen,25
11,0.002,142,right,3374
11,0.002,142,wrong_paired,31
11,0.002,142,wrong_partner_unseen,38
11,0.002,143,right,3290
11,0.002,143,wrong_paired,38
11,0.002,143,wrong_partner_unseen,33
11,0.002,144,right,3201
11,0.002,144,wrong_paired,31
11,0.002,144,wrong_partner_unseen,31
11,0.002,145,right,3079
11,0.002,145,wrong_paired,38
11,0.002,145,wrong_partner_unseen,36
11,0.002,146,right,3017
11,0.002,146,wrong_paired,32
11,0.002,146,wrong_partner_unseen,26
11,0.002,147,right,2829
11,0.002,147,wrong_paired,33
11,0.002,147,wrong_partner_unseen,29
11,0.002,148,right,2710
11,0.002,148,wrong_paired,34
11,0.002,148,wrong_partner_unseen,28
11,0.002,149,right,2686
11,0.002,149,wrong_paired,34
11,0.002,149,wrong_partner_unseen,25
11,0.002,150,right,2534
11,0.002,150,wrong_paired,23
11,0.002,150,wrong_partner_unseen,22
11,0.002,151,right,2509
11,0.002,151,wrong_paired,32
11,0.002,151,wrong_partner_unseen,21
11,0.002,152,right,2325
11,0.002,152,wrong_paired,31
11,0.002,152,wrong_partner_unseen,32
11,0.002,153,right,2230
11,0.002,153,wrong_paired,28
11,0.002,153,wrong_partner_unseen,21
11,0.002,154,right,2034
11,0.002,154,wrong_paired,24
11,0.002,154,wrong_partner_unseen,19
11,0.002,155,right,2013
11,0.002,155,wrong_paired,30
11,0.002,155,wrong_partner_unseen,21
11,0.002,156,right,1929
11,0.002,156,wrong_paired,14
11,0.002,156,wrong_partner_unseen,27
11,0.002,157,right,1735
11,0.002,157,wrong_paired,23
11,0.002,157,wrong_partner_unseen,21
11,0.002,158,right,1624
11,0.002,158,wrong_paired,20
11,0.002,158,wrong_partner_unseen,20
11,0.002,159,right,1590
11,0.002,159,wrong_paired,20
11,0.002,159,wrong_partner_unseen,13
11,0.002,160,right,1511
11,0.002,160,wrong_paired,24
11,0.002,160,wrong_partner_unseen,24
11,0.002,161,right,1385
11,0.002,161,wrong_paired,18
11,0.002,161,wrong_partner_unseen,11
11,0.002,162,right,1173
11,0.002,162,wrong_paired,16
11,0.002,162,wrong_partner_unseen,11
11,0.002,163,right,1202
11,0.002,163,wrong_paired,18
11,0.002,163,wrong_partner_unseen,12
11,0.002,164,right,1000
11,0.002,164,wrong_paired,12
11,0.002,164,wrong_partner_unseen,14
11,0.002,165,right,997
11,0.002,165,wrong_paired,6
11,0.002,165,wrong_partner_unseen,3
11,0.002,166,right,966
11,0.002,166,wrong_paired,10
11,0.002,166,wrong_partner_unseen,9
11,0.002,167,right,856
11,0.002,167,wrong_paired,11
11,0.002,167,wrong_partner_unseen,3
11,0.002,168,right,813
11,0.002,168,wrong_paired,12
11,0.002,168,wrong_partner_unseen,9
11,0.002,169,right,728
11,0.002,169,wrong_paired,10
11,0.002,169,wrong_partner_unseen,7
11,0.002,170,right,648
11,0.002,170,wrong_paired,8
11,0.002,170,wrong_partner_unseen,5
11,0.002,171,right,640
11,0.002,171,wrong_paired,6
11,0.002,171,wrong_partner_unseen,4
11,0.002,172,right,518
11,0.002,172,wrong_paired,9
11,0.002,172,wrong_partner_unseen,10
11,0.002,173,right,524
11,0.002,173,wrong_paired,8
11,0.002,173,wrong_partner_unseen,12
11,0.002,174,right,447
11,0.002,174,wrong_paired,3
11,0.002,174,wrong_partner_unseen,7
11,0.002,175,right,382
11,0.002,175,wrong_paired,4
11,0.002,175,wrong_partner_unseen,6
11,0.002,176,right,374
11,0.002,176,wrong_paired,2
11,0.002,176,wrong_partner_unseen,8
11,0.002,177,right,312
11,0.002,177,wrong_paired,2
11,0.002,177,wrong_partner_unseen,5
11,0.002,178,right,281
11,0.002,178,wrong_paired,6
11,0.002,178,wrong_partner_unseen,5
11,0.002,179,right,262
11,0.002,179,wrong_paired,6
11,0.002,179,wrong_partner_unseen,3
11,0.002,180,right,235
11,0.002,180,wrong_paired,6
11,0.002,180,wrong_partner_unseen,4
11,0.002,181,right,206
11,0.002,181,wrong_paired,4
11,0.002,181,wrong_partner_unseen,2
11,0.002,182,right,207
11,0.002,182,wrong_paired,1
11,0.002,182,wrong_partner_unseen,2
11,0.002,183,right,188
11,0.002,183,wrong_paired,2
11,0.002,183,wrong_partner_unseen,3
11,0.002,184,right,155
11,0.002,184,wrong_paired,3
11,0.002,184,wrong_partner_unseen,3
11,0.002,185,right,130
11,0.002,185,wrong_paired,2
11,0.002,185,wrong_partner_unseen,2
11,0.002,186,right,112
11,0.002,186,wrong_paired,4
11,0.002,187,right,102
11,0.002,188,right,98
11,0.002,188,wrong_partner_unseen,2
11,0.002,189,right,68
11,0.002,189,wrong_paired,2
11,0.002,189,wrong_partner_unseen,1
11,0.002,190,right,51
11,0.002,190,wrong_partner_unseen,1
11,0.002,191,right,56
11,0.002,191,wrong_partner_unseen,1
11,0.002,192,right,46
11,0.002,192,wrong_partner_unseen,2
11,0.002,193,right,44
11,0.002,193,wrong_paired,1
11,0.002,194,right,40
11,0.002,194,wrong_paired,3
11,0.002,195,right,24
11,0.002,195,wrong_partner_unseen,1
11,0.002,196,right,24
11,0.002,196,wrong_paired,2
11,0.002,197,right,20
11,0.002,197,wrong_partner_unseen,1
11,0.002,198,right,24
11,0.002,199,right,19
11,0.002,199,wrong_paired,1
11,0.002,200,right,13
11,0.002,200,wrong_partner_unseen,2
11,0.002,201,right,15
11,0.002,202,right,15
11,0.002,203,right,11
11,0.002,204,right,9
11,0.002,205,right,4
11,0.002,206,right,4
11,0.002,207,right,9
11,0.002,207,wrong_paired,1
11,0.002,208,right,8
11,0.002,209,right,6
11,0.002,209,wrong_partner_unseen,1
11,0.002,210,right,1
11,0.002,211,right,5
11,0.002,213,right,2
11,0.002,214,right,1
11,0.002,215,right,2
11,0.002,217,right,2
11,0.002,218,right,1
11,0.002,222,wrong_partner_unseen,1
11,0.002,224,right,1
11,0.002,227,right,1
11,0.003,0,right,524
11,0.003,1,right,538
11,0.003,1,wrong_paired,8
11,0.003,2,right,1083
11,0.003,2,wrong_alone,1
11,0.003,2,wrong_paired,5
11,0.003,3,right,1184
11,0.003,3,wrong_alone,1
11,0.003,3,wrong_paired,15
11,0.003,4,right,1537
11,0.003,4,wrong_paired,17
11,0.003,5,right,1444
11,0.003,5,wrong_paired,20
11,0.003,6,right,1506
11,0.003,6,wrong_alone,2
11,0.003,6,wrong_paired,14
11,0.003,7,right,1275
11,0.003,7,wrong_paired,12
11,0.003,8,right,1159
11,0.003,8,wrong_paired,10
11,0.003,9,right,885
11,0.003,9,wrong_paired,10
11,0.003,10,right,640
11,0.003,10,wrong_paired,14
11,0.003,11,right,530
11,0.003,11,wrong_paired,9
11,0.003,12,right,380
11,0.003,12,wrong_paired,8
11,0.003,13,right,250
11,0.003,13,wrong_alone,1
11,0.003,13,wrong_paired,1
11,0.003,14,right,157
11,0.003,14,wrong_paired,4
11,0.003,15,right,104
11,0.003,15,wrong_paired,2
11,0.003,16,right,81
11,0.003,16,wrong_paired,1
11,0.003,17,right,46
11,0.003,18,right,23
11,0.003,19,right,20
11,0.003,20,right,10
11,0.003,21,right,4
11,0.003,22,right,4
11,0.003,22,wrong_paired,1
11,0.003,23,right,3
11,0.003,24,right,1
11,0.003,26,right,1
11,0.003,28,right,1
11,0.003,29,right,1
11,0.003,30,right,1
11,0.003,31,right,1
11,0.003,32,right,2
11,0.003,33,right,4
11,0.003,34,right,4
11,0.003,35,right,7
11,0.003,36,right,7
11,0.003,37,right,9
11,0.003,38,right,7
11,0.003,39,right,10
11,0.003,40,right,13
11,0.003,41,right,17
11,0.003,41,wrong_partner_unseen,1
11,0.003,42,right,33
11,0.003,43,right,27
11,0.003,44,right,35
11,0.003,45,right,39
11,0.003,45,wrong_paired,1
11,0.003,46,right,49
11,0.003,46,wrong_paired,1
11,0.003,47,right,61
11,0.003,47,wrong_paired,1
11,0.003,48,right,72
11,0.003,48,wrong_paired,1
11,0.003,49,right,94
11,0.003,50,right,104
11,0.003,50,wrong_paired,1
11,0.003,51,right,118
11,0.003,51,wrong_paired,3
11,0.003,51,wrong_partner_unseen,1
11,0.003,52,right,143
11,0.003,52,wrong_paired,1
11,0.003,53,right,147
11,0.003,53,wrong_partner_unseen,1
11,0.003,54,right,179
11,0.003,54,wrong_paired,3
11,0.003,55,right,199
11,0.003,55,wrong_paired,4
11,0.003,56,right,211
11,0.003,56,wrong_paired,2
11,0.003,57,right,227
11,0.003,57,wrong_paired,3
11,0.003,58,right,277
11,0.003,58,wrong_paired,3
11,0.003,59,right,260
11,0.003,59,wrong_paired,6
11,0.003,59,wrong_partner_unseen,1
11,0.003,60,right,304
11,0.003,60,wrong_paired,5
11,0.003,61,right,333
11,0.003,61,wrong_paired,2
11,0.003,61,wrong_partner_unseen,2
11,0.003,62,right,350
11,0.003,62,wrong_paired,5
11,0.003,62,wrong_partner_unseen,1
11,0.003,63,right,364
11,0.003,63,wrong_paired,3
11,0.003,63,wrong_partner_unseen,2
11,0.003,64,right,383
11,0.003,64,wrong_paired,5
11,0.003,64,wrong_partner_unseen,2
11,0.003,65,right,383
11,0.003,65,wrong_paired,2
11,0.003,65,wrong_partner_unseen,1
11,0.003,66,right,419
11,0.003,66,wrong_paired,5
11,0.003,66,wrong_partner_unseen,2
11,0.003,67,right,433
11,0.003,67,wrong_paired,11
11,0.003,67,wrong_partner_unseen,2
11,0.003,68,right,447
11,0.003,68,wrong_paired,4
11,0.003,68,wrong_partner_unseen,2
11,0.003,69,right,442
11,0.003,69,wrong_alone,1
11,0.003,69,wrong_paired,4
11,0.003,70,right,476
11,0.003,70,wrong_paired,4
11,0.003,70,wrong_partner_unseen,5
11,0.003,71,right,430
11,0.003,71,wrong_paired,7
11,0.003,71,wrong_partner_unseen,2
11,0.003,72,right,452
11,0.003,72,wrong_paired,8
11,0.003,72,wrong_partner_unseen,2
11,0.003,73,right,471
11,0.003,73,wrong_paired,8
11,0.003,73,wrong_partner_unseen,2
11,0.003,74,right,426
11,0.003,74,wrong_paired,10
11,0.003,75,right,436
11,0.003,75,wrong_paired,8
11,0.003,75,wrong_partner_unseen,4
11,0.003,76,right,435
11,0.003,76,wrong_paired,12
11,0.003,76,wrong_partner_unseen,1
11,0.003,77,right,441
11,0.003,77,wrong_paired,8
11,0.003,77,wrong_partner_unseen,1
11,0.003,78,right,431
11,0.003,78,wrong_paired,7
11,0.003,78,wrong_partner_unseen,2
11,0.003,79,right,401
11,0.003,79,wrong_paired,5
11,0.003,79,wrong_partner_unseen,1
11,0.003,80,right,436
11,0.003,80,wrong_paired,7
11,0.003,80,wrong_partner_unseen,6
11,0.003,81,right,346
11,0.003,81,wrong_paired,9
11,0.003,81,wrong_partner_unseen,1
11,0.003,82,right,361
11,0.003,82,wrong_paired,4
11,0.003,82,wrong_partner_unseen,5
11,0.003,83,right,359
11,0.003,83,wrong_paired,6
11,0.003,83,wrong_partner_unseen,2
11,0.003,84,right,345
11,0.003,84,wrong_alone,1
11,0.003,84,wrong_paired,8
11,0.003,84,wrong_partner_unseen,2
11,0.003,85,right,335
11,0.003,85,wrong_paired,4
11,0.003,85,wrong_partner_unseen,2
11,0.003,86,right,307
11,0.003,86,wrong_paired,1
11,0.003,87,right,323
11,0.003,87,wrong_paired,5
11,0.003,87,wrong_partner_unseen,1
11,0.003,88,right,326
11,0.003,88,wrong_paired,9
11,0.003,88,wrong_partner_unseen,4
11,0.003,89,right,309
11,0.003,89,wrong_alone,1
11,0.003,89,wrong_paired,3
11,0.003,89,wrong_partner_unseen,1
11,0.003,90,right,326
11,0.003,90,wrong_alone,1
11,0.003,90,wrong_paired,2
11,0.003,90,wrong_partner_unseen,2
11,0.003,91,right,302
11,0.003,91,wrong_paired,5
11,0.003,91,wrong_partner_unseen,2
11,0.003,92,right,319
11,0.003,92,wrong_paired,5
11,0.003,93,right,341
11,0.003,93,wrong_paired,9
11,0.003,93,wrong_partner_unseen,2
11,0.003,94,right,374
11,0.003,94,wrong_paired,3
11,0.003,94,wrong_partner_unseen,1
11,0.003,95,right,337
11,0.003,95,wrong_alone,1
11,0.003,95,wrong_paired,8
11,0.003,95,wrong_partner_unseen,1
11,0.003,96,right,418
11,0.003,96,wrong_paired,7
11,0.003,96,wrong_partner_unseen,5
11,0.003,97,right,399
11,0.003,97,wrong_paired,12
11,0.003,97,wrong_partner_unseen,1
11,0.003,98,right,436
11,0.003,98,wrong_paired,7
11,0.003,99,right,433
11,0.003,99,wrong_alone,1
11,0.003,99,wrong_paired,6
11,0.003,99,wrong_partner_unseen,1
11,0.003,100,right,516
11,0.003,100,wrong_paired,11
11,0.003,100,wrong_partner_unseen,1
11,0.003,101,right,547
11,0.003,101,wrong_paired,10
11,0.003,102,right,591
11,0.003,102,wrong_paired,10
11,0.003,103,right,585
11,0.003,103,wrong_paired,8
11,0.003,103,wrong_partner_unseen,1
11,0.003,104,right,703
11,0.003,104,wrong_paired,10
11,0.003,105,right,711
11,0.003,105,wrong_paired,12
11,0.003,106,right,779
11,0.003,106,wrong_paired,24
11,0.003,107,right,813
11,0.003,107,wrong_paired,20
11,0.003,108,right,906
11,0.003,108,wrong_paired,14
11,0.003,109,right,975
11,0.003,109,wrong_paired,17
11,0.003,110,right,1022
11,0.003,110,wrong_paired,14
11,0.003,111,right,1086
11,0.003,111,wrong_paired,18
11,0.003,112,right,1127
11,0.003,112,wrong_paired,17
11,0.003,112,wrong_partner_unseen,1
11,0.003,113,right,1235
11,0.003,113,wrong_paired,27
11,0.003,114,right,1305
11,0.003,114,wrong_paired,23
11,0.003,115,right,1354
11,0.003,115,wrong_paired,27
11,0.003,116,right,1414
11,0.003,116,wrong_paired,21
11,0.003,117,right,1449
11,0.003,117,wrong_paired,25
11,0.003,118,right,1579
11,0.003,118,wrong_paired,36
11,0.003,118,wrong_partner_unseen,1
11,0.003,119,right,1600
11,0.003,119,wrong_alone,1
11,0.003,119,wrong_paired,27
11,0.003,119,wrong_partner_unseen,1
11,0.003,120,right,1695
11,0.003,120,wrong_paired,29
11,0.003,121,right,1642
11,0.003,121,wrong_paired,36
11,0.003,122,right,1740
11,0.003,122,wrong_paired,32
11,0.003,123,right,1770
11,0.003,123,wrong_alone,1
11,0.003,123,wrong_paired,30
11,0.003,124,right,1812
11,0.003,124,wrong_paired,42
11,0.003,124,wrong_partner_unseen,1
11,0.003,125,right,1833
11,0.003,125,wrong_alone,1
11,0.003,125,wrong_paired,46
11,0.003,125,wrong_partner_unseen,1
11,0.003,126,right,1891
11,0.003,126,wrong_alone,2
11,0.003,126,wrong_paired,44
11,0.003,126,wrong_partner_unseen,1
11,0.003,127,right,1897
11,0.003,127,wrong_paired,36
11,0.003,128,right,1903
11,0.003,128,wrong_paired,41
11,0.003,128,wrong_partner_unseen,2
11,0.003,129,right,1901
11,0.003,129,wrong_alone,2
11,0.003,129,wrong_paired,31
11,0.003,130,right,1924
11,0.003,130,wrong_paired,36
11,0.003,130,wrong_partner_unseen,1
11,0.003,131,right,1888
11,0.003,131,wrong_alone,1
11,0.003,131,wrong_paired,53
11,0.003,131,wrong_partner_unseen,1
11,0.003,132,right,1899
11,0.003,132,wrong_paired,34
11,0.003,132,wrong_partner_unseen,2
11,0.003,133,right,1860
11,0.003,133,wrong_paired,44
11,0.003,133,wrong_partner_unseen,3
11,0.003,134,right,1753
11,0.003,134,wrong_paired,36
11,0.003,135,right,1823
11,0.003,135,wrong_paired,44
11,0.003,135,wrong_partner_unseen,2
11,0.003,136,right,1740
11,0.003,136,wrong_paired,28
11,0.003,136,wrong_partner_unseen,1
11,0.003,137,right,1754
11,0.003,137,wrong_paired,49
11,0.003,137,wrong_partner_unseen,1
11,0.003,138,right,1663
11,0.003,138,wrong_paired,41
11,0.003,138,wrong_partner_unseen,2
11,0.003,139,right,1575
11,0.003,139,wrong_alone,1
11,0.003,139,wrong_paired,37
11,0.003,139,wrong_partner_unseen,2
11,0.003,140,right,1572
11,0.003,140,wrong_alone,1
11,0.003,140,wrong_paired,40
11,0.003,140,wrong_partner_unseen,3
11,0.003,141,right,1509
11,0.003,141,wrong_paired,38
11,0.003,141,wrong_partner_unseen,4
11,0.003,142,right,1517
11,0.003,142,wrong_paired,43
11,0.003,142,wrong_partner_unseen,2
11,0.003,143,right,1396
11,0.003,143,wrong_paired,34
11,0.003,143,wrong_partner_unseen,3
11,0.003,144,right,1402
11,0.003,144,wrong_paired,45
11,0.003,145,right,1310
11,0.003,145,wrong_paired,25
11,0.003,145,wrong_partner_unseen,2
11,0.003,146,right,1269
11,0.003,146,wrong_paired,31
11,0.003,146,wrong_partner_unseen,2
11,0.003,147,right,1185
11,0.003,147,wrong_paired,32
11,0.003,147,wrong_partner_unseen,1
11,0.003,148,right,1139
11,0.003,148,wrong_alone,1
11,0.003,148,wrong_paired,27
11,0.003,149,right,1119
11,0.003,149,wrong_paired,31
11,0.003,149,wrong_partner_unseen,1
11,0.003,150,right,1036
11,0.003,150,wrong_paired,26
11,0.003,150,wrong_partner_unseen,1
11,0.003,151,right,975
11,0.003,151,wrong_paired,28
11,0.003,151,wrong_partner_unseen,1
11,0.003,152,right,897
11,0.003,152,wrong_paired,16
11,0.003,152,wrong_partner_unseen,1
11,0.003,153,right,869
11,0.003,153,wrong_paired,28
11,0.003,153,wrong_partner_unseen,3
11,0.003,154,right,804
11,0.003,154,wrong_paired,20
11,0.003,154,wrong_partner_unseen,3
11,0.003,155,right,735
11,0.003,155,wrong_paired,15
11,0.003,155,wrong_partner_unseen,3
11,0.003,156,right,730
11,0.003,156,wrong_paired,14
11,0.003,156,wrong_partner_unseen,2
11,0.003,157,right,703
11,0.003,157,wrong_paired,10
11,0.003,157,wrong_partner_unseen,2
11,0.003,158,right,620
11,0.003,158,wrong_paired,11
11,0.003,158,wrong_partner_unseen,1
11,0.003,159,right,591
11,0.003,159,wrong_paired,10
11,0.003,159,wrong_partner_unseen,2
11,0.003,160,right,550
11,0.003,160,wrong_paired,8
11,0.003,160,wrong_partner_unseen,2
11,0.003,161,right,464
11,0.003,161,wrong_alone,1
11,0.003,161,wrong_paired,18
11,0.003,162,right,490
11,0.003,162,wrong_paired,11
11,0.003,162,wrong_partner_unseen,2
11,0.003,163,right,427
11,0.003,163,wrong_paired,8
11,0.003,163,wrong_partner_unseen,1
11,0.003,164,right,424
11,0.003,164,wrong_paired,9
11,0.003,164,wrong_partner_unseen,2
11,0.003,165,right,391
11,0.003,165,wrong_paired,9
11,0.003,165,wrong_partner_unseen,3
11,0.003,166,right,381
11,0.003,166,wrong_paired,14
11,0.003,166,wrong_partner_unseen,1
11,0.003,167,right,327
11,0.003,167,wrong_paired,5
11,0.003,167,wrong_partner_unseen,1
11,0.003,168,right,323
11,0.003,168,wrong_paired,8
11,0.003,168,wrong_partner_unseen,3
11,0.003,169,right,289
11,0.003,169,wrong_paired,10
11,0.003,169,wrong_partner_unseen,1
11,0.003,170,right,294
11,0.003,170,wrong_paired,5
11,0.003,171,right,282
11,0.003,171,wrong_paired,6
11,0.003,171,wrong_partner_unseen,2
11,0.003,172,right,273
11,0.003,172,wrong_paired,6
11,0.003,172,wrong_partner_unseen,4
11,0.003,173,right,249
11,0.003,173,wrong_paired,5
11,0.003,173,wrong_partner_unseen,4
11,0.003,174,right,251
11,0.003,174,wrong_paired,3
11,0.003,174,wrong_partner_unseen,3
11,0.003,175,right,276
11,0.003,175,wrong_paired,5
11,0.003,175,wrong_partner_unseen,4
11,0.003,176,right,248
11,0.003,176,wrong_paired,9
11,0.003,176,wrong_partner_unseen,3
11,0.003,177,right,262
11,0.003,177,wrong_paired,10
11,0.003,178,right,232
11,0.003,178,wrong_paired,3
11,0.003,178,wrong_partner_unseen,4
11,0.003,179,right,257
11,0.003,179,wrong_paired,5
11,0.003,179,wrong_partner_unseen,2
11,0.003,180,right,221
11,0.003,180,wrong_partner_unseen,5
11,0.003,181,right,245
11,0.003,181,wrong_paired,3
11,0.003,181,wrong_partner_unseen,2
11,0.003,182,right,240
11,0.003,182,wrong_paired,2
11,0.003,182,wrong_partner_unseen,1
11,0.003,183,right,243
11,0.003,183,wrong_paired,5
11,0.003,183,wrong_partner_unseen,3
11,0.003,184,right,258
11,0.003,184,wrong_paired,4
11,0.003,184,wrong_partner_unseen,1
11,0.003,185,right,249
11,0.003,185,wrong_paired,8
11,0.003,185,wrong_partner_unseen,4
11,0.003,186,right,246
11,0.003,186,wrong_paired,1
11,0.003,186,wrong_partner_unseen,3
11,0.003,187,right,260
11,0.003,187,wrong_paired,2
11,0.003,187,wrong_partner_unseen,2
11,0.003,188,right,259
11,0.003,188,wrong_paired,3
11,0.003,188,wrong_partner_unseen,6
11,0.003,189,right,240
11,0.003,189,wrong_paired,6
11,0.003,189,wrong_partner_unseen,2
11,0.003,190,right,260
11,0.003,190,wrong_paired,4
11,0.003,190,wrong_partner_unseen,4
11,0.003,191,right,277
11,0.003,191,wrong_paired,5
11,0.003,191,wrong_partner_unseen,1
11,0.003,192,right,273
11,0.003,192,wrong_paired,1
11,0.003,192,wrong_partner_unseen,4
11,0.003,193,right,266
11,0.003,193,wrong_paired,1
11,0.003,193,wrong_partner_unseen,9
11,0.003,194,right,267
11,0.003,194,wrong_paired,2
11,0.003,194,wrong_partner_unseen,4
11,0.003,195,right,267
11,0.003,195,wrong_paired,2
11,0.003,195,wrong_partner_unseen,4
11,0.003,196,right,249
11,0.003,196,wrong_paired,2
11,0.003,196,wrong_partner_unseen,4
11,0.003,197,right,286
11,0.003,197,wrong_paired,2
11,0.003,197,wrong_partner_unseen,3
11,0.003,198,right,273
11,0.003,198,wrong_paired,4
11,0.003,198,wrong_partner_unseen,4
11,0.003,199,right,259
11,0.003,199,wrong_paired,10
11,0.003,199,wrong_partner_unseen,7
11,0.003,200,right,293
11,0.003,200,wrong_paired,6
11,0.003,200,wrong_partner_unseen,5
11,0.003,201,right,231
11,0.003,201,wrong_paired,6
11,0.003,201,wrong_partner_unseen,4
11,0.003,202,right,252
11,0.003,202,wrong_paired,4
11,0.003,202,wrong_partner_unseen,6
11,0.003,203,right,260
11,0.003,203,wrong_paired,5
11,0.003,203,wrong_partner_unseen,10
11,0.003,204,right,263
11,0.003,204,wrong_paired,3
11,0.003,204,wrong_partner_unseen,1
11,0.003,205,right,258
11,0.003,205,wrong_paired,4
11,0.003,205,wrong_partner_unseen,8
11,0.003,206,right,257
11,0.003,206,wrong_partner_unseen,5
11,0.003,207,right,262
11,0.003,207,wrong_paired,4
11,0.003,207,wrong_partner_unseen,10
11,0.003,208,right,241
11,0.003,208,wrong_paired,2
11,0.003,208,wrong_partner_unseen,4
11,0.003,209,right,211
11,0.003,209,wrong_paired,6
11,0.003,209,wrong_partner_unseen,6
11,0.003,210,right,250
11,0.003,210,wrong_partner_unseen,5
11,0.003,211,right,220
11,0.003,211,wrong_paired,2
11,0.003,211,wrong_partner_unseen,7
11,0.003,212,right,214
11,0.003,212,wrong_paired,3
11,0.003,212,wrong_partner_unseen,8
11,0.003,213,right,237
11,0.003,213,wrong_partner_unseen,3
11,0.003,214,right,210
11,0.003,214,wrong_paired,5
11,0.003,214,wrong_partner_unseen,5
11,0.003,215,right,217
11,0.003,215,wrong_paired,3
11,0.003,215,wrong_partner_unseen,4
11,0.003,216,right,173
11,0.003,216,wrong_paired,2
11,0.003,216,wrong_partner_unseen,3
11,0.003,217,right,197
11,0.003,217,wrong_paired,6
11,0.003,217,wrong_partner_unseen,4
11,0.003,218,right,190
11,0.003,218,wrong_paired,3
11,0.003,218,wrong_partner_unseen,4
11,0.003,219,right,166
11,0.003,219,wrong_paired,3
11,0.003,219,wrong_partner_unseen,2
11,0.003,220,right,191
11,0.003,220,wrong_paired,1
11,0.003,220,wrong_partner_unseen,3
11,0.003,221,right,157
11,0.003,221,wrong_paired,3
11,0.003,221,wrong_partner_unseen,2
11,0.003,222,right,156
11,0.003,222,wrong_paired,6
11,0.003,222,wrong_partner_unseen,2
11,0.003,223,right,145
11,0.003,223,wrong_paired,5
11,0.003,223,wrong_partner_unseen,3
11,0.003,224,right,141
11,0.003,224,wrong_paired,6
11,0.003,224,wrong_partner_unseen,2
11,0.003,225,right,131
11,0.003,225,wrong_paired,5
11,0.003,225,wrong_partner_unseen,3
11,0.003,226,right,131
11,0.003,226,wrong_paired,3
11,0.003,226,wrong_partner_unseen,6
11,0.003,227,right,116
11,0.003,227,wrong_paired,2
11,0.003,227,wrong_partner_unseen,2
11,0.003,228,right,114
11,0.003,228,wrong_paired,2
11,0.003,228,wrong_partner_unseen,4
11,0.003,229,right,99
11,0.003,229,wrong_paired,2
11,0.003,229,wrong_partner_unseen,3
11,0.003,230,right,107
11,0.003,230,wrong_paired,1
11,0.003,230,wrong_partner_unseen,6
11,0.003,231,right,100
11,0.003,231,wrong_paired,3
11,0.003,231,wrong_partner_unseen,4
11,0.003,232,right,79
11,0.003,232,wrong_paired,1
11,0.003,232,wrong_partner_unseen,1
11,0.003,233,right,77
11,0.003,233,wrong_paired,1
11,0.003,233,wrong_partner_unseen,2
11,0.003,234,right,79
11,0.003,234,wrong_paired,1
11,0.003,234,wrong_partner_unseen,1
11,0.003,235,right,83
11,0.003,235,wrong_paired,2
11,0.003,235,wrong_partner_unseen,3
11,0.003,236,right,55
11,0.003,236,wrong_paired,2
11,0.003,236,wrong_partner_unseen,1
11,0.003,237,right,65
11,0.003,237,wrong_paired,2
11,0.003,237,wrong_partner_unseen,1
11,0.003,238,right,58
11,0.003,238,wrong_paired,1
11,0.003,239,right,48
11,0.003,239,wrong_paired,1
11,0.003,239,wrong_partner_unseen,1
11,0.003,240,right,42
11,0.003,240,wrong_paired,2
11,0.003,240,wrong_partner_unseen,1
11,0.003,241,right,44
11,0.003,241,wrong_paired,2
11,0.003,241,wrong_partner_unseen,1
11,0.003,242,right,26
11,0.003,242,wrong_paired,1
11,0.003,242,wrong_partner_unseen,2
11,0.003,243,right,38
11,0.003,243,wrong_paired,2
11,0.003,243,wrong_partner_unseen,4
11,0.003,244,right,36
11,0.003,244,wrong_paired,1
11,0.003,244,wrong_partner_unseen,3
11,0.003,245,right,36
11,0.003,245,wrong_paired,1
11,0.003,246,right,28
11,0.003,246,wrong_partner_unseen,1
11,0.003,247,right,39
11,0.003,248,right,27
11,0.003,248,wrong_paired,1
11,0.003,248,wrong_partner_unseen,1
11,0.003,249,right,22
11,0.003,250,right,28
11,0.003,251,right,19
11,0.003,251,wrong_paired,2
11,0.003,251,wrong_partner_unseen,2
11,0.003,252,right,24
11,0.003,252,wrong_paired,1
11,0.003,252,wrong_partner_unseen,2
11,0.003,253,right,13
11,0.003,253,wrong_partner_unseen,1
11,0.003,254,right,9
11,0.003,255,right,12
11,0.003,255,wrong_paired,1
11,0.003,256,right,10
11,0.003,257,right,13
11,0.003,257,wrong_paired,1
11,0.003,258,right,8
11,0.003,258,wrong_paired,1
11,0.003,259,right,10
11,0.003,260,right,6
11,0.003,260,wrong_paired,1
11,0.003,260,wrong_partner_unseen,1
11,0.003,261,right,8
11,0.003,262,right,7
11,0.003,263,right,8
11,0.003,263,wrong_partner_unseen,1
11,0.003,264,right,6
11,0.003,264,wrong_partner_unseen,1
11,0.003,265,right,8
11,0.003,266,right,4
11,0.003,267,right,6
11,0.003,268,right,4
11,0.003,269,right,1
11,0.003,270,right,3
11,0.003,271,right,1
11,0.003,271,wrong_paired,1
11,0.003,271,wrong_partner_unseen,1
11,0.003,272,right,4
11,0.003,274,right,2
11,0.003,275,right,1
11,0.003,278,right,1
11,0.003,279,right,2
11,0.003,280,wrong_paired,1
11,0.003,283,right,2
11,0.003,284,right,1
11,0.003,285,right,1
11,0.004,0,right,14
11,0.004,1,right,22
11,0.004,2,right,60
11,0.004,2,wrong_paired,2
11,0.004,3,right,77
11,0.004,3,wrong_paired,1
11,0.004,4,right,82
11,0.004,4,wrong_paired,1
11,0.004,5,right,122
11,0.004,5,wrong_paired,1
11,0.004,6,right,131
11,0.004,6,wrong_paired,1
11,0.004,7,right,124
11,0.004,7,wrong_paired,1
11,0.004,8,right,113
11,0.004,8,wrong_alone,1
11,0.004,8,wrong_paired,6
11,0.004,9,right,104
11,0.004,9,wrong_paired,2
11,0.004,10,right,114
11,0.004,10,wrong_paired,1
11,0.004,11,right,76
11,0.004,11,wrong_paired,3
11,0.004,12,right,60
11,0.004,12,wrong_alone,1
11,0.004,12,wrong_paired,1
11,0.004,13,right,58
11,0.004,14,right,38
11,0.004,14,wrong_paired,2
11,0.004,15,right,32
11,0.004,15,wrong_paired,1
11,0.004,16,right,15
11,0.004,17,right,20
11,0.004,17,wrong_paired,2
11,0.004,18,right,12
11,0.004,19,right,5
11,0.004,20,right,6
11,0.004,21,right,2
11,0.004,22,right,1
11,0.004,23,right,1
11,0.004,24,right,2
11,0.004,44,right,1
11,0.004,50,right,1
11,0.004,52,right,1
11,0.004,57,right,2
11,0.004,58,right,3
11,0.004,60,right,2
11,0.004,61,right,3
11,0.004,62,right,4
11,0.004,63,right,2
11,0.004,64,right,3
11,0.004,65,right,6
11,0.004,66,right,14
11,0.004,67,right,4
11,0.004,68,right,14
11,0.004,69,right,7
11,0.004,70,right,9
11,0.004,71,right,14
11,0.004,72,right,14
11,0.004,73,right,16
11,0.004,73,wrong_paired,1
11,0.004,74,right,16
11,0.004,75,right,22
11,0.004,76,right,15
11,0.004,76,wrong_paired,1
11,0.004,77,right,29
11,0.004,77,wrong_partner_unseen,1
11,0.004,78,right,22
11,0.004,79,right,39
11,0.004,80,right,19
11,0.004,81,right,33
11,0.004,81,wrong_paired,1
11,0.004,82,right,40
11,0.004,82,wrong_paired,1
11,0.004,83,right,35
11,0.004,83,wrong_paired,1
11,0.004,84,right,38
11,0.004,84,wrong_paired,1
11,0.004,84,wrong_partner_unseen,1
11,0.004,85,right,39
11,0.004,85,wrong_paired,2
11,0.004,86,right,41
11,0.004,86,wrong_paired,1
11,0.004,87,right,39
11,0.004,88,right,41
11,0.004,88,wrong_partner_unseen,1
11,0.004,89,right,42
11,0.004,90,right,35
11,0.004,90,wrong_paired,1
11,0.004,91,right,58
11,0.004,91,wrong_partner_unseen,2
11,0.004,92,right,41
11,0.004,92,wrong_paired,3
11,0.004,92,wrong_partner_unseen,1
11,0.004,93,right,47
11,0.004,93,wrong_paired,4
11,0.004,94,right,44
11,0.004,94,wrong_paired,1
11,0.004,94,wrong_partner_unseen,1
11,0.004,95,right,50
11,0.004,95,wrong_paired,2
11,0.004,95,wrong_partner_unseen,1
11,0.004,96,right,48
11,0.004,96,wrong_paired,2
11,0.004,96,wrong_partner_unseen,2
11,0.004,97,right,40
11,0.004,97,wrong_paired,1
11,0.004,97,wrong_partner_unseen,1
11,0.004,98,right,42
11,0.004,98,wrong_paired,1
11,0.004,98,wrong_partner_unseen,1
11,0.004,99,right,48
11,0.004,99,wrong_paired,1
11,0.004,99,wrong_partner_unseen,1
11,0.004,100,right,48
11,0.004,101,right,44
11,0.004,102,right,47
11,0.004,102,wrong_paired,1
11,0.004,103,right,48
11,0.004,103,wrong_paired,1
11,0.004,104,right,37
11,0.004,104,wrong_paired,1
11,0.004,104,wrong_partner_unseen,2
11,0.004,105,right,30
11,0.004,106,right,37
11,0.004,106,wrong_paired,1
11,0.004,107,right,27
11,0.004,107,wrong_partner_unseen,1
11,0.004,108,right,40
11,0.004,108,wrong_paired,1
11,0.004,109,right,28
11,0.004,109,wrong_partner_unseen,1
11,0.004,110,right,34
11,0.004,111,right,25
11,0.004,111,wrong_partner_unseen,1
11,0.004,112,right,31
11,0.004,113,right,28
11,0.004,114,right,23
11,0.004,115,right,16
11,0.004,115,wrong_paired,1
11,0.004,115,wrong_partner_unseen,1
11,0.004,116,right,17
11,0.004,117,right,27
11,0.004,118,right,19
11,0.004,119,right,16
11,0.004,119,wrong_paired,1
11,0.004,120,right,18
11,0.004,121,right,15
11,0.004,122,right,17
11,0.004,123,right,17
11,0.004,123,wrong_partner_unseen,2
11,0.004,124,right,14
11,0.004,125,right,21
11,0.004,126,right,17
11,0.004,126,wrong_paired,1
11,0.004,127,right,23
11,0.004,127,wrong_partner_unseen,1
11,0.004,128,right,24
11,0.004,128,wrong_paired,1
11,0.004,129,right,25
11,0.004,130,right,16
11,0.004,130,wrong_paired,1
11,0.004,131,right,29
11,0.004,132,right,28
11,0.004,133,right,26
11,0.004,133,wrong_paired,1
11,0.004,134,right,26
11,0.004,135,right,34
11,0.004,136,right,40
11,0.004,137,right,39
11,0.004,137,wrong_paired,1
11,0.004,138,right,54
11,0.004,138,wrong_paired,2
11,0.004,138,wrong_partner_unseen,1
11,0.004,139,right,47
11,0.004,139,wrong_paired,2
11,0.004,140,right,37
11,0.004,140,wrong_paired,1
11,0.004,141,right,59
11,0.004,141,wrong_paired,1
11,0.004,141,wrong_partner_unseen,1
11,0.004,142,right,55
11,0.004,142,wrong_paired,1
11,0.004,143,right,64
11,0.004,144,right,54
11,0.004,145,right,77
11,0.004,145,wrong_paired,4
11,0.004,146,right,87
11,0.004,146,wrong_alone,1
11,0.004,146,wrong_paired,3
11,0.004,147,right,92
11,0.004,147,wrong_paired,3
11,0.004,148,right,91
11,0.004,148,wrong_paired,1
11,0.004,149,right,102
11,0.004,149,wrong_paired,4
11,0.004,150,right,93
11,0.004,150,wrong_paired,4
11,0.004,151,right,88
11,0.004,151,wrong_alone,1
11,0.004,151,wrong_paired,3
11,0.004,152,right,113
11,0.004,152,wrong_paired,3
11,0.004,153,right,122
11,0.004,153,wrong_paired,4
11,0.004,154,right,119
11,0.004,155,right,100
11,0.004,155,wrong_paired,7
11,0.004,156,right,124
11,0.004,156,wrong_paired,1
11,0.004,157,right,120
11,0.004,157,wrong_paired,4
11,0.004,158,right,125
11,0.004,158,wrong_paired,3
11,0.004,159,right,126
11,0.004,159,wrong_paired,7
11,0.004,160,right,144
11,0.004,160,wrong_paired,3
11,0.004,160,wrong_partner_unseen,3
11,0.004,161,right,149
11,0.004,161,wrong_paired,8
11,0.004,162,right,131
11,0.004,162,wrong_alone,1
11,0.004,162,wrong_paired,3
11,0.004,163,right,153
11,0.004,163,wrong_paired,5
11,0.004,164,right,160
11,0.004,164,wrong_alone,1
11,0.004,164,wrong_paired,5
11,0.004,165,right,132
11,0.004,165,wrong_paired,6
11,0.004,166,right,136
11,0.004,166,wrong_alone,1
11,0.004,166,wrong_paired,5
11,0.004,166,wrong_partner_unseen,1
11,0.004,167,right,147
11,0.004,167,wrong_paired,7
11,0.004,168,right,136
11,0.004,168,wrong_alone,1
11,0.004,168,wrong_paired,4
11,0.004,169,right,131
11,0.004,169,wrong_paired,6
11,0.004,169,wrong_partner_unseen,1
11,0.004,170,right,145
11,0.004,170,wrong_paired,5
11,0.004,171,right,164
11,0.004,171,wrong_alone,2
11,0.004,171,wrong_paired,7
11,0.004,172,right,151
11,0.004,172,wrong_paired,8
11,0.004,173,right,139
11,0.004,173,wrong_paired,3
11,0.004,174,right,129
11,0.004,174,wrong_alone,1
11,0.004,174,wrong_paired,4
11,0.004,175,right,139
11,0.004,175,wrong_paired,4
11,0.004,175,wrong_partner_unseen,2
11,0.004,176,right,146
11,0.004,176,wrong_paired,2
11,0.004,176,wrong_partner_unseen,1
11,0.004,177,right,154
11,0.004,177,wrong_paired,3
11,0.004,178,right,144
11,0.004,178,wrong_paired,5
11,0.004,178,wrong_partner_unseen,1
11,0.004,179,right,147
11,0.004,179,wrong_paired,9
11,0.004,180,right,131
11,0.004,180,wrong_paired,8
11,0.004,181,right,128
11,0.004,181,wrong_paired,6
11,0.004,181,wrong_partner_unseen,1
11,0.004,182,right,115
11,0.004,182,wrong_paired,5
11,0.004,183,right,99
11,0.004,183,wrong_paired,2
11,0.004,183,wrong_partner_unseen,1
11,0.004,184,right,121
11,0.004,184,wrong_paired,8
11,0.004,185,right,106
11,0.004,185,wrong_paired,5
11,0.004,186,right,101
11,0.004,186,wrong_paired,1
11,0.004,187,right,102
11,0.004,187,wrong_paired,4
11,0.004,188,right,115
11,0.004,188,wrong_paired,4
11,0.004,189,right,100
11,0.004,189,wrong_alone,1
11,0.004,189,wrong_paired,6
11,0.004,190,right,73
11,0.004,190,wrong_paired,2
11,0.004,191,right,90
11,0.004,191,wrong_paired,5
11,0.004,191,wrong_partner_unseen,1
11,0.004,192,right,79
11,0.004,192,wrong_paired,5
11,0.004,192,wrong_partner_unseen,1
11,0.004,193,right,65
11,0.004,193,wrong_paired,2
11,0.004,194,right,60
11,0.004,194,wrong_paired,4
11,0.004,195,right,76
11,0.004,195,wrong_paired,3
11,0.004,196,right,70
11,0.004,196,wrong_paired,1
11,0.004,197,right,48
11,0.004,198,right,57
11,0.004,198,wrong_paired,1
11,0.004,199,right,46
11,0.004,199,wrong_paired,2
11,0.004,199,wrong_partner_unseen,1
11,0.004,200,right,43
11,0.004,200,wrong_alone,1
11,0.004,200,wrong_paired,1
11,0.004,201,right,56
11,0.004,201,wrong_paired,3
11,0.004,202,right,47
11,0.004,202,wrong_paired,1
11,0.004,203,right,57
11,0.004,203,wrong_paired,2
11,0.004,204,right,36
11,0.004,204,wrong_paired,3
11,0.004,205,right,30
11,0.004,205,wrong_paired,2
11,0.004,205,wrong_partner_unseen,1
11,0.004,206,right,38
11,0.004,206,wrong_paired,4
11,0.004,207,right,33
11,0.004,207,wrong_paired,1
11,0.004,208,right,36
11,0.004,208,wrong_paired,1
11,0.004,209,right,29
11,0.004,209,wrong_paired,3
11,0.004,210,right,21
11,0.004,210,wrong_paired,3
11,0.004,211,right,22
11,0.004,211,wrong_paired,1
11,0.004,212,right,19
11,0.004,212,wrong_paired,2
11,0.004,213,right,19
11,0.004,213,wrong_paired,1
11,0.004,214,right,24
11,0.004,214,wrong_paired,2
11,0.004,215,right,33
11,0.004,216,right,22
11,0.004,216,wrong_paired,1
11,0.004,217,right,14
11,0.004,218,right,14
11,0.004,218,wrong_paired,2
11,0.004,219,right,20
11,0.004,219,wrong_paired,1
11,0.004,220,right,16
11,0.004,221,right,11
11,0.004,221,wrong_paired,1
11,0.004,222,right,18
11,0.004,222,wrong_partner_unseen,1
11,0.004,223,right,15
11,0.004,223,wrong_paired,1
11,0.004,224,right,21
11,0.004,224,wrong_partner_unseen,1
11,0.004,225,right,18
11,0.004,226,right,10
11,0.004,226,wrong_paired,1
11,0.004,227,right,19
11,0.004,228,right,21
11,0.004,228,wrong_partner_unseen,1
11,0.004,229,right,17
11,0.004,229,wrong_paired,1
11,0.004,230,right,12
11,0.004,230,wrong_paired,1
11,0.004,231,right,16
11,0.004,232,right,20
11,0.004,232,wrong_paired,2
11,0.004,232,wrong_partner_unseen,2
11,0.004,233,right,24
11,0.004,233,wrong_partner_unseen,1
11,0.004,234,right,28
11,0.004,235,right,15
11,0.004,235,wrong_paired,1
11,0.004,235,wrong_partner_unseen,1
11,0.004,236,right,29
11,0.004,236,wrong_paired,1
11,0.004,236,wrong_partner_unseen,1
11,0.004,237,right,14
11,0.004,237,wrong_partner_unseen,1
11,0.004,238,right,21
11,0.004,238,wrong_paired,1
11,0.004,239,right,18
11,0.004,239,wrong_paired,4
11,0.004,239,wrong_partner_unseen,1
11,0.004,240,right,30
11,0.004,240,wrong_paired,1
11,0.004,240,wrong_partner_unseen,1
11,0.004,241,right,13
11,0.004,241,wrong_paired,1
11,0.004,242,right,29
11,0.004,243,right,27
11,0.004,243,wrong_partner_unseen,1
11,0.004,244,right,25
11,0.004,244,wrong_paired,1
11,0.004,244,wrong_partner_unseen,1
11,0.004,245,right,26
11,0.004,245,wrong_partner_unseen,1
11,0.004,246,right,42
11,0.004,246,wrong_paired,1
11,0.004,247,right,22
11,0.004,247,wrong_paired,1
11,0.004,247,wrong_partner_unseen,3
11,0.004,248,right,22
11,0.004,248,wrong_paired,1
11,0.004,248,wrong_partner_unseen,1
11,0.004,249,right,27
11,0.004,249,wrong_paired,2
11,0.004,250,right,29
11,0.004,250,wrong_paired,2
11,0.004,251,right,22
11,0.004,251,wrong_paired,2
11,0.004,251,wrong_partner_unseen,1
11,0.004,252,right,23
11,0.004,252,wrong_partner_unseen,2
11,0.004,253,right,25
11,0.004,253,wrong_paired,1
11,0.004,253,wrong_partner_unseen,1
11,0.004,254,right,32
11,0.004,254,wrong_partner_unseen,1
11,0.004,255,right,20
11,0.004,255,wrong_paired,1
11,0.004,256,right,31
11,0.004,256,wrong_partner_unseen,3
11,0.004,257,right,27
11,0.004,258,right,46
11,0.004,259,right,22
11,0.004,259,wrong_paired,1
11,0.004,259,wrong_partner_unseen,1
11,0.004,260,right,34
11,0.004,261,right,29
11,0.004,262,right,38
11,0.004,263,right,28
11,0.004,263,wrong_partner_unseen,1
11,0.004,264,right,22
11,0.004,264,wrong_paired,1
11,0.004,265,right,38
11,0.004,265,wrong_paired,1
11,0.004,265,wrong_partner_unseen,1
11,0.004,266,right,30
11,0.004,266,wrong_partner_unseen,1
11,0.004,267,right,22
11,0.004,268,right,23
11,0.004,268,wrong_paired,2
11,0.004,269,right,28
11,0.004,269,wrong_paired,1
11,0.004,269,wrong_partner_unseen,1
11,0.004,270,right,21
11,0.004,271,right,24
11,0.004,271,wrong_paired,2
11,0.004,272,right,30
11,0.004,272,wrong_paired,2
11,0.004,272,wrong_partner_unseen,1
11,0.004,273,right,29
11,0.004,273,wrong_paired,2
11,0.004,273,wrong_partner_unseen,1
11,0.004,274,right,25
11,0.004,274,wrong_paired,1
11,0.004,274,wrong_partner_unseen,2
11,0.004,275,right,17
11,0.004,275,wrong_paired,1
11,0.004,276,right,28
11,0.004,276,wrong_paired,1
11,0.004,276,wrong_partner_unseen,1
11,0.004,277,right,31
11,0.004,277,wrong_paired,1
11,0.004,277,wrong_partner_unseen,5
11,0.004,278,right,20
11,0.004,278,wrong_partner_unseen,1
11,0.004,279,right,24
11,0.004,280,right,20
11,0.004,281,right,24
11,0.004,281,wrong_paired,1
11,0.004,281,wrong_partner_unseen,1
11,0.004,282,right,22
11,0.004,283,right,17
11,0.004,283,wrong_paired,1
11,0.004,283,wrong_partner_unseen,1
11,0.004,284,right,14
11,0.004,285,right,18
11,0.004,285,wrong_paired,2
11,0.004,286,right,16
11,0.004,287,right,10
11,0.004,287,wrong_paired,2
11,0.004,287,wrong_partner_unseen,1
11,0.004,288,right,15
11,0.004,288,wrong_paired,1
11,0.004,288,wrong_partner_unseen,1
11,0.004,289,right,21
11,0.004,289,wrong_partner_unseen,2
11,0.004,290,right,23
11,0.004,290,wrong_paired,1
11,0.004,290,wrong_partner_unseen,2
11,0.004,291,right,13
11,0.004,292,right,6
11,0.004,293,right,11
11,0.004,294,right,11
11,0.004,294,wrong_paired,1
11,0.004,295,right,10
11,0.004,295,wrong_paired,1
11,0.004,296,right,9
11,0.004,296,wrong_paired,1
11,0.004,297,right,5
11,0.004,297,wrong_paired,2
11,0.004,297,wrong_partner_unseen,1
11,0.004,298,right,13
11,0.004,299,right,6
11,0.004,300,right,9
11,0.004,300,wrong_partner_unseen,2
11,0.004,301,right,4
11,0.004,302,right,7
11,0.004,303,right,6
11,0.004,303,wrong_partner_unseen,1
11,0.004,304,right,7
11,0.004,305,right,4
11,0.004,305,wrong_paired,1
11,0.004,306,right,3
11,0.004,307,right,6
11,0.004,308,right,2
11,0.004,309,right,2
11,0.004,309,wrong_partner_unseen,1
11,0.004,310,right,5
11,0.004,311,right,2
11,0.004,312,right,3
11,0.004,313,right,3
11,0.004,314,right,7
11,0.004,314,wrong_paired,1
11,0.004,315,right,3
11,0.004,316,right,3
11,0.004,317,right,1
11,0.004,317,wrong_partner_unseen,1
11,0.004,318,right,1
11,0.004,319,right,2
11,0.004,319,wrong_partner_unseen,1
11,0.004,320,right,2
11,0.004,322,right,2
11,0.004,323,right,1
11,0.004,324,right,1
11,0.004,325,right,3
11,0.004,326,right,2
11,0.004,327,right,1
11,0.004,328,right,2
11,0.004,329,right,2
11,0.004,330,right,2
11,0.004,331,wrong_paired,1
11,0.004,332,right,2
11,0.004,333,right,1
11,0.004,334,right,1
11,0.004,336,right,1
11,0.004,337,right,1
11,0.004,355,right,1
11,0.005,2,right,3
11,0.005,3,right,6
11,0.005,4,right,4
11,0.005,5,right,11
11,0.005,5,wrong_paired,1
11,0.005,6,right,16
11,0.005,6,wrong_paired,1
11,0.005,7,right,16
11,0.005,8,right,17
11,0.005,9,right,16
11,0.005,10,right,18
11,0.005,11,right,19
11,0.005,11,wrong_paired,2
11,0.005,12,right,12
11,0.005,12,wrong_paired,1
11,0.005,13,right,11
11,0.005,14,right,13
11,0.005,15,right,8
11,0.005,15,wrong_paired,1
11,0.005,16,right,6
11,0.005,17,right,2
11,0.005,18,right,6
11,0.005,19,right,2
11,0.005,20,right,1
11,0.005,21,right,3
11,0.005,22,right,1
11,0.005,24,right,1
11,0.005,78,right,1
11,0.005,81,right,1
11,0.005,84,right,3
11,0.005,85,right,1
11,0.005,86,right,1
11,0.005,87,right,2
11,0.005,88,right,2
11,0.005,89,right,6
11,0.005,90,right,1
11,0.005,91,right,2
11,0.005,92,right,1
11,0.005,93,right,3
11,0.005,94,right,4
11,0.005,95,right,4
11,0.005,96,right,2
11,0.005,97,right,3
11,0.005,98,right,5
11,0.005,98,wrong_paired,2
11,0.005,99,right,4
11,0.005,100,right,1
11,0.005,101,right,5
11,0.005,102,right,9
11,0.005,102,wrong_paired,1
11,0.005,102,wrong_partner_unseen,1
11,0.005,103,right,11
11,0.005,104,right,9
11,0.005,105,right,8
11,0.005,106,right,3
11,0.005,107,right,9
11,0.005,108,right,12
11,0.005,109,right,12
11,0.005,109,wrong_partner_unseen,1
11,0.005,110,right,9
11,0.005,111,right,13
11,0.005,112,right,5
11,0.005,112,wrong_paired,1
11,0.005,112,wrong_partner_unseen,1
11,0.005,113,right,8
11,0.005,113,wrong_partner_unseen,1
11,0.005,114,right,2
11,0.005,114,wrong_partner_unseen,1
11,0.005,115,right,9
11,0.005,115,wrong_paired,1
11,0.005,115,wrong_partner_unseen,2
11,0.005,116,right,10
11,0.005,117,right,11
11,0.005,118,right,11
11,0.005,119,right,14
11,0.005,120,right,10
11,0.005,121,right,11
11,0.005,121,wrong_paired,1
11,0.005,122,right,14
11,0.005,123,right,12
11,0.005,124,right,7
11,0.005,125,right,9
11,0.005,126,right,9
11,0.005,127,right,10
11,0.005,128,right,13
11,0.005,129,right,6
11,0.005,130,right,8
11,0.005,131,right,6
11,0.005,132,right,6
11,0.005,133,right,5
11,0.005,134,right,4
11,0.005,135,right,5
11,0.005,136,right,5
11,0.005,137,right,6
11,0.005,138,right,1
11,0.005,139,right,4
11,0.005,140,right,3
11,0.005,141,right,5
11,0.005,141,wrong_paired,1
11,0.005,142,right,4
11,0.005,143,right,3
11,0.005,144,right,2
11,0.005,145,right,2
11,0.005,146,right,1
11,0.005,147,right,1
11,0.005,149,right,1
11,0.005,150,right,2
11,0.005,151,right,4
11,0.005,151,wrong_partner_unseen,1
11,0.005,152,right,1
11,0.005,155,right,1
11,0.005,156,right,4
11,0.005,156,wrong_paired,1
11,0.005,157,right,2
11,0.005,158,right,2
11,0.005,161,right,5
11,0.005,163,right,1
11,0.005,164,right,6
11,0.005,165,right,2
11,0.005,166,right,6
11,0.005,167,right,1
11,0.005,168,right,7
11,0.005,169,right,3
11,0.005,170,right,4
11,0.005,171,right,3
11,0.005,172,right,5
11,0.005,173,right,7
11,0.005,174,right,9
11,0.005,175,right,8
11,0.005,176,right,10
11,0.005,177,right,6
11,0.005,178,right,11
11,0.005,179,right,15
11,0.005,179,wrong_paired,1
11,0.005,180,right,12
11,0.005,181,right,11
11,0.005,182,right,10
11,0.005,182,wrong_paired,2
11,0.005,183,right,11
11,0.005,183,wrong_paired,1
11,0.005,184,right,13
11,0.005,184,wrong_paired,1
11,0.005,185,right,18
11,0.005,186,right,18
11,0.005,186,wrong_paired,2
11,0.005,187,right,11
11,0.005,188,right,11
11,0.005,188,wrong_paired,1
11,0.005,189,right,21
11,0.005,190,right,27
11,0.005,190,wrong_paired,1
11,0.005,191,right,14
11,0.005,191,wrong_paired,1
11,0.005,192,right,17
11,0.005,192,wrong_paired,1
11,0.005,193,right,19
11,0.005,193,wrong_paired,1
11,0.005,194,right,21
11,0.005,194,wrong_paired,2
11,0.005,195,right,24
11,0.005,196,right,17
11,0.005,197,right,26
11,0.005,198,right,24
11,0.005,199,right,30
11,0.005,199,wrong_paired,1
11,0.005,200,right,15
11,0.005,201,right,18
11,0.005,202,right,17
11,0.005,203,right,20
11,0.005,204,right,16
11,0.005,204,wrong_paired,1
11,0.005,205,right,24
11,0.005,205,wrong_paired,1
11,0.005,206,right,25
11,0.005,207,right,27
11,0.005,207,wrong_paired,2
11,0.005,208,right,24
11,0.005,209,right,20
11,0.005,209,wrong_paired,3
11,0.005,210,right,24
11,0.005,210,wrong_paired,3
11,0.005,211,right,16
11,0.005,211,wrong_paired,2
11,0.005,212,right,26
11,0.005,212,wrong_paired,2
11,0.005,213,right,19
11,0.005,214,right,23
11,0.005,215,right,25
11,0.005,215,wrong_paired,2
11,0.005,216,right,19
11,0.005,217,right,24
11,0.005,217,wrong_paired,1
11,0.005,218,right,19
11,0.005,219,right,19
11,0.005,219,wrong_paired,1
11,0.005,220,right,18
11,0.005,220,wrong_paired,3
11,0.005,221,right,22
11,0.005,222,right,20
11,0.005,223,right,21
11,0.005,224,right,17
11,0.005,225,right,21
11,0.005,225,wrong_alone,1
11,0.005,226,right,20
11,0.005,227,right,22
11,0.005,227,wrong_paired,1
11,0.005,228,right,18
11,0.005,229,right,12
11,0.005,230,right,11
11,0.005,230,wrong_paired,1
11,0.005,231,right,11
11,0.005,231,wrong_paired,1
11,0.005,232,right,22
11,0.005,233,right,11
11,0.005,233,wrong_paired,1
11,0.005,234,right,17
11,0.005,235,right,16
11,0.005,235,wrong_paired,2
11,0.005,236,right,9
11,0.005,237,right,3
11,0.005,237,wrong_paired,1
11,0.005,238,right,10
11,0.005,239,right,8
11,0.005,240,right,6
11,0.005,240,wrong_paired,1
11,0.005,241,right,13
11,0.005,242,right,9
11,0.005,243,right,8
11,0.005,243,wrong_paired,1
11,0.005,244,right,7
11,0.005,245,right,11
11,0.005,245,wrong_paired,1
11,0.005,246,right,4
11,0.005,247,right,9
11,0.005,248,right,4
11,0.005,248,wrong_paired,1
11,0.005,249,right,6
11,0.005,250,right,2
11,0.005,251,right,11
11,0.005,252,right,1
11,0.005,253,right,6
11,0.005,253,wrong_paired,2
11,0.005,254,right,5
11,0.005,255,right,3
11,0.005,256,right,4
11,0.005,257,right,5
11,0.005,257,wrong_paired,1
11,0.005,258,right,6
11,0.005,259,right,5
11,0.005,260,right,4
11,0.005,261,right,4
11,0.005,262,right,1
11,0.005,263,right,2
11,0.005,264,right,1
11,0.005,264,wrong_paired,1
11,0.005,265,right,1
11,0.005,266,right,2
11,0.005,267,right,1
11,0.005,268,right,1
11,0.005,269,right,1
11,0.005,270,right,1
11,0.005,271,right,4
11,0.005,272,right,7
11,0.005,272,wrong_partner_unseen,1
11,0.005,273,right,3
11,0.005,274,right,1
11,0.005,275,right,3
11,0.005,277,right,3
11,0.005,278,right,2
11,0.005,279,right,1
11,0.005,280,right,3
11,0.005,280,wrong_paired,2
11,0.005,281,right,4
11,0.005,282,right,3
11,0.005,284,right,1
11,0.005,284,wrong_partner_unseen,1
11,0.005,285,right,4
11,0.005,286,right,4
11,0.005,288,right,3
11,0.005,289,right,1
11,0.005,291,wrong_paired,1
11,0.005,292,right,2
11,0.005,293,right,3
11,0.005,294,right,5
11,0.005,295,right,6
11,0.005,295,wrong_paired,1
11,0.005,296,right,4
11,0.005,297,right,8
11,0.005,297,wrong_paired,1
11,0.005,298,right,4
11,0.005,299,right,1
11,0.005,300,right,3
11,0.005,301,right,1
11,0.005,301,wrong_paired,1
11,0.005,302,right,2
11,0.005,303,right,4
11,0.005,304,right,3
11,0.005,305,right,6
11,0.005,306,right,6
11,0.005,306,wrong_paired,1
11,0.005,307,right,4
11,0.005,308,right,5
11,0.005,308,wrong_paired,1
11,0.005,309,right,4
11,0.005,309,wrong_partner_unseen,1
11,0.005,310,right,6
11,0.005,311,right,6
11,0.005,312,right,6
11,0.005,312,wrong_partner_unseen,1
11,0.005,313,right,2
11,0.005,314,right,4
11,0.005,315,right,1
11,0.005,315,wrong_paired,1
11,0.005,316,right,5
11,0.005,317,right,5
11,0.005,318,right,6
11,0.005,318,wrong_paired,1
11,0.005,319,right,6
11,0.005,320,right,8
11,0.005,321,right,8
11,0.005,321,wrong_partner_unseen,1
11,0.005,322,right,3
11,0.005,323,right,8
11,0.005,323,wrong_paired,2
11,0.005,324,right,2
11,0.005,325,right,5
11,0.005,326,right,4
11,0.005,327,right,7
11,0.005,327,wrong_partner_unseen,2
11,0.005,328,right,6
11,0.005,328,wrong_paired,1
11,0.005,329,right,5
11,0.005,329,wrong_partner_unseen,1
11,0.005,330,right,6
11,0.005,331,right,3
11,0.005,331,wrong_paired,1
11,0.005,332,right,4
11,0.005,332,wrong_paired,2
11,0.005,333,right,4
11,0.005,334,right,3
11,0.005,335,right,5
11,0.005,335,wrong_partner_unseen,1
11,0.005,336,right,5
11,0.005,337,right,3
11,0.005,338,right,7
11,0.005,339,right,6
11,0.005,339,wrong_partner_unseen,1
11,0.005,340,right,3
11,0.005,341,right,5
11,0.005,341,wrong_partner_unseen,1
11,0.005,342,right,4
11,0.005,343,right,8
11,0.005,344,right,5
11,0.005,345,right,2
11,0.005,347,right,2
11,0.005,348,right,4
11,0.005,348,wrong_paired,2
11,0.005,349,right,1
11,0.005,350,right,4
11,0.005,351,right,4
11,0.005,352,right,6
11,0.005,353,right,2
11,0.005,353,wrong_partner_unseen,1
11,0.005,354,right,1
11,0.005,355,right,1
11,0.005,355,wrong_paired,1
11,0.005,355,wrong_partner_unseen,1
11,0.005,356,right,3
11,0.005,357,right,2
11,0.005,358,right,1
11,0.005,359,right,1
11,0.005,360,right,2
11,0.005,361,right,3
11,0.005,361,wrong_partner_unseen,1
11,0.005,362,right,2
11,0.005,362,wrong_partner_unseen,1
11,0.005,364,right,1
11,0.005,365,right,3
11,0.005,366,right,2
11,0.005,367,right,1
11,0.005,370,right,1
11,0.005,372,right,2
11,0.005,373,right,1
11,0.005,386,right,1
11,0.005,386,wrong_partner_unseen,1
